{
  "type": "FeatureCollection",
  "crs": {
    "type": "name",
    "properties": {
      "name": "urn:ogc:def:crs:OGC:1.3:CRS84"
    }
  },
  "features": [
    {
      "type": "Feature",
      "id": "FE_001",
      "properties": {
        "feature_id": "FE_001",
        "survey_candidate": "200/1",
        "area": 1270.8,
        "feature_type": "Cadastral Boundary"
      },
      "geometry": {
        "type": "Polygon",
        "coordinates": [
          [
            [
              73.73781887170361,
              18.590854046169888
            ],
            [
              73.738009575697,
              18.59085396834301
            ],
            [
              73.73818495777793,
              18.590841770014286
            ],
            [
              73.73818813863103,
              18.591007190362774
            ],
            [
              73.73818244639978,
              18.5911536359122
            ],
            [
              73.73782473343987,
              18.59114459703211
            ],
            [
              73.73781887170361,
              18.590854046169888
            ]
          ]
        ]
      }
    },
    {
      "type": "Feature",
      "id": "FE_003",
      "properties": {
        "feature_id": "FE_003",
        "survey_candidate": "184/2",
        "area": 1541.0,
        "feature_type": "Cadastral Boundary"
      },
      "geometry": {
        "type": "Polygon",
        "coordinates": [
          [
            [
              73.73867822528302,
              18.590840533430022
            ],
            [
              73.73906480387711,
              18.590840533430022
            ],
            [
              73.73906480387711,
              18.59118106232534
            ],
            [
              73.73867822528302,
              18.59118106232534
            ],
            [
              73.73867822528302,
              18.590840533430022
            ]
          ]
        ]
      }
    },
    {
      "type": "Feature",
      "id": "FE_004",
      "properties": {
        "feature_id": "FE_004",
        "survey_candidate": "203/4",
        "area": 1323.2,
        "feature_type": "Cadastral Boundary"
      },
      "geometry": {
        "type": "Polygon",
        "coordinates": [
          [
            [
              73.73909216595081,
              18.590849306575638
            ],
            [
              73.73928238973767,
              18.59082427497979
            ],
            [
              73.73946788579609,
              18.59084655665599
            ],
            [
              73.73946462190803,
              18.591002021954893
            ],
            [
              73.73945547836018,
              18.591152640504887
            ],
            [
              73.73910625684182,
              18.59113985080061
            ],
            [
              73.73909216595081,
              18.590849306575638
            ]
          ]
        ]
      }
    },
    {
      "type": "Feature",
      "id": "FE_005",
      "properties": {
        "feature_id": "FE_005",
        "survey_candidate": "204/1",
        "area": 1353.6,
        "feature_type": "Cadastral Boundary"
      },
      "geometry": {
        "type": "Polygon",
        "coordinates": [
          [
            [
              73.73952375076256,
              18.590850459285566
            ],
            [
              73.73971817297688,
              18.59083668856
            ],
            [
              73.73988960878131,
              18.59084275778806
            ],
            [
              73.73989181456476,
              18.590996198292757
            ],
            [
              73.73989156190481,
              18.591157491098354
            ],
            [
              73.73953295203069,
              18.591163098680283
            ],
            [
              73.73952375076256,
              18.590850459285566
            ]
          ]
        ]
      }
    },
    {
      "type": "Feature",
      "id": "FE_006",
      "properties": {
        "feature_id": "FE_006",
        "survey_candidate": "205/2",
        "area": 1396.3,
        "feature_type": "Cadastral Boundary"
      },
      "geometry": {
        "type": "Polygon",
        "coordinates": [
          [
            [
              73.7399652423483,
              18.590845340765984
            ],
            [
              73.74013390747348,
              18.590821249905424
            ],
            [
              73.74032385696563,
              18.590855651829237
            ],
            [
              73.74032836060172,
              18.591004591415338
            ],
            [
              73.74031257313489,
              18.591162291477826
            ],
            [
              73.73996462330726,
              18.5911759828525
            ],
            [
              73.7399652423483,
              18.590845340765984
            ]
          ]
        ]
      }
    },
    {
      "type": "Feature",
      "id": "FE_007",
      "properties": {
        "feature_id": "FE_007",
        "survey_candidate": "206/3",
        "area": 1253.8,
        "feature_type": "Cadastral Boundary"
      },
      "geometry": {
        "type": "Polygon",
        "coordinates": [
          [
            [
              73.74039315841836,
              18.59085092547729
            ],
            [
              73.74056181744369,
              18.59085627546714
            ],
            [
              73.74074648694098,
              18.59084246008469
            ],
            [
              73.74076344329517,
              18.590994243042434
            ],
            [
              73.74073861090119,
              18.591146685754623
            ],
            [
              73.74038334752639,
              18.591142847665804
            ],
            [
              73.74039315841836,
              18.59085092547729
            ]
          ]
        ]
      }
    },
    {
      "type": "Feature",
      "id": "FE_008",
      "properties": {
        "feature_id": "FE_008",
        "survey_candidate": "207/4",
        "area": 1334.9,
        "feature_type": "Cadastral Boundary"
      },
      "geometry": {
        "type": "Polygon",
        "coordinates": [
          [
            [
              73.74080334082127,
              18.590847608674014
            ],
            [
              73.74099490571432,
              18.59085572196502
            ],
            [
              73.74117307786273,
              18.590848784390236
            ],
            [
              73.74118665575385,
              18.59100275115232
            ],
            [
              73.74116673779295,
              18.59115774330639
            ],
            [
              73.74080141597584,
              18.591152617988012
            ],
            [
              73.74080334082127,
              18.590847608674014
            ]
          ]
        ]
      }
    },
    {
      "type": "Feature",
      "id": "FE_009",
      "properties": {
        "feature_id": "FE_009",
        "survey_candidate": "208/1",
        "area": 1312.6,
        "feature_type": "Cadastral Boundary"
      },
      "geometry": {
        "type": "Polygon",
        "coordinates": [
          [
            [
              73.74123998848455,
              18.590848171203017
            ],
            [
              73.74141710355181,
              18.590836784831883
            ],
            [
              73.74160159916491,
              18.590840904323315
            ],
            [
              73.74158933799413,
              18.590996739463233
            ],
            [
              73.74160509350125,
              18.591146571709317
            ],
            [
              73.7412411065222,
              18.591164520199335
            ],
            [
              73.74123998848455,
              18.590848171203017
            ]
          ]
        ]
      }
    },
    {
      "type": "Feature",
      "id": "FE_010",
      "properties": {
        "feature_id": "FE_010",
        "survey_candidate": "209/2",
        "area": 1354.2,
        "feature_type": "Cadastral Boundary"
      },
      "geometry": {
        "type": "Polygon",
        "coordinates": [
          [
            [
              73.74165839152535,
              18.59084319630288
            ],
            [
              73.74184500714966,
              18.59084828854702
            ],
            [
              73.74202213440772,
              18.590854418604433
            ],
            [
              73.74204487190109,
              18.591005160870793
            ],
            [
              73.74202014036318,
              18.5911508851429
            ],
            [
              73.74165577123401,
              18.591162239205577
            ],
            [
              73.74165839152535,
              18.59084319630288
            ]
          ]
        ]
      }
    },
    {
      "type": "Feature",
      "id": "FE_011",
      "properties": {
        "feature_id": "FE_011",
        "survey_candidate": "210/3",
        "area": 1306.9,
        "feature_type": "Cadastral Boundary"
      },
      "geometry": {
        "type": "Polygon",
        "coordinates": [
          [
            [
              73.74209848948826,
              18.590853350703657
            ],
            [
              73.74227738885286,
              18.590854510416936
            ],
            [
              73.7424582310708,
              18.590850451106107
            ],
            [
              73.74245923099333,
              18.591001302314773
            ],
            [
              73.74246027584813,
              18.59114760203748
            ],
            [
              73.74208537411685,
              18.591166986236225
            ],
            [
              73.74209848948826,
              18.590853350703657
            ]
          ]
        ]
      }
    },
    {
      "type": "Feature",
      "id": "FE_012",
      "properties": {
        "feature_id": "FE_012",
        "survey_candidate": "211/4",
        "area": 1315.4,
        "feature_type": "Cadastral Boundary"
      },
      "geometry": {
        "type": "Polygon",
        "coordinates": [
          [
            [
              73.74251487838335,
              18.59084836796885
            ],
            [
              73.74270228826107,
              18.59083904436773
            ],
            [
              73.74288154535488,
              18.590844280921687
            ],
            [
              73.74285888993069,
              18.59099656670623
            ],
            [
              73.7428803885859,
              18.591146394958553
            ],
            [
              73.74251281805624,
              18.59116947979678
            ],
            [
              73.74251487838335,
              18.59084836796885
            ]
          ]
        ]
      }
    },
    {
      "type": "Feature",
      "id": "FE_013",
      "properties": {
        "feature_id": "FE_013",
        "survey_candidate": "212/1",
        "area": 1316.5,
        "feature_type": "Cadastral Boundary"
      },
      "geometry": {
        "type": "Polygon",
        "coordinates": [
          [
            [
              73.7429480445036,
              18.59085076425262
            ],
            [
              73.74313334141442,
              18.59086052688157
            ],
            [
              73.74330512788518,
              18.590840215034458
            ],
            [
              73.7433015790915,
              18.59100462067986
            ],
            [
              73.74331366101119,
              18.591160649327197
            ],
            [
              73.74294506720426,
              18.591172070773087
            ],
            [
              73.7429480445036,
              18.59085076425262
            ]
          ]
        ]
      }
    },
    {
      "type": "Feature",
      "id": "FE_014",
      "properties": {
        "feature_id": "FE_014",
        "survey_candidate": "213/2",
        "area": 1355.5,
        "feature_type": "Cadastral Boundary"
      },
      "geometry": {
        "type": "Polygon",
        "coordinates": [
          [
            [
              73.74338082758837,
              18.59085028492593
            ],
            [
              73.74355987535142,
              18.590836583324922
            ],
            [
              73.7437358542213,
              18.59084339858408
            ],
            [
              73.74374455690554,
              18.59100834459351
            ],
            [
              73.74372717311594,
              18.591152033917236
            ],
            [
              73.74336904218889,
              18.591170110370726
            ],
            [
              73.74338082758837,
              18.59085028492593
            ]
          ]
        ]
      }
    },
    {
      "type": "Feature",
      "id": "FE_015",
      "properties": {
        "feature_id": "FE_015",
        "survey_candidate": "214/3",
        "area": 1334.2,
        "feature_type": "Cadastral Boundary"
      },
      "geometry": {
        "type": "Polygon",
        "coordinates": [
          [
            [
              73.74380770349052,
              18.59084696000807
            ],
            [
              73.7439875953051,
              18.59082452577852
            ],
            [
              73.74415796541388,
              18.590837301874416
            ],
            [
              73.74415142034447,
              18.590991890856603
            ],
            [
              73.74416644498974,
              18.591151557027903
            ],
            [
              73.74379754331879,
              18.591159033825154
            ],
            [
              73.74380770349052,
              18.59084696000807
            ]
          ]
        ]
      }
    },
    {
      "type": "Feature",
      "id": "FE_016",
      "properties": {
        "feature_id": "FE_016",
        "survey_candidate": "215/4",
        "area": 1395.9,
        "feature_type": "Cadastral Boundary"
      },
      "geometry": {
        "type": "Polygon",
        "coordinates": [
          [
            [
              73.74422208187526,
              18.5908540189585
            ],
            [
              73.74439926841612,
              18.59082487936043
            ],
            [
              73.74459105155572,
              18.590843332154357
            ],
            [
              73.74459152402973,
              18.590997200531092
            ],
            [
              73.74458841238618,
              18.591157879312433
            ],
            [
              73.7442296743858,
              18.591168900277953
            ],
            [
              73.74422208187526,
              18.5908540189585
            ]
          ]
        ]
      }
    },
    {
      "type": "Feature",
      "id": "FE_017",
      "properties": {
        "feature_id": "FE_017",
        "survey_candidate": "216/1",
        "area": 1375.5,
        "feature_type": "Cadastral Boundary"
      },
      "geometry": {
        "type": "Polygon",
        "coordinates": [
          [
            [
              73.74466128091414,
              18.590843067771218
            ],
            [
              73.7448421375121,
              18.59082594449104
            ],
            [
              73.74501415194736,
              18.59084876914534
            ],
            [
              73.74502413650819,
              18.590996772119116
            ],
            [
              73.74501713707451,
              18.59115352849792
            ],
            [
              73.74465336385069,
              18.591167205783115
            ],
            [
              73.74466128091414,
              18.590843067771218
            ]
          ]
        ]
      }
    },
    {
      "type": "Feature",
      "id": "FE_018",
      "properties": {
        "feature_id": "FE_018",
        "survey_candidate": "217/2",
        "area": 1259.4,
        "feature_type": "Cadastral Boundary"
      },
      "geometry": {
        "type": "Polygon",
        "coordinates": [
          [
            [
              73.74507929300562,
              18.590854956520637
            ],
            [
              73.74526618071866,
              18.590855531627547
            ],
            [
              73.74543409478716,
              18.59085599277871
            ],
            [
              73.74542452385685,
              18.591005475182865
            ],
            [
              73.7454427245928,
              18.59115902777894
            ],
            [
              73.745085611144,
              18.59116803036949
            ],
            [
              73.74507929300562,
              18.590854956520637
            ]
          ]
        ]
      }
    },
    {
      "type": "Feature",
      "id": "FE_019",
      "properties": {
        "feature_id": "FE_019",
        "survey_candidate": "218/3",
        "area": 1331.0,
        "feature_type": "Cadastral Boundary"
      },
      "geometry": {
        "type": "Polygon",
        "coordinates": [
          [
            [
              73.74550746307443,
              18.590848195636514
            ],
            [
              73.74568702682159,
              18.590847311657036
            ],
            [
              73.74587488526916,
              18.590846081633046
            ],
            [
              73.74589413415582,
              18.591008770199736
            ],
            [
              73.74587432391621,
              18.59115012456675
            ],
            [
              73.74551444002181,
              18.591153237807266
            ],
            [
              73.74550746307443,
              18.590848195636514
            ]
          ]
        ]
      }
    },
    {
      "type": "Feature",
      "id": "FE_020",
      "properties": {
        "feature_id": "FE_020",
        "survey_candidate": "219/4",
        "area": 1322.1,
        "feature_type": "Cadastral Boundary"
      },
      "geometry": {
        "type": "Polygon",
        "coordinates": [
          [
            [
              73.74593746206314,
              18.590852368735682
            ],
            [
              73.74611013728801,
              18.590848950298767
            ],
            [
              73.74629709272058,
              18.590855050334447
            ],
            [
              73.74629002279879,
              18.59100185064216
            ],
            [
              73.74629618343275,
              18.59115046042381
            ],
            [
              73.74592840736582,
              18.591179106919732
            ],
            [
              73.74593746206314,
              18.590852368735682
            ]
          ]
        ]
      }
    },
    {
      "type": "Feature",
      "id": "FE_021",
      "properties": {
        "feature_id": "FE_021",
        "survey_candidate": "220/1",
        "area": 1257.2,
        "feature_type": "Cadastral Boundary"
      },
      "geometry": {
        "type": "Polygon",
        "coordinates": [
          [
            [
              73.73782150852416,
              18.59120632626023
            ],
            [
              73.7380055354185,
              18.591223237165938
            ],
            [
              73.73818162050948,
              18.591211104697273
            ],
            [
              73.73817056059569,
              18.591359179910732
            ],
            [
              73.73818249447758,
              18.59151184550059
            ],
            [
              73.73781508805287,
              18.591519924175365
            ],
            [
              73.73782150852416,
              18.59120632626023
            ]
          ]
        ]
      }
    },
    {
      "type": "Feature",
      "id": "FE_022",
      "properties": {
        "feature_id": "FE_022",
        "survey_candidate": "221/2",
        "area": 1312.3,
        "feature_type": "Cadastral Boundary"
      },
      "geometry": {
        "type": "Polygon",
        "coordinates": [
          [
            [
              73.73824034616568,
              18.59120194845194
            ],
            [
              73.73843103368397,
              18.59118569340498
            ],
            [
              73.73860011750399,
              18.591201670601215
            ],
            [
              73.73860903690888,
              18.591359615652056
            ],
            [
              73.73861040778955,
              18.59150658961758
            ],
            [
              73.73823721968483,
              18.59149018082814
            ],
            [
              73.73824034616568,
              18.59120194845194
            ]
          ]
        ]
      }
    },
    {
      "type": "Feature",
      "id": "FE_023",
      "properties": {
        "feature_id": "FE_023",
        "survey_candidate": "222/3",
        "area": 1280.7,
        "feature_type": "Cadastral Boundary"
      },
      "geometry": {
        "type": "Polygon",
        "coordinates": [
          [
            [
              73.73868545584261,
              18.591210562759603
            ],
            [
              73.73885773781372,
              18.591216539206336
            ],
            [
              73.73902992863194,
              18.59120951577964
            ],
            [
              73.73904218857768,
              18.59135970684993
            ],
            [
              73.7390308569715,
              18.5915235612553
            ],
            [
              73.7386835308825,
              18.59152483472417
            ],
            [
              73.73868545584261,
              18.591210562759603
            ]
          ]
        ]
      }
    },
    {
      "type": "Feature",
      "id": "FE_024",
      "properties": {
        "feature_id": "FE_024",
        "survey_candidate": "223/4",
        "area": 1292.7,
        "feature_type": "Cadastral Boundary"
      },
      "geometry": {
        "type": "Polygon",
        "coordinates": [
          [
            [
              73.73910076791203,
              18.59119937134591
            ],
            [
              73.73927855353496,
              18.591212905283797
            ],
            [
              73.73946474367878,
              18.59121109634889
            ],
            [
              73.73946184519781,
              18.59136155666678
            ],
            [
              73.73945785472763,
              18.591518374098257
            ],
            [
              73.73910657322865,
              18.591517181599507
            ],
            [
              73.73910076791203,
              18.59119937134591
            ]
          ]
        ]
      }
    },
    {
      "type": "Feature",
      "id": "FE_025",
      "properties": {
        "feature_id": "FE_025",
        "survey_candidate": "224/1",
        "area": 1264.6,
        "feature_type": "Cadastral Boundary"
      },
      "geometry": {
        "type": "Polygon",
        "coordinates": [
          [
            [
              73.73953227861786,
              18.591205573939906
            ],
            [
              73.73970939993853,
              18.591195949611738
            ],
            [
              73.73988662241925,
              18.591199952602718
            ],
            [
              73.73987007185292,
              18.591364392732853
            ],
            [
              73.73989054846484,
              18.59150432997741
            ],
            [
              73.73953241188904,
              18.591516779146303
            ],
            [
              73.73953227861786,
              18.591205573939906
            ]
          ]
        ]
      }
    },
    {
      "type": "Feature",
      "id": "FE_026",
      "properties": {
        "feature_id": "FE_026",
        "survey_candidate": "225/2",
        "area": 2113.8,
        "feature_type": "Consolidated Compound"
      },
      "geometry": {
        "type": "Polygon",
        "coordinates": [
          [
            [
              73.73984753178077,
              18.591203493404294
            ],
            [
              73.74014554220287,
              18.59119486299974
            ],
            [
              73.74041709191658,
              18.59120774352369
            ],
            [
              73.74042102951778,
              18.5913663825702
            ],
            [
              73.74042472583706,
              18.591518701740878
            ],
            [
              73.73985778176966,
              18.591517272635063
            ],
            [
              73.73984753178077,
              18.591203493404294
            ]
          ]
        ]
      }
    },
    {
      "type": "Feature",
      "id": "FE_027",
      "properties": {
        "feature_id": "FE_027",
        "survey_candidate": "226/3",
        "area": 1380.0,
        "feature_type": "Cadastral Boundary"
      },
      "geometry": {
        "type": "Polygon",
        "coordinates": [
          [
            [
              73.740388810216,
              18.591204832784786
            ],
            [
              73.74056231807435,
              18.591183404736164
            ],
            [
              73.74074772102401,
              18.591203772131976
            ],
            [
              73.74075382214569,
              18.591364274177224
            ],
            [
              73.74075165151405,
              18.59150759482662
            ],
            [
              73.74038011072977,
              18.59152279298024
            ],
            [
              73.740388810216,
              18.591204832784786
            ]
          ]
        ]
      }
    },
    {
      "type": "Feature",
      "id": "FE_028",
      "properties": {
        "feature_id": "FE_028",
        "survey_candidate": "227/4",
        "area": 1278.7,
        "feature_type": "Cadastral Boundary"
      },
      "geometry": {
        "type": "Polygon",
        "coordinates": [
          [
            [
              73.74081051292455,
              18.591214001825847
            ],
            [
              73.74099601469749,
              18.591203144440847
            ],
            [
              73.74117011203246,
              18.591207687651643
            ],
            [
              73.74115607490079,
              18.591359939399904
            ],
            [
              73.74117243585732,
              18.591508999155973
            ],
            [
              73.7408083359355,
              18.591521546260147
            ],
            [
              73.74081051292455,
              18.591214001825847
            ]
          ]
        ]
      }
    },
    {
      "type": "Feature",
      "id": "FE_029",
      "properties": {
        "feature_id": "FE_029",
        "survey_candidate": "228/1",
        "area": 1359.0,
        "feature_type": "Cadastral Boundary"
      },
      "geometry": {
        "type": "Polygon",
        "coordinates": [
          [
            [
              73.74123586652328,
              18.5912016378504
            ],
            [
              73.74141745281588,
              18.591180512175963
            ],
            [
              73.74158958990179,
              18.591199429103572
            ],
            [
              73.7416026759846,
              18.591362647875464
            ],
            [
              73.74159818323153,
              18.591505523897656
            ],
            [
              73.7412277297301,
              18.591510043656005
            ],
            [
              73.74123586652328,
              18.5912016378504
            ]
          ]
        ]
      }
    },
    {
      "type": "Feature",
      "id": "FE_030",
      "properties": {
        "feature_id": "FE_030",
        "survey_candidate": "229/2",
        "area": 1277.2,
        "feature_type": "Cadastral Boundary"
      },
      "geometry": {
        "type": "Polygon",
        "coordinates": [
          [
            [
              73.7416662551957,
              18.591201883088193
            ],
            [
              73.74185192127035,
              18.591210737089032
            ],
            [
              73.74202415276999,
              18.59120208420614
            ],
            [
              73.74200445169221,
              18.59135131280267
            ],
            [
              73.74203034847928,
              18.591517924778564
            ],
            [
              73.74166729959848,
              18.591519903138106
            ],
            [
              73.7416662551957,
              18.591201883088193
            ]
          ]
        ]
      }
    },
    {
      "type": "Feature",
      "id": "FE_031",
      "properties": {
        "feature_id": "FE_031",
        "survey_candidate": "230/3",
        "area": 1327.9,
        "feature_type": "Cadastral Boundary"
      },
      "geometry": {
        "type": "Polygon",
        "coordinates": [
          [
            [
              73.74209173525915,
              18.59120673734476
            ],
            [
              73.7422782527449,
              18.59118215090986
            ],
            [
              73.74246099018582,
              18.591208266024562
            ],
            [
              73.74243122699302,
              18.591368414250777
            ],
            [
              73.74246005715924,
              18.591523044450124
            ],
            [
              73.7421016859982,
              18.59151528010178
            ],
            [
              73.74209173525915,
              18.59120673734476
            ]
          ]
        ]
      }
    },
    {
      "type": "Feature",
      "id": "FE_032",
      "properties": {
        "feature_id": "FE_032",
        "survey_candidate": "231/4",
        "area": 1309.0,
        "feature_type": "Cadastral Boundary"
      },
      "geometry": {
        "type": "Polygon",
        "coordinates": [
          [
            [
              73.74251455735913,
              18.591207943411995
            ],
            [
              73.74269389466194,
              18.59119387562352
            ],
            [
              73.74287416422233,
              18.59120392646934
            ],
            [
              73.7428828006679,
              18.591365229693853
            ],
            [
              73.74287945571832,
              18.591510641005062
            ],
            [
              73.7425164266406,
              18.591503242960414
            ],
            [
              73.74251455735913,
              18.591207943411995
            ]
          ]
        ]
      }
    },
    {
      "type": "Feature",
      "id": "FE_033",
      "properties": {
        "feature_id": "FE_033",
        "survey_candidate": "232/1",
        "area": 1300.9,
        "feature_type": "Cadastral Boundary"
      },
      "geometry": {
        "type": "Polygon",
        "coordinates": [
          [
            [
              73.74295418373848,
              18.591202708104404
            ],
            [
              73.74313462763428,
              18.591198120404137
            ],
            [
              73.74331063618745,
              18.591215545115272
            ],
            [
              73.74330889564354,
              18.591365832650897
            ],
            [
              73.7433041706585,
              18.591518589869633
            ],
            [
              73.74293706624455,
              18.591500851587757
            ],
            [
              73.74295418373848,
              18.591202708104404
            ]
          ]
        ]
      }
    },
    {
      "type": "Feature",
      "id": "FE_034",
      "properties": {
        "feature_id": "FE_034",
        "survey_candidate": "233/2",
        "area": 1326.7,
        "feature_type": "Cadastral Boundary"
      },
      "geometry": {
        "type": "Polygon",
        "coordinates": [
          [
            [
              73.74337566136066,
              18.59120841636717
            ],
            [
              73.74355649694566,
              18.59119573346286
            ],
            [
              73.74373806038663,
              18.591208440644504
            ],
            [
              73.74374434814796,
              18.591352172836622
            ],
            [
              73.74372608566645,
              18.591519683794967
            ],
            [
              73.74336675133681,
              18.591501850277954
            ],
            [
              73.74337566136066,
              18.59120841636717
            ]
          ]
        ]
      }
    },
    {
      "type": "Feature",
      "id": "FE_035",
      "properties": {
        "feature_id": "FE_035",
        "survey_candidate": "234/3",
        "area": 1336.9,
        "feature_type": "Cadastral Boundary"
      },
      "geometry": {
        "type": "Polygon",
        "coordinates": [
          [
            [
              73.74380682100801,
              18.591206960435578
            ],
            [
              73.74398271251506,
              18.591194535594326
            ],
            [
              73.74415866151965,
              18.59120629306597
            ],
            [
              73.74416985406121,
              18.591370656431074
            ],
            [
              73.74415726609273,
              18.591522414361016
            ],
            [
              73.74380151378908,
              18.591513710015874
            ],
            [
              73.74380682100801,
              18.591206960435578
            ]
          ]
        ]
      }
    },
    {
      "type": "Feature",
      "id": "FE_036",
      "properties": {
        "feature_id": "FE_036",
        "survey_candidate": "235/4",
        "area": 1248.8,
        "feature_type": "Cadastral Boundary"
      },
      "geometry": {
        "type": "Polygon",
        "coordinates": [
          [
            [
              73.74422617128495,
              18.591198565417525
            ],
            [
              73.74441016814744,
              18.59118328243725
            ],
            [
              73.74458064046785,
              18.591210819613654
            ],
            [
              73.74457293384073,
              18.591352742957543
            ],
            [
              73.7445929888364,
              18.591503499131402
            ],
            [
              73.74423147132289,
              18.591492204953305
            ],
            [
              73.74422617128495,
              18.591198565417525
            ]
          ]
        ]
      }
    },
    {
      "type": "Feature",
      "id": "FE_037",
      "properties": {
        "feature_id": "FE_037",
        "survey_candidate": "236/1",
        "area": 1216.6,
        "feature_type": "Cadastral Boundary"
      },
      "geometry": {
        "type": "Polygon",
        "coordinates": [
          [
            [
              73.7446520973348,
              18.591202081168266
            ],
            [
              73.74482602938447,
              18.591224486392147
            ],
            [
              73.74501179218346,
              18.591209423980715
            ],
            [
              73.74500450493817,
              18.59135670165449
            ],
            [
              73.74501635699207,
              18.591517407174404
            ],
            [
              73.74466089605437,
              18.59150292772708
            ],
            [
              73.7446520973348,
              18.591202081168266
            ]
          ]
        ]
      }
    },
    {
      "type": "Feature",
      "id": "FE_038",
      "properties": {
        "feature_id": "FE_038",
        "survey_candidate": "237/2",
        "area": 1242.2,
        "feature_type": "Cadastral Boundary"
      },
      "geometry": {
        "type": "Polygon",
        "coordinates": [
          [
            [
              73.74507555468944,
              18.59120545389449
            ],
            [
              73.7452661681198,
              18.59122432521177
            ],
            [
              73.74544099324741,
              18.591216461790758
            ],
            [
              73.74542877844424,
              18.59136115739206
            ],
            [
              73.7454460482082,
              18.591508703976356
            ],
            [
              73.74508702853633,
              18.59152412995005
            ],
            [
              73.74507555468944,
              18.59120545389449
            ]
          ]
        ]
      }
    },
    {
      "type": "Feature",
      "id": "FE_039",
      "properties": {
        "feature_id": "FE_039",
        "survey_candidate": "238/3",
        "area": 22.1,
        "feature_type": "Plot Division A"
      },
      "geometry": {
        "type": "Polygon",
        "coordinates": [
          [
            [
              73.74550503442613,
              18.591213897923883
            ],
            [
              73.74569320438614,
              18.591191736050085
            ],
            [
              73.74568423243167,
              18.591191736050085
            ],
            [
              73.74568423243167,
              18.591213897923883
            ],
            [
              73.74550503442613,
              18.591213897923883
            ]
          ]
        ]
      }
    },
    {
      "type": "Feature",
      "id": "FE_040",
      "properties": {
        "feature_id": "FE_040",
        "survey_candidate": "238/3",
        "area": 193.5,
        "feature_type": "Plot Division B"
      },
      "geometry": {
        "type": "Polygon",
        "coordinates": [
          [
            [
              73.74568423243167,
              18.591191736050085
            ],
            [
              73.74586283992511,
              18.591200616643466
            ],
            [
              73.74586186618022,
              18.59136367073175
            ],
            [
              73.74568423243167,
              18.591213897923883
            ],
            [
              73.74568423243167,
              18.591191736050085
            ]
          ]
        ]
      }
    },
    {
      "type": "Feature",
      "id": "FE_041",
      "properties": {
        "feature_id": "FE_041",
        "survey_candidate": "239/4",
        "area": 1243.6,
        "feature_type": "Cadastral Boundary"
      },
      "geometry": {
        "type": "Polygon",
        "coordinates": [
          [
            [
              73.74593154964096,
              18.591207948951002
            ],
            [
              73.74611285074555,
              18.591223244956765
            ],
            [
              73.7463057216203,
              18.591205542756082
            ],
            [
              73.74629240776191,
              18.59135491439827
            ],
            [
              73.74629546335628,
              18.591509586486318
            ],
            [
              73.74593742118567,
              18.591507957507954
            ],
            [
              73.74593154964096,
              18.591207948951002
            ]
          ]
        ]
      }
    },
    {
      "type": "Feature",
      "id": "FE_042",
      "properties": {
        "feature_id": "FE_042",
        "survey_candidate": "240/1",
        "area": 1279.6,
        "feature_type": "Cadastral Boundary"
      },
      "geometry": {
        "type": "Polygon",
        "coordinates": [
          [
            [
              73.73781239535798,
              18.591574539190198
            ],
            [
              73.73800287929102,
              18.591553744933584
            ],
            [
              73.73817560201024,
              18.59157091853422
            ],
            [
              73.73816634217162,
              18.59172561610658
            ],
            [
              73.73817692343358,
              18.591873594948535
            ],
            [
              73.73781843426444,
              18.59186706829415
            ],
            [
              73.73781239535798,
              18.591574539190198
            ]
          ]
        ]
      }
    },
    {
      "type": "Feature",
      "id": "FE_043",
      "properties": {
        "feature_id": "FE_043",
        "survey_candidate": "241/2",
        "area": 1263.1,
        "feature_type": "Cadastral Boundary"
      },
      "geometry": {
        "type": "Polygon",
        "coordinates": [
          [
            [
              73.73824304137474,
              18.591565743341746
            ],
            [
              73.73842519085436,
              18.591565786188998
            ],
            [
              73.73859832826285,
              18.591572820479325
            ],
            [
              73.73860414143219,
              18.591723476226015
            ],
            [
              73.7386018912791,
              18.591871758921275
            ],
            [
              73.7382533276928,
              18.591873077630254
            ],
            [
              73.73824304137474,
              18.591565743341746
            ]
          ]
        ]
      }
    },
    {
      "type": "Feature",
      "id": "FE_044",
      "properties": {
        "feature_id": "FE_044",
        "survey_candidate": "242/3",
        "area": 1286.4,
        "feature_type": "Cadastral Boundary"
      },
      "geometry": {
        "type": "Polygon",
        "coordinates": [
          [
            [
              73.7386771375094,
              18.591568123365434
            ],
            [
              73.73884378448747,
              18.591569863820176
            ],
            [
              73.73902362627598,
              18.59155607761568
            ],
            [
              73.73904721336602,
              18.59172194855145
            ],
            [
              73.73903324870936,
              18.59187050208516
            ],
            [
              73.73867490342299,
              18.591868129698398
            ],
            [
              73.7386771375094,
              18.591568123365434
            ]
          ]
        ]
      }
    },
    {
      "type": "Feature",
      "id": "FE_045",
      "properties": {
        "feature_id": "FE_045",
        "survey_candidate": "243/4",
        "area": 1283.8,
        "feature_type": "Cadastral Boundary"
      },
      "geometry": {
        "type": "Polygon",
        "coordinates": [
          [
            [
              73.73910177277953,
              18.59156208785814
            ],
            [
              73.73928113692163,
              18.591569485911815
            ],
            [
              73.73945842441348,
              18.591565150449647
            ],
            [
              73.73946082329651,
              18.591718112257304
            ],
            [
              73.73947173258395,
              18.591868625848864
            ],
            [
              73.73910775436552,
              18.591876671391102
            ],
            [
              73.73910177277953,
              18.59156208785814
            ]
          ]
        ]
      }
    },
    {
      "type": "Feature",
      "id": "FE_046",
      "properties": {
        "feature_id": "FE_046",
        "survey_candidate": "244/1",
        "area": 1317.8,
        "feature_type": "Cadastral Boundary"
      },
      "geometry": {
        "type": "Polygon",
        "coordinates": [
          [
            [
              73.7395241808145,
              18.591573429678125
            ],
            [
              73.73970664458545,
              18.591564776616885
            ],
            [
              73.73988810623419,
              18.591572513275274
            ],
            [
              73.73989781730843,
              18.591714572024685
            ],
            [
              73.73987807292268,
              18.591871997217897
            ],
            [
              73.73952154575352,
              18.591878788184253
            ],
            [
              73.7395241808145,
              18.591573429678125
            ]
          ]
        ]
      }
    },
    {
      "type": "Feature",
      "id": "FE_047",
      "properties": {
        "feature_id": "FE_047",
        "survey_candidate": "245/2",
        "area": 1307.6,
        "feature_type": "Cadastral Boundary"
      },
      "geometry": {
        "type": "Polygon",
        "coordinates": [
          [
            [
              73.7399554769908,
              18.591572895281683
            ],
            [
              73.74014201685203,
              18.591557988947415
            ],
            [
              73.74032084333115,
              18.59157075400331
            ],
            [
              73.74031230402505,
              18.591721028477934
            ],
            [
              73.74030895718052,
              18.591867669199186
            ],
            [
              73.7399473452515,
              18.591879134538342
            ],
            [
              73.7399554769908,
              18.591572895281683
            ]
          ]
        ]
      }
    },
    {
      "type": "Feature",
      "id": "FE_048",
      "properties": {
        "feature_id": "FE_048",
        "survey_candidate": "246/3",
        "area": 1291.3,
        "feature_type": "Cadastral Boundary"
      },
      "geometry": {
        "type": "Polygon",
        "coordinates": [
          [
            [
              73.74038519472688,
              18.59156661258173
            ],
            [
              73.74055254841905,
              18.59156750242811
            ],
            [
              73.74073801905652,
              18.591561270765094
            ],
            [
              73.74075791810304,
              18.591715110691634
            ],
            [
              73.7407365281612,
              18.591875193758753
            ],
            [
              73.740388620937,
              18.591867334658275
            ],
            [
              73.74038519472688,
              18.59156661258173
            ]
          ]
        ]
      }
    },
    {
      "type": "Feature",
      "id": "FE_049",
      "properties": {
        "feature_id": "FE_049",
        "survey_candidate": "247/4",
        "area": 1286.2,
        "feature_type": "Cadastral Boundary"
      },
      "geometry": {
        "type": "Polygon",
        "coordinates": [
          [
            [
              73.74081320265822,
              18.591574901941744
            ],
            [
              73.74099138906827,
              18.59155093789799
            ],
            [
              73.74117300635284,
              18.591572947439644
            ],
            [
              73.74116194441211,
              18.591725314830654
            ],
            [
              73.74116731777609,
              18.591873937409005
            ],
            [
              73.74080546324657,
              18.591866721335187
            ],
            [
              73.74081320265822,
              18.591574901941744
            ]
          ]
        ]
      }
    },
    {
      "type": "Feature",
      "id": "FE_050",
      "properties": {
        "feature_id": "FE_050",
        "survey_candidate": "248/1",
        "area": 1327.4,
        "feature_type": "Cadastral Boundary"
      },
      "geometry": {
        "type": "Polygon",
        "coordinates": [
          [
            [
              73.74123238754427,
              18.591570560593375
            ],
            [
              73.74140905570977,
              18.591545024527967
            ],
            [
              73.74158999729339,
              18.591571555470853
            ],
            [
              73.74161554980473,
              18.591724184261206
            ],
            [
              73.74159005667327,
              18.591871473345726
            ],
            [
              73.74123372404753,
              18.591858486757573
            ],
            [
              73.74123238754427,
              18.591570560593375
            ]
          ]
        ]
      }
    },
    {
      "type": "Feature",
      "id": "FE_051",
      "properties": {
        "feature_id": "FE_051",
        "survey_candidate": "249/2",
        "area": 1339.9,
        "feature_type": "Cadastral Boundary"
      },
      "geometry": {
        "type": "Polygon",
        "coordinates": [
          [
            [
              73.74166483051624,
              18.59156910619604
            ],
            [
              73.74184879923529,
              18.591551594950154
            ],
            [
              73.7420243703993,
              18.59156877063237
            ],
            [
              73.74200660263334,
              18.59171839108911
            ],
            [
              73.74202620587582,
              18.591881660552584
            ],
            [
              73.7416554825709,
              18.591882075624355
            ],
            [
              73.74166483051624,
              18.59156910619604
            ]
          ]
        ]
      }
    },
    {
      "type": "Feature",
      "id": "FE_052",
      "properties": {
        "feature_id": "FE_052",
        "survey_candidate": "250/3",
        "area": 1287.5,
        "feature_type": "Cadastral Boundary"
      },
      "geometry": {
        "type": "Polygon",
        "coordinates": [
          [
            [
              73.74208787654993,
              18.59156823851156
            ],
            [
              73.7422705560638,
              18.591573112659695
            ],
            [
              73.74244558976508,
              18.591569016809192
            ],
            [
              73.74244650761324,
              18.59172952079115
            ],
            [
              73.74245139175467,
              18.591867708661898
            ],
            [
              73.74210066158344,
              18.591896182070673
            ],
            [
              73.74208787654993,
              18.59156823851156
            ]
          ]
        ]
      }
    },
    {
      "type": "Feature",
      "id": "FE_053",
      "properties": {
        "feature_id": "FE_053",
        "survey_candidate": "251/4",
        "area": 1283.1,
        "feature_type": "Cadastral Boundary"
      },
      "geometry": {
        "type": "Polygon",
        "coordinates": [
          [
            [
              73.74251639261169,
              18.591561526052626
            ],
            [
              73.74270984117732,
              18.5915588641196
            ],
            [
              73.74288089494588,
              18.591571111959624
            ],
            [
              73.74289295908434,
              18.59171407269909
            ],
            [
              73.74287756126984,
              18.591874952759937
            ],
            [
              73.74252373684101,
              18.591848827022716
            ],
            [
              73.74251639261169,
              18.591561526052626
            ]
          ]
        ]
      }
    },
    {
      "type": "Feature",
      "id": "FE_054",
      "properties": {
        "feature_id": "FE_054",
        "survey_candidate": "252/1",
        "area": 1263.0,
        "feature_type": "Cadastral Boundary"
      },
      "geometry": {
        "type": "Polygon",
        "coordinates": [
          [
            [
              73.74293502878048,
              18.59157622630055
            ],
            [
              73.74311508411233,
              18.591576537344473
            ],
            [
              73.74330339327312,
              18.591576435517446
            ],
            [
              73.74330106958044,
              18.591720259719178
            ],
            [
              73.743302722397,
              18.591876980736664
            ],
            [
              73.74295118036072,
              18.591877053175175
            ],
            [
              73.74293502878048,
              18.59157622630055
            ]
          ]
        ]
      }
    },
    {
      "type": "Feature",
      "id": "FE_055",
      "properties": {
        "feature_id": "FE_055",
        "survey_candidate": "253/2",
        "area": 1267.2,
        "feature_type": "Cadastral Boundary"
      },
      "geometry": {
        "type": "Polygon",
        "coordinates": [
          [
            [
              73.7433779494391,
              18.591568346481125
            ],
            [
              73.74356104181228,
              18.59156733910571
            ],
            [
              73.74372701665406,
              18.591559935735482
            ],
            [
              73.7437305135963,
              18.59172527715194
            ],
            [
              73.74372439585407,
              18.591866896500044
            ],
            [
              73.74337724101126,
              18.59188250232561
            ],
            [
              73.7433779494391,
              18.591568346481125
            ]
          ]
        ]
      }
    },
    {
      "type": "Feature",
      "id": "FE_056",
      "properties": {
        "feature_id": "FE_056",
        "survey_candidate": "254/3",
        "area": 1276.9,
        "feature_type": "Cadastral Boundary"
      },
      "geometry": {
        "type": "Polygon",
        "coordinates": [
          [
            [
              73.74379502491631,
              18.591573584069515
            ],
            [
              73.74398217316175,
              18.591552706060583
            ],
            [
              73.74415611855191,
              18.591574872643374
            ],
            [
              73.74415171218004,
              18.591720558145955
            ],
            [
              73.74416581690312,
              18.591873860826965
            ],
            [
              73.74380283764516,
              18.59186352338279
            ],
            [
              73.74379502491631,
              18.591573584069515
            ]
          ]
        ]
      }
    },
    {
      "type": "Feature",
      "id": "FE_057",
      "properties": {
        "feature_id": "FE_057",
        "survey_candidate": "255/4",
        "area": 1303.4,
        "feature_type": "Cadastral Boundary"
      },
      "geometry": {
        "type": "Polygon",
        "coordinates": [
          [
            [
              73.7442242805718,
              18.591566983032198
            ],
            [
              73.74441303759876,
              18.591550978314338
            ],
            [
              73.74458481837455,
              18.591565646915008
            ],
            [
              73.74457859055799,
              18.59170971229689
            ],
            [
              73.7445890797052,
              18.59186801861994
            ],
            [
              73.74422547028493,
              18.59187125710775
            ],
            [
              73.7442242805718,
              18.591566983032198
            ]
          ]
        ]
      }
    },
    {
      "type": "Feature",
      "id": "FE_058",
      "properties": {
        "feature_id": "FE_058",
        "survey_candidate": "256/1",
        "area": 1255.0,
        "feature_type": "Cadastral Boundary"
      },
      "geometry": {
        "type": "Polygon",
        "coordinates": [
          [
            [
              73.7446574012177,
              18.591574198184862
            ],
            [
              73.74483224154406,
              18.591572128336036
            ],
            [
              73.74501626237891,
              18.59156778318192
            ],
            [
              73.74501564331757,
              18.591722590297667
            ],
            [
              73.74501041251067,
              18.591867359327814
            ],
            [
              73.74465842239283,
              18.59187704044765
            ],
            [
              73.7446574012177,
              18.591574198184862
            ]
          ]
        ]
      }
    },
    {
      "type": "Feature",
      "id": "FE_059",
      "properties": {
        "feature_id": "FE_059",
        "survey_candidate": "257/2",
        "area": 1206.4,
        "feature_type": "Cadastral Boundary"
      },
      "geometry": {
        "type": "Polygon",
        "coordinates": [
          [
            [
              73.7450779296953,
              18.59157159379127
            ],
            [
              73.74527318267761,
              18.59158206999968
            ],
            [
              73.74545302576607,
              18.591575773002752
            ],
            [
              73.74543378639744,
              18.591724505146605
            ],
            [
              73.7454454937937,
              18.591871062914155
            ],
            [
              73.74508022592353,
              18.591853699487736
            ],
            [
              73.7450779296953,
              18.59157159379127
            ]
          ]
        ]
      }
    },
    {
      "type": "Feature",
      "id": "FE_060",
      "properties": {
        "feature_id": "FE_060",
        "survey_candidate": "258/3",
        "area": 1293.4,
        "feature_type": "Cadastral Boundary"
      },
      "geometry": {
        "type": "Polygon",
        "coordinates": [
          [
            [
              73.74551601415737,
              18.59156731850801
            ],
            [
              73.74569293488872,
              18.591577012720183
            ],
            [
              73.74586785442004,
              18.591574170767277
            ],
            [
              73.74587729379388,
              18.59171989146522
            ],
            [
              73.74587614957065,
              18.59187741445337
            ],
            [
              73.74550284810758,
              18.591874976051677
            ],
            [
              73.74551601415737,
              18.59156731850801
            ]
          ]
        ]
      }
    },
    {
      "type": "Feature",
      "id": "FE_061",
      "properties": {
        "feature_id": "FE_061",
        "survey_candidate": "259/4",
        "area": 1326.3,
        "feature_type": "Cadastral Boundary"
      },
      "geometry": {
        "type": "Polygon",
        "coordinates": [
          [
            [
              73.74592704259348,
              18.59156016137409
            ],
            [
              73.74610815188953,
              18.591561288902433
            ],
            [
              73.74629835550931,
              18.591563113810306
            ],
            [
              73.7463181291663,
              18.591724480307086
            ],
            [
              73.74630081951257,
              18.591867594072777
            ],
            [
              73.74593625807546,
              18.591856184790302
            ],
            [
              73.74592704259348,
              18.59156016137409
            ]
          ]
        ]
      }
    },
    {
      "type": "Feature",
      "id": "FE_062",
      "properties": {
        "feature_id": "FE_062",
        "survey_candidate": "260/1",
        "area": 1333.2,
        "feature_type": "Cadastral Boundary"
      },
      "geometry": {
        "type": "Polygon",
        "coordinates": [
          [
            [
              73.73781242305309,
              18.591930957950062
            ],
            [
              73.73799352391809,
              18.59190966900882
            ],
            [
              73.73818634527599,
              18.591921793134564
            ],
            [
              73.73817007388772,
              18.59207946660765
            ],
            [
              73.73818358703211,
              18.592224147845602
            ],
            [
              73.73782771561719,
              18.592247288728625
            ],
            [
              73.73781242305309,
              18.591930957950062
            ]
          ]
        ]
      }
    },
    {
      "type": "Feature",
      "id": "FE_063",
      "properties": {
        "feature_id": "FE_063",
        "survey_candidate": "261/2",
        "area": 1282.9,
        "feature_type": "Cadastral Boundary"
      },
      "geometry": {
        "type": "Polygon",
        "coordinates": [
          [
            [
              73.73824039140526,
              18.591928647952827
            ],
            [
              73.73842837532284,
              18.59192703591037
            ],
            [
              73.73861310443273,
              18.591919659489484
            ],
            [
              73.73859095493323,
              18.592079220669216
            ],
            [
              73.73860126692304,
              18.592230734655818
            ],
            [
              73.73823957770145,
              18.592231230456456
            ],
            [
              73.73824039140526,
              18.591928647952827
            ]
          ]
        ]
      }
    },
    {
      "type": "Feature",
      "id": "FE_064",
      "properties": {
        "feature_id": "FE_064",
        "survey_candidate": "262/3",
        "area": 1250.3,
        "feature_type": "Cadastral Boundary"
      },
      "geometry": {
        "type": "Polygon",
        "coordinates": [
          [
            [
              73.73868559737087,
              18.591927552109283
            ],
            [
              73.73886386768974,
              18.591913571571737
            ],
            [
              73.7390300141551,
              18.591926426664603
            ],
            [
              73.73902485894077,
              18.5920770635997
            ],
            [
              73.73903891215313,
              18.592227095432175
            ],
            [
              73.73867270726355,
              18.5922232300865
            ],
            [
              73.73868559737087,
              18.591927552109283
            ]
          ]
        ]
      }
    },
    {
      "type": "Feature",
      "id": "FE_065",
      "properties": {
        "feature_id": "FE_065",
        "survey_candidate": "263/4",
        "area": 1342.6,
        "feature_type": "Cadastral Boundary"
      },
      "geometry": {
        "type": "Polygon",
        "coordinates": [
          [
            [
              73.73909453035083,
              18.591930791793335
            ],
            [
              73.73927272437297,
              18.5919315752573
            ],
            [
              73.73946556508284,
              18.59192660803124
            ],
            [
              73.7394658425909,
              18.59208570713314
            ],
            [
              73.73945391994982,
              18.592243184848776
            ],
            [
              73.73909812437044,
              18.592242958193022
            ],
            [
              73.73909453035083,
              18.591930791793335
            ]
          ]
        ]
      }
    },
    {
      "type": "Feature",
      "id": "FE_066",
      "properties": {
        "feature_id": "FE_066",
        "survey_candidate": "264/1",
        "area": 1313.9,
        "feature_type": "Cadastral Boundary"
      },
      "geometry": {
        "type": "Polygon",
        "coordinates": [
          [
            [
              73.73953537385863,
              18.591917828036063
            ],
            [
              73.73971644240862,
              18.591902387467826
            ],
            [
              73.73988710939163,
              18.591925120411123
            ],
            [
              73.73989595422778,
              18.592077741943132
            ],
            [
              73.73988917221116,
              18.59222942676799
            ],
            [
              73.73952809945008,
              18.592217605070918
            ],
            [
              73.73953537385863,
              18.591917828036063
            ]
          ]
        ]
      }
    },
    {
      "type": "Feature",
      "id": "FE_067",
      "properties": {
        "feature_id": "FE_067",
        "survey_candidate": "265/2",
        "area": 1254.1,
        "feature_type": "Cadastral Boundary"
      },
      "geometry": {
        "type": "Polygon",
        "coordinates": [
          [
            [
              73.7399641933745,
              18.591928234082328
            ],
            [
              73.74014086958012,
              18.591944193966174
            ],
            [
              73.74032135463773,
              18.59191896945885
            ],
            [
              73.74032121047316,
              18.592078811165244
            ],
            [
              73.74032600198743,
              18.59222456152852
            ],
            [
              73.73996235031595,
              18.592239595179237
            ],
            [
              73.7399641933745,
              18.591928234082328
            ]
          ]
        ]
      }
    },
    {
      "type": "Feature",
      "id": "FE_068",
      "properties": {
        "feature_id": "FE_068",
        "survey_candidate": "266/3",
        "area": 1315.4,
        "feature_type": "Cadastral Boundary"
      },
      "geometry": {
        "type": "Polygon",
        "coordinates": [
          [
            [
              73.74037720713652,
              18.59192012577938
            ],
            [
              73.74056095846102,
              18.591905811537895
            ],
            [
              73.74074495258567,
              18.59192175354612
            ],
            [
              73.74074755373489,
              18.592083876765702
            ],
            [
              73.7407416489449,
              18.59222831346793
            ],
            [
              73.7403886414825,
              18.59221816714335
            ],
            [
              73.74037720713652,
              18.59192012577938
            ]
          ]
        ]
      }
    },
    {
      "type": "Feature",
      "id": "FE_069",
      "properties": {
        "feature_id": "FE_069",
        "survey_candidate": "267/4",
        "area": 1331.5,
        "feature_type": "Cadastral Boundary"
      },
      "geometry": {
        "type": "Polygon",
        "coordinates": [
          [
            [
              73.74081466150098,
              18.59193043376164
            ],
            [
              73.74099794762375,
              18.591907483027576
            ],
            [
              73.7411756534682,
              18.591924448132076
            ],
            [
              73.74118104918081,
              18.59207514403895
            ],
            [
              73.7411715346595,
              18.592233904372264
            ],
            [
              73.74080719361035,
              18.592221995369233
            ],
            [
              73.74081466150098,
              18.59193043376164
            ]
          ]
        ]
      }
    },
    {
      "type": "Feature",
      "id": "FE_070",
      "properties": {
        "feature_id": "FE_070",
        "survey_candidate": "268/1",
        "area": 1330.6,
        "feature_type": "Cadastral Boundary"
      },
      "geometry": {
        "type": "Polygon",
        "coordinates": [
          [
            [
              73.74124215060779,
              18.591922208081645
            ],
            [
              73.7414240266493,
              18.591913297451303
            ],
            [
              73.74160383026683,
              18.59191930215875
            ],
            [
              73.74158600380373,
              18.592082442557828
            ],
            [
              73.74159413671423,
              18.59223622947344
            ],
            [
              73.74123165888996,
              18.5922370213646
            ],
            [
              73.74124215060779,
              18.591922208081645
            ]
          ]
        ]
      }
    },
    {
      "type": "Feature",
      "id": "FE_071",
      "properties": {
        "feature_id": "FE_071",
        "survey_candidate": "269/2",
        "area": 1312.6,
        "feature_type": "Cadastral Boundary"
      },
      "geometry": {
        "type": "Polygon",
        "coordinates": [
          [
            [
              73.74166159940353,
              18.591933148986293
            ],
            [
              73.74185312768668,
              18.591937754524075
            ],
            [
              73.74203478969633,
              18.59192824168726
            ],
            [
              73.74204348162631,
              18.5920891054452
            ],
            [
              73.74201882380592,
              18.592240580565758
            ],
            [
              73.74167162378465,
              18.592236120855645
            ],
            [
              73.74166159940353,
              18.591933148986293
            ]
          ]
        ]
      }
    },
    {
      "type": "Feature",
      "id": "FE_072",
      "properties": {
        "feature_id": "FE_072",
        "survey_candidate": "270/3",
        "area": 1331.2,
        "feature_type": "Cadastral Boundary"
      },
      "geometry": {
        "type": "Polygon",
        "coordinates": [
          [
            [
              73.74210161619938,
              18.591929852014967
            ],
            [
              73.74227350749317,
              18.591893278527724
            ],
            [
              73.74244747613288,
              18.59191931903344
            ],
            [
              73.74245536638333,
              18.592073738672713
            ],
            [
              73.74244880286085,
              18.59223404126637
            ],
            [
              73.7420989503294,
              18.5922312394631
            ],
            [
              73.74210161619938,
              18.591929852014967
            ]
          ]
        ]
      }
    },
    {
      "type": "Feature",
      "id": "FE_073",
      "properties": {
        "feature_id": "FE_073",
        "survey_candidate": "271/4",
        "area": 1386.7,
        "feature_type": "Cadastral Boundary"
      },
      "geometry": {
        "type": "Polygon",
        "coordinates": [
          [
            [
              73.74250748433236,
              18.59192637633897
            ],
            [
              73.74269579812938,
              18.5918984223247
            ],
            [
              73.74287406454356,
              18.591929418702318
            ],
            [
              73.74287759612645,
              18.592077479714636
            ],
            [
              73.74287460435946,
              18.59223006339054
            ],
            [
              73.74251940657956,
              18.592249254446397
            ],
            [
              73.74250748433236,
              18.59192637633897
            ]
          ]
        ]
      }
    },
    {
      "type": "Feature",
      "id": "FE_074",
      "properties": {
        "feature_id": "FE_074",
        "survey_candidate": "272/1",
        "area": 1269.8,
        "feature_type": "Cadastral Boundary"
      },
      "geometry": {
        "type": "Polygon",
        "coordinates": [
          [
            [
              73.74293674606787,
              18.591930224092902
            ],
            [
              73.74312528800772,
              18.591915490938444
            ],
            [
              73.74330464762188,
              18.591925988252026
            ],
            [
              73.74329377032667,
              18.59208191458005
            ],
            [
              73.7432986802772,
              18.592228511342604
            ],
            [
              73.74294759682854,
              18.59222489327522
            ],
            [
              73.74293674606787,
              18.591930224092902
            ]
          ]
        ]
      }
    },
    {
      "type": "Feature",
      "id": "FE_075",
      "properties": {
        "feature_id": "FE_075",
        "survey_candidate": "273/2",
        "area": 1305.5,
        "feature_type": "Cadastral Boundary"
      },
      "geometry": {
        "type": "Polygon",
        "coordinates": [
          [
            [
              73.7433708845422,
              18.59192613323295
            ],
            [
              73.74355622519118,
              18.591917055860737
            ],
            [
              73.74373988640448,
              18.591922541306992
            ],
            [
              73.74371193686439,
              18.592070715046653
            ],
            [
              73.74373116572316,
              18.592230292774385
            ],
            [
              73.74337299419255,
              18.592244716940446
            ],
            [
              73.7433708845422,
              18.59192613323295
            ]
          ]
        ]
      }
    },
    {
      "type": "Feature",
      "id": "FE_076",
      "properties": {
        "feature_id": "FE_076",
        "survey_candidate": "274/3",
        "area": 1352.2,
        "feature_type": "Cadastral Boundary"
      },
      "geometry": {
        "type": "Polygon",
        "coordinates": [
          [
            [
              73.74386184798472,
              18.591936097285476
            ],
            [
              73.74403275857874,
              18.591920644487033
            ],
            [
              73.74421957622975,
              18.591950577395146
            ],
            [
              73.74423391570298,
              18.59209501204492
            ],
            [
              73.74422367135087,
              18.59224740249308
            ],
            [
              73.7438606907593,
              18.592239910256637
            ],
            [
              73.74386184798472,
              18.591936097285476
            ]
          ]
        ]
      }
    },
    {
      "type": "Feature",
      "id": "FE_077",
      "properties": {
        "feature_id": "FE_077",
        "survey_candidate": "275/4",
        "area": 1359.8,
        "feature_type": "Cadastral Boundary"
      },
      "geometry": {
        "type": "Polygon",
        "coordinates": [
          [
            [
              73.74423766425139,
              18.591927079189364
            ],
            [
              73.74441336411846,
              18.591900447026116
            ],
            [
              73.74458761336453,
              18.591923509791464
            ],
            [
              73.74460179540533,
              18.592075339446133
            ],
            [
              73.74458417180821,
              18.592239324542923
            ],
            [
              73.74423382216862,
              18.592235649963943
            ],
            [
              73.74423766425139,
              18.591927079189364
            ]
          ]
        ]
      }
    },
    {
      "type": "Feature",
      "id": "FE_078",
      "properties": {
        "feature_id": "FE_078",
        "survey_candidate": "276/1",
        "area": 1290.3,
        "feature_type": "Cadastral Boundary"
      },
      "geometry": {
        "type": "Polygon",
        "coordinates": [
          [
            [
              73.74465190468011,
              18.591921327008073
            ],
            [
              73.74482894657594,
              18.591917309597438
            ],
            [
              73.74500642446483,
              18.591925450413143
            ],
            [
              73.74499348524712,
              18.592083191332406
            ],
            [
              73.74501860136101,
              18.59222856045693
            ],
            [
              73.74465543383393,
              18.59224262768238
            ],
            [
              73.74465190468011,
              18.591921327008073
            ]
          ]
        ]
      }
    },
    {
      "type": "Feature",
      "id": "FE_079",
      "properties": {
        "feature_id": "FE_079",
        "survey_candidate": "277/2",
        "area": 1353.8,
        "feature_type": "Cadastral Boundary"
      },
      "geometry": {
        "type": "Polygon",
        "coordinates": [
          [
            [
              73.74508065028762,
              18.5919355367138
            ],
            [
              73.74526907339819,
              18.5919079166476
            ],
            [
              73.74544664225864,
              18.591925539275394
            ],
            [
              73.74544476214747,
              18.592075916111032
            ],
            [
              73.74543925855193,
              18.592238143762074
            ],
            [
              73.74508025161491,
              18.59223697556262
            ],
            [
              73.74508065028762,
              18.5919355367138
            ]
          ]
        ]
      }
    },
    {
      "type": "Feature",
      "id": "FE_080",
      "properties": {
        "feature_id": "FE_080",
        "survey_candidate": "278/3",
        "area": 1232.3,
        "feature_type": "Cadastral Boundary"
      },
      "geometry": {
        "type": "Polygon",
        "coordinates": [
          [
            [
              73.7455064007253,
              18.591922750120553
            ],
            [
              73.74568832808899,
              18.591936285086714
            ],
            [
              73.74585997480398,
              18.591922843286607
            ],
            [
              73.74586351188414,
              18.592070648643027
            ],
            [
              73.7458603580675,
              18.592235322353282
            ],
            [
              73.74550888628906,
              18.592218134305732
            ],
            [
              73.7455064007253,
              18.591922750120553
            ]
          ]
        ]
      }
    },
    {
      "type": "Feature",
      "id": "FE_081",
      "properties": {
        "feature_id": "FE_081",
        "survey_candidate": "279/4",
        "area": 1319.9,
        "feature_type": "Cadastral Boundary"
      },
      "geometry": {
        "type": "Polygon",
        "coordinates": [
          [
            [
              73.74594220747231,
              18.591922078147668
            ],
            [
              73.74612819112696,
              18.591900419426462
            ],
            [
              73.74630605164621,
              18.591924772691655
            ],
            [
              73.74630088846699,
              18.592077415236275
            ],
            [
              73.74629678103533,
              18.59223273413021
            ],
            [
              73.74594027517773,
              18.592217133164006
            ],
            [
              73.74594220747231,
              18.591922078147668
            ]
          ]
        ]
      }
    },
    {
      "type": "Feature",
      "id": "FE_082",
      "properties": {
        "feature_id": "FE_082",
        "survey_candidate": "280/1",
        "area": 1291.1,
        "feature_type": "Cadastral Boundary"
      },
      "geometry": {
        "type": "Polygon",
        "coordinates": [
          [
            [
              73.73782540940779,
              18.59228333217185
            ],
            [
              73.73799633963553,
              18.592299601921464
            ],
            [
              73.7381834573825,
              18.592282575547816
            ],
            [
              73.73818513649103,
              18.59244621872204
            ],
            [
              73.7381792685309,
              18.592596433607337
            ],
            [
              73.73782123560683,
              18.592598849299907
            ],
            [
              73.73782540940779,
              18.59228333217185
            ]
          ]
        ]
      }
    },
    {
      "type": "Feature",
      "id": "FE_083",
      "properties": {
        "feature_id": "FE_083",
        "survey_candidate": "281/2",
        "area": 1388.1,
        "feature_type": "Cadastral Boundary"
      },
      "geometry": {
        "type": "Polygon",
        "coordinates": [
          [
            [
              73.738242451471,
              18.592294582697683
            ],
            [
              73.73842236463933,
              18.592257096740397
            ],
            [
              73.73860434843321,
              18.592291717658583
            ],
            [
              73.73860400365182,
              18.59243735005291
            ],
            [
              73.73860581361697,
              18.592594985263904
            ],
            [
              73.7382422010999,
              18.592609969084275
            ],
            [
              73.738242451471,
              18.592294582697683
            ]
          ]
        ]
      }
    },
    {
      "type": "Feature",
      "id": "FE_084",
      "properties": {
        "feature_id": "FE_084",
        "survey_candidate": "282/3",
        "area": 1323.3,
        "feature_type": "Cadastral Boundary"
      },
      "geometry": {
        "type": "Polygon",
        "coordinates": [
          [
            [
              73.73867647269809,
              18.592291898458868
            ],
            [
              73.73886110379085,
              18.592255222082503
            ],
            [
              73.73902680953829,
              18.59228184420077
            ],
            [
              73.73901019802331,
              18.592440589644397
            ],
            [
              73.73903977698173,
              18.592589595649162
            ],
            [
              73.73867147374166,
              18.592602484396586
            ],
            [
              73.73867647269809,
              18.592291898458868
            ]
          ]
        ]
      }
    },
    {
      "type": "Feature",
      "id": "FE_085",
      "properties": {
        "feature_id": "FE_085",
        "survey_candidate": "283/4",
        "area": 1276.9,
        "feature_type": "Cadastral Boundary"
      },
      "geometry": {
        "type": "Polygon",
        "coordinates": [
          [
            [
              73.73909604931704,
              18.59228203299507
            ],
            [
              73.73927850735392,
              18.592303324533248
            ],
            [
              73.73946362160335,
              18.592293887035073
            ],
            [
              73.73946141676016,
              18.59244798258283
            ],
            [
              73.73945751491729,
              18.592595907550923
            ],
            [
              73.73909580466595,
              18.592592959227655
            ],
            [
              73.73909604931704,
              18.59228203299507
            ]
          ]
        ]
      }
    },
    {
      "type": "Feature",
      "id": "FE_086",
      "properties": {
        "feature_id": "FE_086",
        "survey_candidate": "284/1",
        "area": 1279.5,
        "feature_type": "Cadastral Boundary"
      },
      "geometry": {
        "type": "Polygon",
        "coordinates": [
          [
            [
              73.73952501187554,
              18.592283395465724
            ],
            [
              73.73971645754021,
              18.592303674202938
            ],
            [
              73.73989878778885,
              18.592285767804963
            ],
            [
              73.73990551277312,
              18.592442828445858
            ],
            [
              73.7398973549944,
              18.592597486235274
            ],
            [
              73.73953102578373,
              18.59257556844674
            ],
            [
              73.73952501187554,
              18.592283395465724
            ]
          ]
        ]
      }
    },
    {
      "type": "Feature",
      "id": "FE_087",
      "properties": {
        "feature_id": "FE_087",
        "survey_candidate": "285/2",
        "area": 1335.9,
        "feature_type": "Cadastral Boundary"
      },
      "geometry": {
        "type": "Polygon",
        "coordinates": [
          [
            [
              73.73995472392986,
              18.59229307723314
            ],
            [
              73.74012848146532,
              18.59228809805153
            ],
            [
              73.7403262300642,
              18.59228874892653
            ],
            [
              73.7403249593496,
              18.592448610758336
            ],
            [
              73.74031611553872,
              18.59259758132397
            ],
            [
              73.73995948536935,
              18.592604866583017
            ],
            [
              73.73995472392986,
              18.59229307723314
            ]
          ]
        ]
      }
    },
    {
      "type": "Feature",
      "id": "FE_088",
      "properties": {
        "feature_id": "FE_088",
        "survey_candidate": "286/3",
        "area": 1303.8,
        "feature_type": "Cadastral Boundary"
      },
      "geometry": {
        "type": "Polygon",
        "coordinates": [
          [
            [
              73.74038466489658,
              18.592287234447813
            ],
            [
              73.74055886567587,
              18.592278691662973
            ],
            [
              73.74074517443047,
              18.592284108331928
            ],
            [
              73.74073113201649,
              18.592430138140564
            ],
            [
              73.74073901700642,
              18.59259000589979
            ],
            [
              73.74038741005845,
              18.59260947099157
            ],
            [
              73.74038466489658,
              18.592287234447813
            ]
          ]
        ]
      }
    },
    {
      "type": "Feature",
      "id": "FE_089",
      "properties": {
        "feature_id": "FE_089",
        "survey_candidate": "287/4",
        "area": 1215.3,
        "feature_type": "Cadastral Boundary"
      },
      "geometry": {
        "type": "Polygon",
        "coordinates": [
          [
            [
              73.74080354019553,
              18.592285235720805
            ],
            [
              73.740979628465,
              18.592294708378006
            ],
            [
              73.7411664618891,
              18.59228509969033
            ],
            [
              73.74115572445196,
              18.59243451259011
            ],
            [
              73.74116331405709,
              18.592593193410828
            ],
            [
              73.74080881943546,
              18.592573624371663
            ],
            [
              73.74080354019553,
              18.592285235720805
            ]
          ]
        ]
      }
    },
    {
      "type": "Feature",
      "id": "FE_090",
      "properties": {
        "feature_id": "FE_090",
        "survey_candidate": "288/1",
        "area": 1308.1,
        "feature_type": "Cadastral Boundary"
      },
      "geometry": {
        "type": "Polygon",
        "coordinates": [
          [
            [
              73.7412445802192,
              18.592279391555696
            ],
            [
              73.74141353934847,
              18.592265239159364
            ],
            [
              73.74160572473437,
              18.59228077741225
            ],
            [
              73.74158696856078,
              18.592436800001177
            ],
            [
              73.74159863862509,
              18.592585967362186
            ],
            [
              73.74123427655412,
              18.5925882941248
            ],
            [
              73.7412445802192,
              18.592279391555696
            ]
          ]
        ]
      }
    },
    {
      "type": "Feature",
      "id": "FE_091",
      "properties": {
        "feature_id": "FE_091",
        "survey_candidate": "289/2",
        "area": 1328.2,
        "feature_type": "Cadastral Boundary"
      },
      "geometry": {
        "type": "Polygon",
        "coordinates": [
          [
            [
              73.74167125785071,
              18.59228074855349
            ],
            [
              73.74185193442086,
              18.592267423371737
            ],
            [
              73.7420291600481,
              18.592281819655863
            ],
            [
              73.74201145746105,
              18.592436525837563
            ],
            [
              73.74201980137333,
              18.59259210308679
            ],
            [
              73.74166306340277,
              18.592603214444726
            ],
            [
              73.74167125785071,
              18.59228074855349
            ]
          ]
        ]
      }
    },
    {
      "type": "Feature",
      "id": "FE_092",
      "properties": {
        "feature_id": "FE_092",
        "survey_candidate": "290/3",
        "area": 32.3,
        "feature_type": "Plot Division A"
      },
      "geometry": {
        "type": "Polygon",
        "coordinates": [
          [
            [
              73.74208426541232,
              18.59229086127815
            ],
            [
              73.74227497309458,
              18.592262235974268
            ],
            [
              73.74227589260981,
              18.592262235974268
            ],
            [
              73.74227589260981,
              18.59229086127815
            ],
            [
              73.74208426541232,
              18.59229086127815
            ]
          ]
        ]
      }
    },
    {
      "type": "Feature",
      "id": "FE_093",
      "properties": {
        "feature_id": "FE_093",
        "survey_candidate": "290/3",
        "area": 201.2,
        "feature_type": "Plot Division B"
      },
      "geometry": {
        "type": "Polygon",
        "coordinates": [
          [
            [
              73.74227589260981,
              18.592262235974268
            ],
            [
              73.74245516069527,
              18.5922797761994
            ],
            [
              73.74246263388366,
              18.592442431810035
            ],
            [
              73.74227589260981,
              18.59229086127815
            ],
            [
              73.74227589260981,
              18.592262235974268
            ]
          ]
        ]
      }
    },
    {
      "type": "Feature",
      "id": "FE_094",
      "properties": {
        "feature_id": "FE_094",
        "survey_candidate": "291/4",
        "area": 1291.3,
        "feature_type": "Cadastral Boundary"
      },
      "geometry": {
        "type": "Polygon",
        "coordinates": [
          [
            [
              73.7425225599402,
              18.59228031251418
            ],
            [
              73.7427084811927,
              18.592286555906615
            ],
            [
              73.74287619255382,
              18.59229208817964
            ],
            [
              73.74287100956485,
              18.59244369316574
            ],
            [
              73.7428840339555,
              18.592589274818554
            ],
            [
              73.74251629410935,
              18.592602406137726
            ],
            [
              73.7425225599402,
              18.59228031251418
            ]
          ]
        ]
      }
    },
    {
      "type": "Feature",
      "id": "FE_095",
      "properties": {
        "feature_id": "FE_095",
        "survey_candidate": "292/1",
        "area": 1361.8,
        "feature_type": "Cadastral Boundary"
      },
      "geometry": {
        "type": "Polygon",
        "coordinates": [
          [
            [
              73.74293654744018,
              18.592294970720655
            ],
            [
              73.74311836134817,
              18.592262379483362
            ],
            [
              73.74329722901881,
              18.592288484007394
            ],
            [
              73.74331724822896,
              18.59243643662821
            ],
            [
              73.74330164670796,
              18.592588681426776
            ],
            [
              73.74294513572355,
              18.59259884598988
            ],
            [
              73.74293654744018,
              18.592294970720655
            ]
          ]
        ]
      }
    },
    {
      "type": "Feature",
      "id": "FE_096",
      "properties": {
        "feature_id": "FE_096",
        "survey_candidate": "293/2",
        "area": 1310.2,
        "feature_type": "Cadastral Boundary"
      },
      "geometry": {
        "type": "Polygon",
        "coordinates": [
          [
            [
              73.74336848261824,
              18.592283362831257
            ],
            [
              73.74354431882735,
              18.592282628815234
            ],
            [
              73.74373147141048,
              18.592295123804146
            ],
            [
              73.74373966875204,
              18.592439263133333
            ],
            [
              73.74372972281854,
              18.592588035462164
            ],
            [
              73.74336823354925,
              18.59259461968866
            ],
            [
              73.74336848261824,
              18.592283362831257
            ]
          ]
        ]
      }
    },
    {
      "type": "Feature",
      "id": "FE_097",
      "properties": {
        "feature_id": "FE_097",
        "survey_candidate": "294/3",
        "area": 1313.8,
        "feature_type": "Cadastral Boundary"
      },
      "geometry": {
        "type": "Polygon",
        "coordinates": [
          [
            [
              73.74379875664151,
              18.592277994181003
            ],
            [
              73.7439785126435,
              18.592288487777093
            ],
            [
              73.74416343326712,
              18.592286492664734
            ],
            [
              73.74417095494327,
              18.592444150616444
            ],
            [
              73.74416197961094,
              18.592589315144203
            ],
            [
              73.7437937431458,
              18.592587026840494
            ],
            [
              73.74379875664151,
              18.592277994181003
            ]
          ]
        ]
      }
    },
    {
      "type": "Feature",
      "id": "FE_098",
      "properties": {
        "feature_id": "FE_098",
        "survey_candidate": "295/4",
        "area": 1297.9,
        "feature_type": "Cadastral Boundary"
      },
      "geometry": {
        "type": "Polygon",
        "coordinates": [
          [
            [
              73.74422688588167,
              18.592282180506967
            ],
            [
              73.74440945714993,
              18.592291385651272
            ],
            [
              73.74458361529051,
              18.592280122168006
            ],
            [
              73.74458337889882,
              18.59243700775306
            ],
            [
              73.74459372030567,
              18.592594214650354
            ],
            [
              73.74423281485993,
              18.592600702342715
            ],
            [
              73.74422688588167,
              18.592282180506967
            ]
          ]
        ]
      }
    },
    {
      "type": "Feature",
      "id": "FE_099",
      "properties": {
        "feature_id": "FE_099",
        "survey_candidate": "296/1",
        "area": 1326.4,
        "feature_type": "Cadastral Boundary"
      },
      "geometry": {
        "type": "Polygon",
        "coordinates": [
          [
            [
              73.7446616511867,
              18.592289516673624
            ],
            [
              73.74483242734158,
              18.592286725222692
            ],
            [
              73.74501554835675,
              18.592283355526273
            ],
            [
              73.74504076717642,
              18.59243770972973
            ],
            [
              73.74502536503003,
              18.592595828046296
            ],
            [
              73.74465095247318,
              18.592582054332645
            ],
            [
              73.7446616511867,
              18.592289516673624
            ]
          ]
        ]
      }
    },
    {
      "type": "Feature",
      "id": "FE_100",
      "properties": {
        "feature_id": "FE_100",
        "survey_candidate": "297/2",
        "area": 2128.7,
        "feature_type": "Consolidated Compound"
      },
      "geometry": {
        "type": "Polygon",
        "coordinates": [
          [
            [
              73.74496330885893,
              18.59229407435208
            ],
            [
              73.74525550113725,
              18.592280207883995
            ],
            [
              73.74556314842751,
              18.592286967595843
            ],
            [
              73.74556360204468,
              18.592444538343848
            ],
            [
              73.7455395748348,
              18.592596512645727
            ],
            [
              73.74497032830442,
              18.592589431547985
            ],
            [
              73.74496330885893,
              18.59229407435208
            ]
          ]
        ]
      }
    },
    {
      "type": "Feature",
      "id": "FE_101",
      "properties": {
        "feature_id": "FE_101",
        "survey_candidate": "298/3",
        "area": 1352.4,
        "feature_type": "Cadastral Boundary"
      },
      "geometry": {
        "type": "Polygon",
        "coordinates": [
          [
            [
              73.74550954056775,
              18.59227962766782
            ],
            [
              73.74568697561189,
              18.592266168102793
            ],
            [
              73.7458713120064,
              18.592288980370867
            ],
            [
              73.74586825435308,
              18.59243637437295
            ],
            [
              73.74586490130518,
              18.59259578009818
            ],
            [
              73.74550578229616,
              18.5925956135899
            ],
            [
              73.74550954056775,
              18.59227962766782
            ]
          ]
        ]
      }
    },
    {
      "type": "Feature",
      "id": "FE_102",
      "properties": {
        "feature_id": "FE_102",
        "survey_candidate": "299/4",
        "area": 1406.3,
        "feature_type": "Cadastral Boundary"
      },
      "geometry": {
        "type": "Polygon",
        "coordinates": [
          [
            [
              73.74594508550769,
              18.59228318415459
            ],
            [
              73.74611640964055,
              18.592262152617003
            ],
            [
              73.74630083699492,
              18.592277614202697
            ],
            [
              73.74630245638247,
              18.592440645112838
            ],
            [
              73.74630709332878,
              18.592593216565565
            ],
            [
              73.74593103571509,
              18.592607984351986
            ],
            [
              73.74594508550769,
              18.59228318415459
            ]
          ]
        ]
      }
    },
    {
      "type": "Feature",
      "id": "FE_103",
      "properties": {
        "feature_id": "FE_103",
        "survey_candidate": "300/1",
        "area": 1346.5,
        "feature_type": "Cadastral Boundary"
      },
      "geometry": {
        "type": "Polygon",
        "coordinates": [
          [
            [
              73.73782333960395,
              18.592638392708153
            ],
            [
              73.73799440801092,
              18.592616533287597
            ],
            [
              73.73818027168663,
              18.592646891277496
            ],
            [
              73.73816169543024,
              18.592799504685225
            ],
            [
              73.73818138064763,
              18.59295445753585
            ],
            [
              73.7378152701025,
              18.592957776420377
            ],
            [
              73.73782333960395,
              18.592638392708153
            ]
          ]
        ]
      }
    },
    {
      "type": "Feature",
      "id": "FE_104",
      "properties": {
        "feature_id": "FE_104",
        "survey_candidate": "301/2",
        "area": 1287.4,
        "feature_type": "Cadastral Boundary"
      },
      "geometry": {
        "type": "Polygon",
        "coordinates": [
          [
            [
              73.73823932455304,
              18.592641349380784
            ],
            [
              73.7384316072197,
              18.592610594620552
            ],
            [
              73.73860445682706,
              18.59264896604549
            ],
            [
              73.738598328063,
              18.592800291116326
            ],
            [
              73.73861239000227,
              18.592943466167206
            ],
            [
              73.73825595749913,
              18.59293037556019
            ],
            [
              73.73823932455304,
              18.592641349380784
            ]
          ]
        ]
      }
    },
    {
      "type": "Feature",
      "id": "FE_105",
      "properties": {
        "feature_id": "FE_105",
        "survey_candidate": "302/3",
        "area": 1301.2,
        "feature_type": "Cadastral Boundary"
      },
      "geometry": {
        "type": "Polygon",
        "coordinates": [
          [
            [
              73.73867090529423,
              18.592637505589504
            ],
            [
              73.73886192640812,
              18.592639092193327
            ],
            [
              73.73903688268689,
              18.592647722748733
            ],
            [
              73.739022869475,
              18.59279845234461
            ],
            [
              73.73903361383073,
              18.592950755000473
            ],
            [
              73.73868138830778,
              18.59296019449393
            ],
            [
              73.73867090529423,
              18.592637505589504
            ]
          ]
        ]
      }
    },
    {
      "type": "Feature",
      "id": "FE_106",
      "properties": {
        "feature_id": "FE_106",
        "survey_candidate": "303/4",
        "area": 1331.1,
        "feature_type": "Cadastral Boundary"
      },
      "geometry": {
        "type": "Polygon",
        "coordinates": [
          [
            [
              73.73910255746524,
              18.592642643743165
            ],
            [
              73.73928302098453,
              18.59266554577829
            ],
            [
              73.73946391757787,
              18.59265587492784
            ],
            [
              73.73948730020679,
              18.59280817527325
            ],
            [
              73.73945676909935,
              18.59296002683774
            ],
            [
              73.73910388311744,
              18.592968813641523
            ],
            [
              73.73910255746524,
              18.592642643743165
            ]
          ]
        ]
      }
    },
    {
      "type": "Feature",
      "id": "FE_107",
      "properties": {
        "feature_id": "FE_107",
        "survey_candidate": "304/1",
        "area": 1283.6,
        "feature_type": "Cadastral Boundary"
      },
      "geometry": {
        "type": "Polygon",
        "coordinates": [
          [
            [
              73.73953099284776,
              18.59265138455095
            ],
            [
              73.73970615776292,
              18.59262111796136
            ],
            [
              73.7398904501338,
              18.592647874584806
            ],
            [
              73.7398777758823,
              18.592793898791996
            ],
            [
              73.73988032157857,
              18.592959677323336
            ],
            [
              73.73953571307882,
              18.592940281816094
            ],
            [
              73.73953099284776,
              18.59265138455095
            ]
          ]
        ]
      }
    },
    {
      "type": "Feature",
      "id": "FE_108",
      "properties": {
        "feature_id": "FE_108",
        "survey_candidate": "305/2",
        "area": 1251.5,
        "feature_type": "Cadastral Boundary"
      },
      "geometry": {
        "type": "Polygon",
        "coordinates": [
          [
            [
              73.73995652193096,
              18.59264594375881
            ],
            [
              73.7401343018353,
              18.592663367341626
            ],
            [
              73.74032246163776,
              18.59263845757244
            ],
            [
              73.7403061574019,
              18.59280033122222
            ],
            [
              73.74031205692573,
              18.5929571486036
            ],
            [
              73.7399577779723,
              18.59295218954226
            ],
            [
              73.73995652193096,
              18.59264594375881
            ]
          ]
        ]
      }
    },
    {
      "type": "Feature",
      "id": "FE_109",
      "properties": {
        "feature_id": "FE_109",
        "survey_candidate": "306/3",
        "area": 1249.3,
        "feature_type": "Cadastral Boundary"
      },
      "geometry": {
        "type": "Polygon",
        "coordinates": [
          [
            [
              73.7403808189903,
              18.5926428193605
            ],
            [
              73.7405590070537,
              18.59265290897473
            ],
            [
              73.74074018699096,
              18.59265031207409
            ],
            [
              73.74072124565375,
              18.592798512863503
            ],
            [
              73.74073303127076,
              18.59295635942099
            ],
            [
              73.74038345480666,
              18.59295871632408
            ],
            [
              73.7403808189903,
              18.5926428193605
            ]
          ]
        ]
      }
    },
    {
      "type": "Feature",
      "id": "FE_110",
      "properties": {
        "feature_id": "FE_110",
        "survey_candidate": "307/4",
        "area": 1337.7,
        "feature_type": "Cadastral Boundary"
      },
      "geometry": {
        "type": "Polygon",
        "coordinates": [
          [
            [
              73.74080439074511,
              18.592645539332867
            ],
            [
              73.74099723988022,
              18.59262849906614
            ],
            [
              73.74117599787091,
              18.59265048443443
            ],
            [
              73.74117137970453,
              18.592805011445382
            ],
            [
              73.74116204872745,
              18.592951095580514
            ],
            [
              73.7408096444377,
              18.59295398830665
            ],
            [
              73.74080439074511,
              18.592645539332867
            ]
          ]
        ]
      }
    },
    {
      "type": "Feature",
      "id": "FE_111",
      "properties": {
        "feature_id": "FE_111",
        "survey_candidate": "308/1",
        "area": 1284.0,
        "feature_type": "Cadastral Boundary"
      },
      "geometry": {
        "type": "Polygon",
        "coordinates": [
          [
            [
              73.74123925374484,
              18.592650794237723
            ],
            [
              73.74142016350629,
              18.592646191950582
            ],
            [
              73.74159516816547,
              18.592655517220564
            ],
            [
              73.7415979142039,
              18.592798462783342
            ],
            [
              73.74159175820208,
              18.592953955332582
            ],
            [
              73.74123508827537,
              18.592957399216644
            ],
            [
              73.74123925374484,
              18.592650794237723
            ]
          ]
        ]
      }
    },
    {
      "type": "Feature",
      "id": "FE_112",
      "properties": {
        "feature_id": "FE_112",
        "survey_candidate": "309/2",
        "area": 1370.5,
        "feature_type": "Cadastral Boundary"
      },
      "geometry": {
        "type": "Polygon",
        "coordinates": [
          [
            [
              73.74167410453795,
              18.5926404452141
            ],
            [
              73.74184198791806,
              18.59261270381803
            ],
            [
              73.7420214945724,
              18.592651201000535
            ],
            [
              73.74202172501495,
              18.59280493691142
            ],
            [
              73.74202558890958,
              18.59295564780751
            ],
            [
              73.74166703750068,
              18.592968538120097
            ],
            [
              73.74167410453795,
              18.5926404452141
            ]
          ]
        ]
      }
    },
    {
      "type": "Feature",
      "id": "FE_113",
      "properties": {
        "feature_id": "FE_113",
        "survey_candidate": "310/3",
        "area": 1299.1,
        "feature_type": "Cadastral Boundary"
      },
      "geometry": {
        "type": "Polygon",
        "coordinates": [
          [
            [
              73.74208618214304,
              18.59263847873185
            ],
            [
              73.74226531197611,
              18.59263573693653
            ],
            [
              73.74245258119944,
              18.592639713552813
            ],
            [
              73.7424539366863,
              18.592797435414365
            ],
            [
              73.74244936693007,
              18.592951474140435
            ],
            [
              73.74209867660343,
              18.592939903681152
            ],
            [
              73.74208618214304,
              18.59263847873185
            ]
          ]
        ]
      }
    },
    {
      "type": "Feature",
      "id": "FE_114",
      "properties": {
        "feature_id": "FE_114",
        "survey_candidate": "311/4",
        "area": 1326.6,
        "feature_type": "Cadastral Boundary"
      },
      "geometry": {
        "type": "Polygon",
        "coordinates": [
          [
            [
              73.74251421793497,
              18.592636621284665
            ],
            [
              73.74269283981211,
              18.592659740596353
            ],
            [
              73.74287096439873,
              18.59265043670288
            ],
            [
              73.74289126198641,
              18.592797346842158
            ],
            [
              73.74287775120938,
              18.592943261366845
            ],
            [
              73.7425089087164,
              18.592970814343783
            ],
            [
              73.74251421793497,
              18.592636621284665
            ]
          ]
        ]
      }
    },
    {
      "type": "Feature",
      "id": "FE_115",
      "properties": {
        "feature_id": "FE_115",
        "survey_candidate": "312/1",
        "area": 1344.6,
        "feature_type": "Cadastral Boundary"
      },
      "geometry": {
        "type": "Polygon",
        "coordinates": [
          [
            [
              73.74293999497407,
              18.592639258216504
            ],
            [
              73.74313625969873,
              18.592636852195447
            ],
            [
              73.74330268254118,
              18.592652116959915
            ],
            [
              73.74330616058121,
              18.592796313638445
            ],
            [
              73.74330112956545,
              18.592951263691983
            ],
            [
              73.74294263191469,
              18.592964247241316
            ],
            [
              73.74293999497407,
              18.592639258216504
            ]
          ]
        ]
      }
    },
    {
      "type": "Feature",
      "id": "FE_116",
      "properties": {
        "feature_id": "FE_116",
        "survey_candidate": "313/2",
        "area": 1264.9,
        "feature_type": "Cadastral Boundary"
      },
      "geometry": {
        "type": "Polygon",
        "coordinates": [
          [
            [
              73.74337341164969,
              18.59264735948577
            ],
            [
              73.74355840066977,
              18.592658427584368
            ],
            [
              73.74373389281311,
              18.592643156542167
            ],
            [
              73.74373696971197,
              18.59280755970116
            ],
            [
              73.74373833081916,
              18.59295664575695
            ],
            [
              73.74338255799154,
              18.592950005919448
            ],
            [
              73.74337341164969,
              18.59264735948577
            ]
          ]
        ]
      }
    },
    {
      "type": "Feature",
      "id": "FE_117",
      "properties": {
        "feature_id": "FE_117",
        "survey_candidate": "314/3",
        "area": 1207.0,
        "feature_type": "Cadastral Boundary"
      },
      "geometry": {
        "type": "Polygon",
        "coordinates": [
          [
            [
              73.74380800820384,
              18.59264522605861
            ],
            [
              73.74398835032271,
              18.592664967846126
            ],
            [
              73.74416059008571,
              18.59264986190813
            ],
            [
              73.7441620292331,
              18.592796340346883
            ],
            [
              73.7441586135695,
              18.59295055741372
            ],
            [
              73.74380301171371,
              18.59294203030588
            ],
            [
              73.74380800820384,
              18.59264522605861
            ]
          ]
        ]
      }
    },
    {
      "type": "Feature",
      "id": "FE_118",
      "properties": {
        "feature_id": "FE_118",
        "survey_candidate": "315/4",
        "area": 1303.6,
        "feature_type": "Cadastral Boundary"
      },
      "geometry": {
        "type": "Polygon",
        "coordinates": [
          [
            [
              73.74423130873758,
              18.592650059427996
            ],
            [
              73.7443996126524,
              18.592656868259407
            ],
            [
              73.74459657465428,
              18.592644699766623
            ],
            [
              73.7445931533741,
              18.592791927624813
            ],
            [
              73.74459730424113,
              18.592955504382033
            ],
            [
              73.74422760375921,
              18.5929577671341
            ],
            [
              73.74423130873758,
              18.592650059427996
            ]
          ]
        ]
      }
    },
    {
      "type": "Feature",
      "id": "FE_119",
      "properties": {
        "feature_id": "FE_119",
        "survey_candidate": "316/1",
        "area": 1321.7,
        "feature_type": "Cadastral Boundary"
      },
      "geometry": {
        "type": "Polygon",
        "coordinates": [
          [
            [
              73.74471397834823,
              18.592623976302082
            ],
            [
              73.74488136079623,
              18.592636510329324
            ],
            [
              73.74506163033296,
              18.592624762026475
            ],
            [
              73.74505632016707,
              18.592781616926327
            ],
            [
              73.74506038353536,
              18.592939782455698
            ],
            [
              73.74471026114549,
              18.59294885457598
            ],
            [
              73.74471397834823,
              18.592623976302082
            ]
          ]
        ]
      }
    },
    {
      "type": "Feature",
      "id": "FE_120",
      "properties": {
        "feature_id": "FE_120",
        "survey_candidate": "317/2",
        "area": 1406.7,
        "feature_type": "Cadastral Boundary"
      },
      "geometry": {
        "type": "Polygon",
        "coordinates": [
          [
            [
              73.74507369894557,
              18.592648774069247
            ],
            [
              73.74525321402565,
              18.592631250753556
            ],
            [
              73.74544284894266,
              18.592641712949707
            ],
            [
              73.74545986163464,
              18.59280724844172
            ],
            [
              73.74544754239488,
              18.592951695094573
            ],
            [
              73.74508760698197,
              18.59297079885671
            ],
            [
              73.74507369894557,
              18.592648774069247
            ]
          ]
        ]
      }
    },
    {
      "type": "Feature",
      "id": "FE_121",
      "properties": {
        "feature_id": "FE_121",
        "survey_candidate": "318/3",
        "area": 1206.3,
        "feature_type": "Cadastral Boundary"
      },
      "geometry": {
        "type": "Polygon",
        "coordinates": [
          [
            [
              73.74550848044241,
              18.592653315344144
            ],
            [
              73.74569220485414,
              18.59266332833504
            ],
            [
              73.74587091742383,
              18.592643719078858
            ],
            [
              73.74585215089415,
              18.592794760594373
            ],
            [
              73.74587026607819,
              18.592949884297035
            ],
            [
              73.74551120115474,
              18.592949047100156
            ],
            [
              73.74550848044241,
              18.592653315344144
            ]
          ]
        ]
      }
    },
    {
      "type": "Feature",
      "id": "FE_122",
      "properties": {
        "feature_id": "FE_122",
        "survey_candidate": "319/4",
        "area": 1385.8,
        "feature_type": "Cadastral Boundary"
      },
      "geometry": {
        "type": "Polygon",
        "coordinates": [
          [
            [
              73.74593534949483,
              18.592644764663227
            ],
            [
              73.74612607507298,
              18.592620883025532
            ],
            [
              73.7462924002938,
              18.592641855791413
            ],
            [
              73.74629689126499,
              18.592796059894113
            ],
            [
              73.74630805452993,
              18.592946262545077
            ],
            [
              73.74593263334482,
              18.592967503361386
            ],
            [
              73.74593534949483,
              18.592644764663227
            ]
          ]
        ]
      }
    },
    {
      "type": "Feature",
      "id": "FE_123",
      "properties": {
        "feature_id": "FE_123",
        "survey_candidate": "320/1",
        "area": 1227.5,
        "feature_type": "Cadastral Boundary"
      },
      "geometry": {
        "type": "Polygon",
        "coordinates": [
          [
            [
              73.73781347931212,
              18.59300814316506
            ],
            [
              73.73800345527206,
              18.59301957274132
            ],
            [
              73.73817559488253,
              18.59300178460829
            ],
            [
              73.73815995290394,
              18.593151207358506
            ],
            [
              73.7381811235847,
              18.59331626526802
            ],
            [
              73.73781282283556,
              18.59329833951706
            ],
            [
              73.73781347931212,
              18.59300814316506
            ]
          ]
        ]
      }
    },
    {
      "type": "Feature",
      "id": "FE_124",
      "properties": {
        "feature_id": "FE_124",
        "survey_candidate": "321/2",
        "area": 1309.5,
        "feature_type": "Cadastral Boundary"
      },
      "geometry": {
        "type": "Polygon",
        "coordinates": [
          [
            [
              73.73830510163012,
              18.592981253970727
            ],
            [
              73.73848176574204,
              18.59297407363288
            ],
            [
              73.73866435462725,
              18.592973240534302
            ],
            [
              73.73864964406899,
              18.593123389127566
            ],
            [
              73.73865816925316,
              18.593280231609647
            ],
            [
              73.73830135798207,
              18.593296563232734
            ],
            [
              73.73830510163012,
              18.592981253970727
            ]
          ]
        ]
      }
    },
    {
      "type": "Feature",
      "id": "FE_125",
      "properties": {
        "feature_id": "FE_125",
        "survey_candidate": "322/3",
        "area": 1359.7,
        "feature_type": "Cadastral Boundary"
      },
      "geometry": {
        "type": "Polygon",
        "coordinates": [
          [
            [
              73.73867560129113,
              18.59300948454372
            ],
            [
              73.73885488540621,
              18.592989878350622
            ],
            [
              73.73903529017743,
              18.59299743144661
            ],
            [
              73.73905507487997,
              18.593160120335046
            ],
            [
              73.7390357562617,
              18.593315937794365
            ],
            [
              73.73868038017447,
              18.59330959911624
            ],
            [
              73.73867560129113,
              18.59300948454372
            ]
          ]
        ]
      }
    },
    {
      "type": "Feature",
      "id": "FE_126",
      "properties": {
        "feature_id": "FE_126",
        "survey_candidate": "323/4",
        "area": 1263.2,
        "feature_type": "Cadastral Boundary"
      },
      "geometry": {
        "type": "Polygon",
        "coordinates": [
          [
            [
              73.73910337507876,
              18.593002661881318
            ],
            [
              73.7392796499995,
              18.593019761566822
            ],
            [
              73.73946241083326,
              18.593012749719463
            ],
            [
              73.73945781932132,
              18.593161880422
            ],
            [
              73.73945925332308,
              18.593319443430634
            ],
            [
              73.73909791183938,
              18.593309640678715
            ],
            [
              73.73910337507876,
              18.593002661881318
            ]
          ]
        ]
      }
    },
    {
      "type": "Feature",
      "id": "FE_127",
      "properties": {
        "feature_id": "FE_127",
        "survey_candidate": "324/1",
        "area": 1314.6,
        "feature_type": "Cadastral Boundary"
      },
      "geometry": {
        "type": "Polygon",
        "coordinates": [
          [
            [
              73.7395211119512,
              18.593009955069935
            ],
            [
              73.73970253294847,
              18.592984429744742
            ],
            [
              73.73988361840449,
              18.593009189475474
            ],
            [
              73.73989007388319,
              18.593155304533994
            ],
            [
              73.73988167699916,
              18.59330990186899
            ],
            [
              73.73952693029437,
              18.593303950765936
            ],
            [
              73.7395211119512,
              18.593009955069935
            ]
          ]
        ]
      }
    },
    {
      "type": "Feature",
      "id": "FE_128",
      "properties": {
        "feature_id": "FE_128",
        "survey_candidate": "325/2",
        "area": 1323.6,
        "feature_type": "Cadastral Boundary"
      },
      "geometry": {
        "type": "Polygon",
        "coordinates": [
          [
            [
              73.73995831562024,
              18.593013721516044
            ],
            [
              73.74013045304311,
              18.59300744818288
            ],
            [
              73.74032013520888,
              18.593010685586897
            ],
            [
              73.74032552721789,
              18.5931629636149
            ],
            [
              73.7403176325516,
              18.59330615092922
            ],
            [
              73.7399539299717,
              18.593331651802334
            ],
            [
              73.73995831562024,
              18.593013721516044
            ]
          ]
        ]
      }
    },
    {
      "type": "Feature",
      "id": "FE_129",
      "properties": {
        "feature_id": "FE_129",
        "survey_candidate": "326/3",
        "area": 1350.9,
        "feature_type": "Cadastral Boundary"
      },
      "geometry": {
        "type": "Polygon",
        "coordinates": [
          [
            [
              73.74037154591645,
              18.592998526525335
            ],
            [
              73.74056642688065,
              18.59302027447126
            ],
            [
              73.74073628169849,
              18.593002560116403
            ],
            [
              73.74076168102162,
              18.593159326538718
            ],
            [
              73.74073672339642,
              18.593314114861975
            ],
            [
              73.7403801351636,
              18.59332489084106
            ],
            [
              73.74037154591645,
              18.592998526525335
            ]
          ]
        ]
      }
    },
    {
      "type": "Feature",
      "id": "FE_130",
      "properties": {
        "feature_id": "FE_130",
        "survey_candidate": "327/4",
        "area": 1363.7,
        "feature_type": "Cadastral Boundary"
      },
      "geometry": {
        "type": "Polygon",
        "coordinates": [
          [
            [
              73.74080627177699,
              18.59300068859522
            ],
            [
              73.74098591573244,
              18.59299363903495
            ],
            [
              73.74117946545248,
              18.59300354711527
            ],
            [
              73.74116022690575,
              18.59315668215642
            ],
            [
              73.74116912795681,
              18.59331617587989
            ],
            [
              73.74081389980513,
              18.593331343777628
            ],
            [
              73.74080627177699,
              18.59300068859522
            ]
          ]
        ]
      }
    },
    {
      "type": "Feature",
      "id": "FE_131",
      "properties": {
        "feature_id": "FE_131",
        "survey_candidate": "328/1",
        "area": 1313.6,
        "feature_type": "Cadastral Boundary"
      },
      "geometry": {
        "type": "Polygon",
        "coordinates": [
          [
            [
              73.74124492583731,
              18.59301265884266
            ],
            [
              73.74141743140719,
              18.59298889952067
            ],
            [
              73.74159498094701,
              18.59300759632909
            ],
            [
              73.74160873007396,
              18.59316154296452
            ],
            [
              73.74158966342372,
              18.593320860266733
            ],
            [
              73.74124620657176,
              18.59331032718541
            ],
            [
              73.74124492583731,
              18.59301265884266
            ]
          ]
        ]
      }
    },
    {
      "type": "Feature",
      "id": "FE_132",
      "properties": {
        "feature_id": "FE_132",
        "survey_candidate": "329/2",
        "area": 1346.9,
        "feature_type": "Cadastral Boundary"
      },
      "geometry": {
        "type": "Polygon",
        "coordinates": [
          [
            [
              73.74165908191492,
              18.593000664360595
            ],
            [
              73.74184787872812,
              18.59301838056117
            ],
            [
              73.74202897827425,
              18.593010644646025
            ],
            [
              73.74203328953452,
              18.593161444954887
            ],
            [
              73.74202672941787,
              18.59331534422496
            ],
            [
              73.74166551439477,
              18.593333691719774
            ],
            [
              73.74165908191492,
              18.593000664360595
            ]
          ]
        ]
      }
    },
    {
      "type": "Feature",
      "id": "FE_133",
      "properties": {
        "feature_id": "FE_133",
        "survey_candidate": "330/3",
        "area": 1342.3,
        "feature_type": "Cadastral Boundary"
      },
      "geometry": {
        "type": "Polygon",
        "coordinates": [
          [
            [
              73.74210309451468,
              18.593007317524194
            ],
            [
              73.74227192056972,
              18.592991552097743
            ],
            [
              73.74245874650208,
              18.593010373112584
            ],
            [
              73.74245743615579,
              18.593162005061597
            ],
            [
              73.74246024913366,
              18.59331886663865
            ],
            [
              73.74209621060359,
              18.593320860517338
            ],
            [
              73.74210309451468,
              18.593007317524194
            ]
          ]
        ]
      }
    },
    {
      "type": "Feature",
      "id": "FE_134",
      "properties": {
        "feature_id": "FE_134",
        "survey_candidate": "331/4",
        "area": 1276.6,
        "feature_type": "Cadastral Boundary"
      },
      "geometry": {
        "type": "Polygon",
        "coordinates": [
          [
            [
              73.74251567885734,
              18.593010052878117
            ],
            [
              73.74269809665921,
              18.593017518231708
            ],
            [
              73.74286923362406,
              18.59301040520905
            ],
            [
              73.74286915579151,
              18.593163039705647
            ],
            [
              73.74287483354779,
              18.59330730347799
            ],
            [
              73.74250816653709,
              18.593328448047455
            ],
            [
              73.74251567885734,
              18.593010052878117
            ]
          ]
        ]
      }
    },
    {
      "type": "Feature",
      "id": "FE_135",
      "properties": {
        "feature_id": "FE_135",
        "survey_candidate": "332/1",
        "area": 1213.3,
        "feature_type": "Cadastral Boundary"
      },
      "geometry": {
        "type": "Polygon",
        "coordinates": [
          [
            [
              73.74301881827381,
              18.592988529748858
            ],
            [
              73.7431926859537,
              18.592996161251456
            ],
            [
              73.74337117221565,
              18.593000151949106
            ],
            [
              73.74338193776207,
              18.593153107892707
            ],
            [
              73.74336971900415,
              18.593303797206467
            ],
            [
              73.74301880002977,
              18.593288936181246
            ],
            [
              73.74301881827381,
              18.592988529748858
            ]
          ]
        ]
      }
    },
    {
      "type": "Feature",
      "id": "FE_136",
      "properties": {
        "feature_id": "FE_136",
        "survey_candidate": "333/2",
        "area": 1228.1,
        "feature_type": "Cadastral Boundary"
      },
      "geometry": {
        "type": "Polygon",
        "coordinates": [
          [
            [
              73.7433816091384,
              18.593001094980266
            ],
            [
              73.74354802165634,
              18.59302183136854
            ],
            [
              73.74373206952039,
              18.592997319602173
            ],
            [
              73.74373624347862,
              18.59316379947875
            ],
            [
              73.74373477179772,
              18.59331021962294
            ],
            [
              73.7433752441557,
              18.59329904205081
            ],
            [
              73.7433816091384,
              18.593001094980266
            ]
          ]
        ]
      }
    },
    {
      "type": "Feature",
      "id": "FE_137",
      "properties": {
        "feature_id": "FE_137",
        "survey_candidate": "334/3",
        "area": 1256.7,
        "feature_type": "Cadastral Boundary"
      },
      "geometry": {
        "type": "Polygon",
        "coordinates": [
          [
            [
              73.74380599215486,
              18.5930045204526
            ],
            [
              73.74397617792808,
              18.593008827332095
            ],
            [
              73.74416524300722,
              18.592996071473316
            ],
            [
              73.7441779462574,
              18.593152382664268
            ],
            [
              73.74416315409503,
              18.59330218302716
            ],
            [
              73.74381069289248,
              18.593298291959098
            ],
            [
              73.74380599215486,
              18.5930045204526
            ]
          ]
        ]
      }
    },
    {
      "type": "Feature",
      "id": "FE_138",
      "properties": {
        "feature_id": "FE_138",
        "survey_candidate": "335/4",
        "area": 1288.3,
        "feature_type": "Cadastral Boundary"
      },
      "geometry": {
        "type": "Polygon",
        "coordinates": [
          [
            [
              73.74422273019776,
              18.593009302594364
            ],
            [
              73.74441252152343,
              18.59299920665925
            ],
            [
              73.74458922113446,
              18.593015089641092
            ],
            [
              73.74457226040086,
              18.593163762282742
            ],
            [
              73.7445867658361,
              18.59331928776451
            ],
            [
              73.74422988689427,
              18.593313751123837
            ],
            [
              73.74422273019776,
              18.593009302594364
            ]
          ]
        ]
      }
    },
    {
      "type": "Feature",
      "id": "FE_139",
      "properties": {
        "feature_id": "FE_139",
        "survey_candidate": "336/1",
        "area": 1285.9,
        "feature_type": "Cadastral Boundary"
      },
      "geometry": {
        "type": "Polygon",
        "coordinates": [
          [
            [
              73.74465657634416,
              18.593012572490526
            ],
            [
              73.7448399061591,
              18.592984948095452
            ],
            [
              73.74500790942427,
              18.593000077946556
            ],
            [
              73.74500801651317,
              18.59316273823411
            ],
            [
              73.74500704623914,
              18.593308554199815
            ],
            [
              73.74464863114629,
              18.59330186552201
            ],
            [
              73.74465657634416,
              18.593012572490526
            ]
          ]
        ]
      }
    },
    {
      "type": "Feature",
      "id": "FE_140",
      "properties": {
        "feature_id": "FE_140",
        "survey_candidate": "337/2",
        "area": 1339.0,
        "feature_type": "Cadastral Boundary"
      },
      "geometry": {
        "type": "Polygon",
        "coordinates": [
          [
            [
              73.74507306810831,
              18.593003490748952
            ],
            [
              73.74526494656804,
              18.593019183192855
            ],
            [
              73.74544978669422,
              18.59301598372258
            ],
            [
              73.74545182942744,
              18.59316555739934
            ],
            [
              73.74544037262429,
              18.59331255622482
            ],
            [
              73.74507494692834,
              18.593327483973983
            ],
            [
              73.74507306810831,
              18.593003490748952
            ]
          ]
        ]
      }
    },
    {
      "type": "Feature",
      "id": "FE_141",
      "properties": {
        "feature_id": "FE_141",
        "survey_candidate": "338/3",
        "area": 1238.8,
        "feature_type": "Cadastral Boundary"
      },
      "geometry": {
        "type": "Polygon",
        "coordinates": [
          [
            [
              73.7455111338931,
              18.59300520750595
            ],
            [
              73.74569847962698,
              18.593021906071392
            ],
            [
              73.74586765685982,
              18.59300197984763
            ],
            [
              73.74588765812726,
              18.59314958153791
            ],
            [
              73.74587673358722,
              18.593314937756926
            ],
            [
              73.74552118851354,
              18.593291849947594
            ],
            [
              73.7455111338931,
              18.59300520750595
            ]
          ]
        ]
      }
    },
    {
      "type": "Feature",
      "id": "FE_142",
      "properties": {
        "feature_id": "FE_142",
        "survey_candidate": "339/4",
        "area": 1312.9,
        "feature_type": "Cadastral Boundary"
      },
      "geometry": {
        "type": "Polygon",
        "coordinates": [
          [
            [
              73.74593602335004,
              18.5930072589473
            ],
            [
              73.74611375528434,
              18.593004853091806
            ],
            [
              73.74628641641148,
              18.59301220618802
            ],
            [
              73.74629165105395,
              18.593160342826003
            ],
            [
              73.74629689738553,
              18.59331391128721
            ],
            [
              73.74593907515543,
              18.59333376567948
            ],
            [
              73.74593602335004,
              18.5930072589473
            ]
          ]
        ]
      }
    },
    {
      "type": "Feature",
      "id": "FE_143",
      "properties": {
        "feature_id": "FE_143",
        "survey_candidate": "340/1",
        "area": 1287.1,
        "feature_type": "Cadastral Boundary"
      },
      "geometry": {
        "type": "Polygon",
        "coordinates": [
          [
            [
              73.73782154052654,
              18.593365466548832
            ],
            [
              73.73799455418106,
              18.593340668904915
            ],
            [
              73.73818514717084,
              18.59336615218443
            ],
            [
              73.73816906996673,
              18.593519106355163
            ],
            [
              73.73817283533346,
              18.593672845807664
            ],
            [
              73.73782172190988,
              18.593656827021583
            ],
            [
              73.73782154052654,
              18.593365466548832
            ]
          ]
        ]
      }
    },
    {
      "type": "Feature",
      "id": "FE_144",
      "properties": {
        "feature_id": "FE_144",
        "survey_candidate": "341/2",
        "area": 1266.0,
        "feature_type": "Cadastral Boundary"
      },
      "geometry": {
        "type": "Polygon",
        "coordinates": [
          [
            [
              73.7382516019118,
              18.593372339884002
            ],
            [
              73.73843232358257,
              18.59335347214746
            ],
            [
              73.73861131528524,
              18.593369025981062
            ],
            [
              73.73860873673051,
              18.593518375780313
            ],
            [
              73.73860563544535,
              18.593667278893275
            ],
            [
              73.7382486003947,
              18.593660093883564
            ],
            [
              73.7382516019118,
              18.593372339884002
            ]
          ]
        ]
      }
    },
    {
      "type": "Feature",
      "id": "FE_145",
      "properties": {
        "feature_id": "FE_145",
        "survey_candidate": "342/3",
        "area": 1310.6,
        "feature_type": "Cadastral Boundary"
      },
      "geometry": {
        "type": "Polygon",
        "coordinates": [
          [
            [
              73.73867153762558,
              18.593360426661707
            ],
            [
              73.73886375423442,
              18.593346467523872
            ],
            [
              73.73904363449786,
              18.593361494895984
            ],
            [
              73.73903140921695,
              18.59352313165612
            ],
            [
              73.73902960005441,
              18.59367420615665
            ],
            [
              73.73868012763195,
              18.593657560518015
            ],
            [
              73.73867153762558,
              18.593360426661707
            ]
          ]
        ]
      }
    },
    {
      "type": "Feature",
      "id": "FE_146",
      "properties": {
        "feature_id": "FE_146",
        "survey_candidate": "343/4",
        "area": 1308.7,
        "feature_type": "Cadastral Boundary"
      },
      "geometry": {
        "type": "Polygon",
        "coordinates": [
          [
            [
              73.73911084983926,
              18.593359967236086
            ],
            [
              73.73928504875204,
              18.593348688099038
            ],
            [
              73.73945730742572,
              18.59336318271214
            ],
            [
              73.73946517611925,
              18.593523729098095
            ],
            [
              73.7394640847697,
              18.593669080620916
            ],
            [
              73.73911190214136,
              18.593677507037395
            ],
            [
              73.73911084983926,
              18.593359967236086
            ]
          ]
        ]
      }
    },
    {
      "type": "Feature",
      "id": "FE_147",
      "properties": {
        "feature_id": "FE_147",
        "survey_candidate": "344/1",
        "area": 1314.0,
        "feature_type": "Cadastral Boundary"
      },
      "geometry": {
        "type": "Polygon",
        "coordinates": [
          [
            [
              73.73952543934621,
              18.593371142794737
            ],
            [
              73.73971014133424,
              18.593358144107416
            ],
            [
              73.73988431750236,
              18.59337079962026
            ],
            [
              73.73990594782083,
              18.59352693308283
            ],
            [
              73.73988292784637,
              18.593676678481966
            ],
            [
              73.73953736723392,
              18.593670252228723
            ],
            [
              73.73952543934621,
              18.593371142794737
            ]
          ]
        ]
      }
    },
    {
      "type": "Feature",
      "id": "FE_148",
      "properties": {
        "feature_id": "FE_148",
        "survey_candidate": "345/2",
        "area": 1317.6,
        "feature_type": "Cadastral Boundary"
      },
      "geometry": {
        "type": "Polygon",
        "coordinates": [
          [
            [
              73.7399633984377,
              18.593369776295667
            ],
            [
              73.74013792269659,
              18.593342147234246
            ],
            [
              73.74031149397496,
              18.593367664536547
            ],
            [
              73.74032544249035,
              18.593521857171833
            ],
            [
              73.74031177552256,
              18.593667735886473
            ],
            [
              73.7399526345096,
              18.593668486470108
            ],
            [
              73.7399633984377,
              18.593369776295667
            ]
          ]
        ]
      }
    },
    {
      "type": "Feature",
      "id": "FE_149",
      "properties": {
        "feature_id": "FE_149",
        "survey_candidate": "346/3",
        "area": 1320.7,
        "feature_type": "Cadastral Boundary"
      },
      "geometry": {
        "type": "Polygon",
        "coordinates": [
          [
            [
              73.7403889432955,
              18.593373128193697
            ],
            [
              73.7405603632813,
              18.593355667831204
            ],
            [
              73.7407522655485,
              18.593366837043533
            ],
            [
              73.74075513732016,
              18.593528805710115
            ],
            [
              73.7407411933395,
              18.59367529433647
            ],
            [
              73.74037502991956,
              18.593661248547104
            ],
            [
              73.7403889432955,
              18.593373128193697
            ]
          ]
        ]
      }
    },
    {
      "type": "Feature",
      "id": "FE_150",
      "properties": {
        "feature_id": "FE_150",
        "survey_candidate": "347/4",
        "area": 1349.7,
        "feature_type": "Cadastral Boundary"
      },
      "geometry": {
        "type": "Polygon",
        "coordinates": [
          [
            [
              73.74080082914402,
              18.593365509513053
            ],
            [
              73.74099545710594,
              18.593344555887324
            ],
            [
              73.74117545754052,
              18.593369888500188
            ],
            [
              73.741148722982,
              18.59351223550951
            ],
            [
              73.74116313111831,
              18.593668625933017
            ],
            [
              73.74080024167067,
              18.59368562066684
            ],
            [
              73.74080082914402,
              18.593365509513053
            ]
          ]
        ]
      }
    },
    {
      "type": "Feature",
      "id": "FE_151",
      "properties": {
        "feature_id": "FE_151",
        "survey_candidate": "348/1",
        "area": 1272.6,
        "feature_type": "Cadastral Boundary"
      },
      "geometry": {
        "type": "Polygon",
        "coordinates": [
          [
            [
              73.74122833804202,
              18.59336822578848
            ],
            [
              73.74141687927637,
              18.59337648658219
            ],
            [
              73.74159717173158,
              18.593369427775404
            ],
            [
              73.74160166491822,
              18.59351867781562
            ],
            [
              73.74159505788607,
              18.59366868507047
            ],
            [
              73.74124295803416,
              18.593675292690552
            ],
            [
              73.74122833804202,
              18.59336822578848
            ]
          ]
        ]
      }
    },
    {
      "type": "Feature",
      "id": "FE_152",
      "properties": {
        "feature_id": "FE_152",
        "survey_candidate": "349/2",
        "area": 1328.3,
        "feature_type": "Cadastral Boundary"
      },
      "geometry": {
        "type": "Polygon",
        "coordinates": [
          [
            [
              73.74166563967657,
              18.59337056766041
            ],
            [
              73.74185224511137,
              18.59335940734376
            ],
            [
              73.7420211165014,
              18.593375077225268
            ],
            [
              73.7420303097958,
              18.593519938888324
            ],
            [
              73.7420250722147,
              18.59367133251372
            ],
            [
              73.74167100837894,
              18.59369414088831
            ],
            [
              73.74166563967657,
              18.59337056766041
            ]
          ]
        ]
      }
    },
    {
      "type": "Feature",
      "id": "FE_153",
      "properties": {
        "feature_id": "FE_153",
        "survey_candidate": "350/3",
        "area": 1391.9,
        "feature_type": "Cadastral Boundary"
      },
      "geometry": {
        "type": "Polygon",
        "coordinates": [
          [
            [
              73.74209079136253,
              18.593363449933968
            ],
            [
              73.74227121676032,
              18.593337768309993
            ],
            [
              73.7424526037449,
              18.5933730087743
            ],
            [
              73.74245432783812,
              18.59352587290783
            ],
            [
              73.74245608924207,
              18.59367750628766
            ],
            [
              73.7420873335848,
              18.5936798545392
            ],
            [
              73.74209079136253,
              18.593363449933968
            ]
          ]
        ]
      }
    },
    {
      "type": "Feature",
      "id": "FE_154",
      "properties": {
        "feature_id": "FE_154",
        "survey_candidate": "351/4",
        "area": 1282.1,
        "feature_type": "Cadastral Boundary"
      },
      "geometry": {
        "type": "Polygon",
        "coordinates": [
          [
            [
              73.74252019581357,
              18.59336569152338
            ],
            [
              73.74270138621645,
              18.593348437719044
            ],
            [
              73.74288609908007,
              18.593364232451876
            ],
            [
              73.74287518158623,
              18.593518479913868
            ],
            [
              73.74288759012515,
              18.59367094900348
            ],
            [
              73.74252583895509,
              18.593654414395782
            ],
            [
              73.74252019581357,
              18.59336569152338
            ]
          ]
        ]
      }
    },
    {
      "type": "Feature",
      "id": "FE_155",
      "properties": {
        "feature_id": "FE_155",
        "survey_candidate": "352/1",
        "area": 1203.6,
        "feature_type": "Cadastral Boundary"
      },
      "geometry": {
        "type": "Polygon",
        "coordinates": [
          [
            [
              73.74295347475373,
              18.593368492952234
            ],
            [
              73.74313570632302,
              18.593377426917346
            ],
            [
              73.7433121994049,
              18.593360864128492
            ],
            [
              73.74330371082965,
              18.593524041881924
            ],
            [
              73.74331640391475,
              18.593672156170854
            ],
            [
              73.7429572742127,
              18.593652332340213
            ],
            [
              73.74295347475373,
              18.593368492952234
            ]
          ]
        ]
      }
    },
    {
      "type": "Feature",
      "id": "FE_156",
      "properties": {
        "feature_id": "FE_156",
        "survey_candidate": "353/2",
        "area": 1345.6,
        "feature_type": "Cadastral Boundary"
      },
      "geometry": {
        "type": "Polygon",
        "coordinates": [
          [
            [
              73.7433757286568,
              18.59336708439098
            ],
            [
              73.74354735953021,
              18.59333996613386
            ],
            [
              73.74373989218269,
              18.593362216482635
            ],
            [
              73.74372217674892,
              18.59352444620411
            ],
            [
              73.74374020789546,
              18.593678207415678
            ],
            [
              73.74338089539859,
              18.593677249923246
            ],
            [
              73.7433757286568,
              18.59336708439098
            ]
          ]
        ]
      }
    },
    {
      "type": "Feature",
      "id": "FE_157",
      "properties": {
        "feature_id": "FE_157",
        "survey_candidate": "354/3",
        "area": 1320.5,
        "feature_type": "Cadastral Boundary"
      },
      "geometry": {
        "type": "Polygon",
        "coordinates": [
          [
            [
              73.74379501339992,
              18.5933633738407
            ],
            [
              73.74398289693829,
              18.59335323070076
            ],
            [
              73.74416640644642,
              18.593371021718777
            ],
            [
              73.74414717976718,
              18.59352205511075
            ],
            [
              73.74416908105893,
              18.593681018361064
            ],
            [
              73.74379679609524,
              18.59366341146352
            ],
            [
              73.74379501339992,
              18.5933633738407
            ]
          ]
        ]
      }
    },
    {
      "type": "Feature",
      "id": "FE_158",
      "properties": {
        "feature_id": "FE_158",
        "survey_candidate": "355/4",
        "area": 1257.2,
        "feature_type": "Cadastral Boundary"
      },
      "geometry": {
        "type": "Polygon",
        "coordinates": [
          [
            [
              73.74421840765488,
              18.593368755435943
            ],
            [
              73.74441080013182,
              18.59337446785671
            ],
            [
              73.7445785201363,
              18.5933677150931
            ],
            [
              73.74457335588886,
              18.593526004063666
            ],
            [
              73.744577374022,
              18.593666569116714
            ],
            [
              73.74421557318429,
              18.593675033847536
            ],
            [
              73.74421840765488,
              18.593368755435943
            ]
          ]
        ]
      }
    },
    {
      "type": "Feature",
      "id": "FE_159",
      "properties": {
        "feature_id": "FE_159",
        "survey_candidate": "356/1",
        "area": 1282.5,
        "feature_type": "Cadastral Boundary"
      },
      "geometry": {
        "type": "Polygon",
        "coordinates": [
          [
            [
              73.74466404379528,
              18.593365316657547
            ],
            [
              73.74484380441054,
              18.59334692189849
            ],
            [
              73.74501776101944,
              18.593357682743015
            ],
            [
              73.74500194219883,
              18.593509429493373
            ],
            [
              73.74501303072218,
              18.593676983711944
            ],
            [
              73.74466567470235,
              18.59366883372352
            ],
            [
              73.74466404379528,
              18.593365316657547
            ]
          ]
        ]
      }
    },
    {
      "type": "Feature",
      "id": "FE_160",
      "properties": {
        "feature_id": "FE_160",
        "survey_candidate": "357/2",
        "area": 1312.2,
        "feature_type": "Cadastral Boundary"
      },
      "geometry": {
        "type": "Polygon",
        "coordinates": [
          [
            [
              73.74507900659472,
              18.59336083562966
            ],
            [
              73.74526667685568,
              18.59338135586262
            ],
            [
              73.74544927209269,
              18.593363192505365
            ],
            [
              73.74546148211009,
              18.593523710876212
            ],
            [
              73.7454357156175,
              18.593673116193937
            ],
            [
              73.74507610011264,
              18.593668354851232
            ],
            [
              73.74507900659472,
              18.59336083562966
            ]
          ]
        ]
      }
    },
    {
      "type": "Feature",
      "id": "FE_161",
      "properties": {
        "feature_id": "FE_161",
        "survey_candidate": "358/3",
        "area": 1292.8,
        "feature_type": "Cadastral Boundary"
      },
      "geometry": {
        "type": "Polygon",
        "coordinates": [
          [
            [
              73.74550737308816,
              18.593363292839513
            ],
            [
              73.7456940894906,
              18.593360093280385
            ],
            [
              73.74586751274906,
              18.59336713717239
            ],
            [
              73.74586317222884,
              18.59351299029206
            ],
            [
              73.74586180368198,
              18.59366501364662
            ],
            [
              73.74550966579731,
              18.593681727850637
            ],
            [
              73.74550737308816,
              18.593363292839513
            ]
          ]
        ]
      }
    },
    {
      "type": "Feature",
      "id": "FE_162",
      "properties": {
        "feature_id": "FE_162",
        "survey_candidate": "359/4",
        "area": 1332.2,
        "feature_type": "Cadastral Boundary"
      },
      "geometry": {
        "type": "Polygon",
        "coordinates": [
          [
            [
              73.74593862539324,
              18.593363604472735
            ],
            [
              73.74611389925269,
              18.593365382934326
            ],
            [
              73.74629440144722,
              18.593367718943416
            ],
            [
              73.74631148715335,
              18.593515093577878
            ],
            [
              73.74629497175673,
              18.593679927580844
            ],
            [
              73.74594053274583,
              18.59367731947042
            ],
            [
              73.74593862539324,
              18.593363604472735
            ]
          ]
        ]
      }
    },
    {
      "type": "Feature",
      "id": "FE_163",
      "properties": {
        "feature_id": "FE_163",
        "survey_candidate": "360/1",
        "area": 1361.5,
        "feature_type": "Cadastral Boundary"
      },
      "geometry": {
        "type": "Polygon",
        "coordinates": [
          [
            [
              73.73781846721215,
              18.59372882818425
            ],
            [
              73.73800280742694,
              18.593698430752557
            ],
            [
              73.73818028569002,
              18.59372071931886
            ],
            [
              73.73816893976095,
              18.593874884721462
            ],
            [
              73.73817656666438,
              18.594031647157966
            ],
            [
              73.73781177470775,
              18.594040399974435
            ],
            [
              73.73781846721215,
              18.59372882818425
            ]
          ]
        ]
      }
    },
    {
      "type": "Feature",
      "id": "FE_164",
      "properties": {
        "feature_id": "FE_164",
        "survey_candidate": "361/2",
        "area": 1338.4,
        "feature_type": "Cadastral Boundary"
      },
      "geometry": {
        "type": "Polygon",
        "coordinates": [
          [
            [
              73.73825084708271,
              18.593723397158488
            ],
            [
              73.73842954856484,
              18.59372677943313
            ],
            [
              73.7386077609302,
              18.59372198999174
            ],
            [
              73.73862929306853,
              18.593885321483995
            ],
            [
              73.73860581664186,
              18.594034346700383
            ],
            [
              73.7382530556619,
              18.594039714592974
            ],
            [
              73.73825084708271,
              18.593723397158488
            ]
          ]
        ]
      }
    },
    {
      "type": "Feature",
      "id": "FE_165",
      "properties": {
        "feature_id": "FE_165",
        "survey_candidate": "362/3",
        "area": 1246.8,
        "feature_type": "Cadastral Boundary"
      },
      "geometry": {
        "type": "Polygon",
        "coordinates": [
          [
            [
              73.73867064839222,
              18.593730631301447
            ],
            [
              73.73885194271759,
              18.59374450232413
            ],
            [
              73.73903458314274,
              18.59372038182281
            ],
            [
              73.73902610046228,
              18.593882536093858
            ],
            [
              73.73903763768588,
              18.59402523266051
            ],
            [
              73.73866658411727,
              18.594032620071054
            ],
            [
              73.73867064839222,
              18.593730631301447
            ]
          ]
        ]
      }
    },
    {
      "type": "Feature",
      "id": "FE_166",
      "properties": {
        "feature_id": "FE_166",
        "survey_candidate": "363/4",
        "area": 1398.8,
        "feature_type": "Cadastral Boundary"
      },
      "geometry": {
        "type": "Polygon",
        "coordinates": [
          [
            [
              73.7390930225096,
              18.59372531589826
            ],
            [
              73.7392797843923,
              18.593710071468227
            ],
            [
              73.73946019084573,
              18.593724270428453
            ],
            [
              73.73948661237785,
              18.593878676612146
            ],
            [
              73.73946407080628,
              18.59402890040822
            ],
            [
              73.73909183877093,
              18.594032333304675
            ],
            [
              73.7390930225096,
              18.59372531589826
            ]
          ]
        ]
      }
    },
    {
      "type": "Feature",
      "id": "FE_167",
      "properties": {
        "feature_id": "FE_167",
        "survey_candidate": "364/1",
        "area": 1304.2,
        "feature_type": "Cadastral Boundary"
      },
      "geometry": {
        "type": "Polygon",
        "coordinates": [
          [
            [
              73.73953771870427,
              18.59371904775777
            ],
            [
              73.7397023417784,
              18.593707824958592
            ],
            [
              73.73989777815483,
              18.593725626792715
            ],
            [
              73.73989008618616,
              18.593875329178704
            ],
            [
              73.73988252131524,
              18.59402548423766
            ],
            [
              73.73952725232627,
              18.594027754758983
            ],
            [
              73.73953771870427,
              18.59371904775777
            ]
          ]
        ]
      }
    },
    {
      "type": "Feature",
      "id": "FE_168",
      "properties": {
        "feature_id": "FE_168",
        "survey_candidate": "365/2",
        "area": 1356.8,
        "feature_type": "Cadastral Boundary"
      },
      "geometry": {
        "type": "Polygon",
        "coordinates": [
          [
            [
              73.73995146875141,
              18.59373012721997
            ],
            [
              73.74013754397413,
              18.593708547619205
            ],
            [
              73.74031981033143,
              18.59372844554402
            ],
            [
              73.74033156038807,
              18.593881124754418
            ],
            [
              73.74032631219322,
              18.59402540329898
            ],
            [
              73.73995293325395,
              18.59403083838929
            ],
            [
              73.73995146875141,
              18.59373012721997
            ]
          ]
        ]
      }
    },
    {
      "type": "Feature",
      "id": "FE_169",
      "properties": {
        "feature_id": "FE_169",
        "survey_candidate": "366/3",
        "area": 1341.4,
        "feature_type": "Cadastral Boundary"
      },
      "geometry": {
        "type": "Polygon",
        "coordinates": [
          [
            [
              73.74038233667773,
              18.593730798635605
            ],
            [
              73.74056123671879,
              18.593712574075436
            ],
            [
              73.74074847683113,
              18.593725517258353
            ],
            [
              73.74073968207192,
              18.59387612162606
            ],
            [
              73.74073941242038,
              18.594031964134295
            ],
            [
              73.74039443121598,
              18.59405642064671
            ],
            [
              73.74038233667773,
              18.593730798635605
            ]
          ]
        ]
      }
    },
    {
      "type": "Feature",
      "id": "FE_170",
      "properties": {
        "feature_id": "FE_170",
        "survey_candidate": "367/4",
        "area": 1353.2,
        "feature_type": "Cadastral Boundary"
      },
      "geometry": {
        "type": "Polygon",
        "coordinates": [
          [
            [
              73.74081420138896,
              18.593717421811203
            ],
            [
              73.74098609234936,
              18.593692786025244
            ],
            [
              73.7411758038676,
              18.593732211668495
            ],
            [
              73.74117502131735,
              18.593873490601332
            ],
            [
              73.74117006906341,
              18.594037558741633
            ],
            [
              73.7408129329235,
              18.594021678244655
            ],
            [
              73.74081420138896,
              18.593717421811203
            ]
          ]
        ]
      }
    },
    {
      "type": "Feature",
      "id": "FE_171",
      "properties": {
        "feature_id": "FE_171",
        "survey_candidate": "368/1",
        "area": 1256.4,
        "feature_type": "Cadastral Boundary"
      },
      "geometry": {
        "type": "Polygon",
        "coordinates": [
          [
            [
              73.74123887855464,
              18.593730011432307
            ],
            [
              73.74140922852884,
              18.593735219844437
            ],
            [
              73.74159041354638,
              18.593719484060653
            ],
            [
              73.74159376369475,
              18.593872257443564
            ],
            [
              73.7416012377034,
              18.59403451459774
            ],
            [
              73.74123184145529,
              18.59402221909241
            ],
            [
              73.74123887855464,
              18.593730011432307
            ]
          ]
        ]
      }
    },
    {
      "type": "Feature",
      "id": "FE_172",
      "properties": {
        "feature_id": "FE_172",
        "survey_candidate": "369/2",
        "area": 1318.9,
        "feature_type": "Cadastral Boundary"
      },
      "geometry": {
        "type": "Polygon",
        "coordinates": [
          [
            [
              73.74167171826501,
              18.59373134008014
            ],
            [
              73.74184477021203,
              18.593723180722954
            ],
            [
              73.7420328187814,
              18.593722337765694
            ],
            [
              73.74202001117042,
              18.59387984170631
            ],
            [
              73.74201727267535,
              18.594036216823174
            ],
            [
              73.74166416616944,
              18.594049732094426
            ],
            [
              73.74167171826501,
              18.59373134008014
            ]
          ]
        ]
      }
    },
    {
      "type": "Feature",
      "id": "FE_173",
      "properties": {
        "feature_id": "FE_173",
        "survey_candidate": "370/3",
        "area": 1253.5,
        "feature_type": "Cadastral Boundary"
      },
      "geometry": {
        "type": "Polygon",
        "coordinates": [
          [
            [
              73.7420885000696,
              18.59373164452696
            ],
            [
              73.74226573219758,
              18.59371014952136
            ],
            [
              73.74244759475255,
              18.593733123513612
            ],
            [
              73.742444345272,
              18.593874244195256
            ],
            [
              73.74245038223057,
              18.59403081166474
            ],
            [
              73.74209554554851,
              18.594015615144514
            ],
            [
              73.7420885000696,
              18.59373164452696
            ]
          ]
        ]
      }
    },
    {
      "type": "Feature",
      "id": "FE_174",
      "properties": {
        "feature_id": "FE_174",
        "survey_candidate": "371/4",
        "area": 1286.4,
        "feature_type": "Cadastral Boundary"
      },
      "geometry": {
        "type": "Polygon",
        "coordinates": [
          [
            [
              73.74252776174225,
              18.593720371889876
            ],
            [
              73.7427053721305,
              18.593719336255656
            ],
            [
              73.74288023010051,
              18.59373331335604
            ],
            [
              73.74288201621646,
              18.593878962840265
            ],
            [
              73.7428842157964,
              18.594036037354485
            ],
            [
              73.74251587272543,
              18.594019876029847
            ],
            [
              73.74252776174225,
              18.593720371889876
            ]
          ]
        ]
      }
    },
    {
      "type": "Feature",
      "id": "FE_175",
      "properties": {
        "feature_id": "FE_175",
        "survey_candidate": "372/1",
        "area": 1292.1,
        "feature_type": "Cadastral Boundary"
      },
      "geometry": {
        "type": "Polygon",
        "coordinates": [
          [
            [
              73.74295184887418,
              18.593726057699033
            ],
            [
              73.74312504403197,
              18.593732473165847
            ],
            [
              73.74331025386181,
              18.59373005688006
            ],
            [
              73.74330309600566,
              18.593883704309253
            ],
            [
              73.7433077078579,
              18.59404171471935
            ],
            [
              73.74294237164123,
              18.594033775445844
            ],
            [
              73.74295184887418,
              18.593726057699033
            ]
          ]
        ]
      }
    },
    {
      "type": "Feature",
      "id": "FE_176",
      "properties": {
        "feature_id": "FE_176",
        "survey_candidate": "373/2",
        "area": 1332.6,
        "feature_type": "Cadastral Boundary"
      },
      "geometry": {
        "type": "Polygon",
        "coordinates": [
          [
            [
              73.74337364348926,
              18.593732426945667
            ],
            [
              73.74354499808814,
              18.59370357575526
            ],
            [
              73.74372820659522,
              18.593724288600544
            ],
            [
              73.74372317038232,
              18.59387650277333
            ],
            [
              73.74373571804527,
              18.59402953046411
            ],
            [
              73.74337135738259,
              18.59404330444278
            ],
            [
              73.74337364348926,
              18.593732426945667
            ]
          ]
        ]
      }
    },
    {
      "type": "Feature",
      "id": "FE_177",
      "properties": {
        "feature_id": "FE_177",
        "survey_candidate": "374/3",
        "area": 1280.4,
        "feature_type": "Cadastral Boundary"
      },
      "geometry": {
        "type": "Polygon",
        "coordinates": [
          [
            [
              73.74379199489539,
              18.59371797306105
            ],
            [
              73.74398636538548,
              18.59371185791377
            ],
            [
              73.74415137006194,
              18.593723070327037
            ],
            [
              73.74414874658207,
              18.59387124065597
            ],
            [
              73.74415562857806,
              18.594025312327542
            ],
            [
              73.74380194862088,
              18.59402449327868
            ],
            [
              73.74379199489539,
              18.59371797306105
            ]
          ]
        ]
      }
    },
    {
      "type": "Feature",
      "id": "FE_178",
      "properties": {
        "feature_id": "FE_178",
        "survey_candidate": "375/4",
        "area": 1330.3,
        "feature_type": "Cadastral Boundary"
      },
      "geometry": {
        "type": "Polygon",
        "coordinates": [
          [
            [
              73.74423876624702,
              18.593727074628298
            ],
            [
              73.7444047194167,
              18.593712305774865
            ],
            [
              73.74459238867072,
              18.59372772147164
            ],
            [
              73.74458965033038,
              18.593883109564437
            ],
            [
              73.74459848558611,
              18.59403127724836
            ],
            [
              73.74423344378958,
              18.59404613840865
            ],
            [
              73.74423876624702,
              18.593727074628298
            ]
          ]
        ]
      }
    },
    {
      "type": "Feature",
      "id": "FE_179",
      "properties": {
        "feature_id": "FE_179",
        "survey_candidate": "376/1",
        "area": 1324.1,
        "feature_type": "Cadastral Boundary"
      },
      "geometry": {
        "type": "Polygon",
        "coordinates": [
          [
            [
              73.74465493393703,
              18.593718185207464
            ],
            [
              73.74484348195668,
              18.59371385516616
            ],
            [
              73.74501583354852,
              18.593718197681994
            ],
            [
              73.7450282055013,
              18.59387550874971
            ],
            [
              73.74501139890462,
              18.594024108261667
            ],
            [
              73.7446532103437,
              18.594024677130502
            ],
            [
              73.74465493393703,
              18.593718185207464
            ]
          ]
        ]
      }
    },
    {
      "type": "Feature",
      "id": "FE_180",
      "properties": {
        "feature_id": "FE_180",
        "survey_candidate": "377/2",
        "area": 1315.4,
        "feature_type": "Cadastral Boundary"
      },
      "geometry": {
        "type": "Polygon",
        "coordinates": [
          [
            [
              73.74508567986511,
              18.593721683224256
            ],
            [
              73.74526523856197,
              18.593720415231683
            ],
            [
              73.74543876958445,
              18.593720400349696
            ],
            [
              73.74544654634207,
              18.593872584376054
            ],
            [
              73.74543591119908,
              18.594030429751935
            ],
            [
              73.74508132989736,
              18.594038254480555
            ],
            [
              73.74508567986511,
              18.593721683224256
            ]
          ]
        ]
      }
    },
    {
      "type": "Feature",
      "id": "FE_181",
      "properties": {
        "feature_id": "FE_181",
        "survey_candidate": "378/3",
        "area": 1333.2,
        "feature_type": "Cadastral Boundary"
      },
      "geometry": {
        "type": "Polygon",
        "coordinates": [
          [
            [
              73.7455060845945,
              18.593723830954485
            ],
            [
              73.74568318048263,
              18.593716113160568
            ],
            [
              73.74587594028169,
              18.593725693694047
            ],
            [
              73.74586206837463,
              18.59387662246095
            ],
            [
              73.74587315492319,
              18.594039097875946
            ],
            [
              73.74549819227717,
              18.59402383282496
            ],
            [
              73.7455060845945,
              18.593723830954485
            ]
          ]
        ]
      }
    },
    {
      "type": "Feature",
      "id": "FE_182",
      "properties": {
        "feature_id": "FE_182",
        "survey_candidate": "379/4",
        "area": 1305.6,
        "feature_type": "Cadastral Boundary"
      },
      "geometry": {
        "type": "Polygon",
        "coordinates": [
          [
            [
              73.74594596565159,
              18.593719142423552
            ],
            [
              73.74612166883904,
              18.593718216840553
            ],
            [
              73.74630079737969,
              18.5937192841847
            ],
            [
              73.74631383979002,
              18.59388376918667
            ],
            [
              73.74630567134861,
              18.594024461715914
            ],
            [
              73.74594116219332,
              18.594024327112326
            ],
            [
              73.74594596565159,
              18.593719142423552
            ]
          ]
        ]
      }
    },
    {
      "type": "Feature",
      "id": "FE_183",
      "properties": {
        "feature_id": "FE_183",
        "survey_candidate": "380/1",
        "area": 1276.0,
        "feature_type": "Cadastral Boundary"
      },
      "geometry": {
        "type": "Polygon",
        "coordinates": [
          [
            [
              73.73781648357966,
              18.59408367665336
            ],
            [
              73.73800611663745,
              18.59407150413044
            ],
            [
              73.73817301846005,
              18.594093831189905
            ],
            [
              73.7381741698546,
              18.594243936563462
            ],
            [
              73.73817896023436,
              18.594389155015342
            ],
            [
              73.73781434786562,
              18.594377211736862
            ],
            [
              73.73781648357966,
              18.59408367665336
            ]
          ]
        ]
      }
    },
    {
      "type": "Feature",
      "id": "FE_184",
      "properties": {
        "feature_id": "FE_184",
        "survey_candidate": "381/2",
        "area": 1282.5,
        "feature_type": "Cadastral Boundary"
      },
      "geometry": {
        "type": "Polygon",
        "coordinates": [
          [
            [
              73.73824936805184,
              18.594084537947957
            ],
            [
              73.73843420494887,
              18.59408648846262
            ],
            [
              73.738598882832,
              18.594085003759727
            ],
            [
              73.73860460507763,
              18.594236029863307
            ],
            [
              73.73859920996182,
              18.594395974151244
            ],
            [
              73.7382478236268,
              18.59439556730103
            ],
            [
              73.73824936805184,
              18.594084537947957
            ]
          ]
        ]
      }
    },
    {
      "type": "Feature",
      "id": "FE_185",
      "properties": {
        "feature_id": "FE_185",
        "survey_candidate": "382/3",
        "area": 1207.8,
        "feature_type": "Cadastral Boundary"
      },
      "geometry": {
        "type": "Polygon",
        "coordinates": [
          [
            [
              73.73867007441675,
              18.59408355068658
            ],
            [
              73.73884571597218,
              18.594102592472005
            ],
            [
              73.73903291896637,
              18.59408077308274
            ],
            [
              73.73901331925718,
              18.594244011811643
            ],
            [
              73.73904007951906,
              18.594387527549852
            ],
            [
              73.73867832953157,
              18.59438659034361
            ],
            [
              73.73867007441675,
              18.59408355068658
            ]
          ]
        ]
      }
    },
    {
      "type": "Feature",
      "id": "FE_186",
      "properties": {
        "feature_id": "FE_186",
        "survey_candidate": "383/4",
        "area": 1238.8,
        "feature_type": "Cadastral Boundary"
      },
      "geometry": {
        "type": "Polygon",
        "coordinates": [
          [
            [
              73.73910703614867,
              18.594083045686414
            ],
            [
              73.7392710631769,
              18.59409561645269
            ],
            [
              73.73945433425784,
              18.594080799756604
            ],
            [
              73.7394684875471,
              18.594239227377198
            ],
            [
              73.73945971483218,
              18.59439579778975
            ],
            [
              73.73910076800897,
              18.594370582988894
            ],
            [
              73.73910703614867,
              18.594083045686414
            ]
          ]
        ]
      }
    },
    {
      "type": "Feature",
      "id": "FE_187",
      "properties": {
        "feature_id": "FE_187",
        "survey_candidate": "384/1",
        "area": 1324.9,
        "feature_type": "Cadastral Boundary"
      },
      "geometry": {
        "type": "Polygon",
        "coordinates": [
          [
            [
              73.73952719771927,
              18.594082155067756
            ],
            [
              73.73971285228458,
              18.594104374179143
            ],
            [
              73.73988524722462,
              18.594077131298047
            ],
            [
              73.73988392540187,
              18.594234128186677
            ],
            [
              73.73989749112071,
              18.59439714338365
            ],
            [
              73.7395214466296,
              18.59440931592338
            ],
            [
              73.73952719771927,
              18.594082155067756
            ]
          ]
        ]
      }
    },
    {
      "type": "Feature",
      "id": "FE_188",
      "properties": {
        "feature_id": "FE_188",
        "survey_candidate": "385/2",
        "area": 1340.1,
        "feature_type": "Cadastral Boundary"
      },
      "geometry": {
        "type": "Polygon",
        "coordinates": [
          [
            [
              73.739963113421,
              18.594087760296972
            ],
            [
              73.74013269752002,
              18.594076870098633
            ],
            [
              73.74032111878077,
              18.594088947615795
            ],
            [
              73.74032596651725,
              18.594242364339493
            ],
            [
              73.74032201977782,
              18.594401447249982
            ],
            [
              73.73996671981719,
              18.594401862289708
            ],
            [
              73.739963113421,
              18.594087760296972
            ]
          ]
        ]
      }
    },
    {
      "type": "Feature",
      "id": "FE_189",
      "properties": {
        "feature_id": "FE_189",
        "survey_candidate": "386/3",
        "area": 1333.6,
        "feature_type": "Cadastral Boundary"
      },
      "geometry": {
        "type": "Polygon",
        "coordinates": [
          [
            [
              73.74038759393352,
              18.59408790778594
            ],
            [
              73.7405577892788,
              18.594075719158116
            ],
            [
              73.74074873589446,
              18.594090175764645
            ],
            [
              73.74075652473016,
              18.594249228535322
            ],
            [
              73.74073645002476,
              18.594391596458774
            ],
            [
              73.74037425013736,
              18.594391241150085
            ],
            [
              73.74038759393352,
              18.59408790778594
            ]
          ]
        ]
      }
    },
    {
      "type": "Feature",
      "id": "FE_190",
      "properties": {
        "feature_id": "FE_190",
        "survey_candidate": "387/4",
        "area": 1255.0,
        "feature_type": "Cadastral Boundary"
      },
      "geometry": {
        "type": "Polygon",
        "coordinates": [
          [
            [
              73.74081868099732,
              18.59408486698996
            ],
            [
              73.74098763497004,
              18.59408292254743
            ],
            [
              73.7411736820891,
              18.594089749913095
            ],
            [
              73.74115425465875,
              18.594235195816122
            ],
            [
              73.74116924846564,
              18.594394366104797
            ],
            [
              73.74081144151165,
              18.594392278400722
            ],
            [
              73.74081868099732,
              18.59408486698996
            ]
          ]
        ]
      }
    },
    {
      "type": "Feature",
      "id": "FE_191",
      "properties": {
        "feature_id": "FE_191",
        "survey_candidate": "388/1",
        "area": 1268.5,
        "feature_type": "Cadastral Boundary"
      },
      "geometry": {
        "type": "Polygon",
        "coordinates": [
          [
            [
              73.74124397853538,
              18.59409004012594
            ],
            [
              73.74141279304078,
              18.594089063246468
            ],
            [
              73.7415999466152,
              18.594076909919046
            ],
            [
              73.74161514864973,
              18.59423555584168
            ],
            [
              73.74159458001583,
              18.594383304839553
            ],
            [
              73.74123806388873,
              18.59438195837169
            ],
            [
              73.74124397853538,
              18.59409004012594
            ]
          ]
        ]
      }
    },
    {
      "type": "Feature",
      "id": "FE_192",
      "properties": {
        "feature_id": "FE_192",
        "survey_candidate": "389/2",
        "area": 1296.8,
        "feature_type": "Cadastral Boundary"
      },
      "geometry": {
        "type": "Polygon",
        "coordinates": [
          [
            [
              73.74166204781285,
              18.594089602282008
            ],
            [
              73.74184980679088,
              18.594089271397472
            ],
            [
              73.74202147770993,
              18.594088419401963
            ],
            [
              73.74203545371029,
              18.594245968390936
            ],
            [
              73.74203048718074,
              18.59439561967236
            ],
            [
              73.74165955750897,
              18.59438164112968
            ],
            [
              73.74166204781285,
              18.594089602282008
            ]
          ]
        ]
      }
    },
    {
      "type": "Feature",
      "id": "FE_193",
      "properties": {
        "feature_id": "FE_193",
        "survey_candidate": "390/3",
        "area": 1294.2,
        "feature_type": "Cadastral Boundary"
      },
      "geometry": {
        "type": "Polygon",
        "coordinates": [
          [
            [
              73.74208755964105,
              18.594089684726082
            ],
            [
              73.74226258967447,
              18.59407303676632
            ],
            [
              73.74246034701933,
              18.59409002651974
            ],
            [
              73.74245748873834,
              18.594240334610078
            ],
            [
              73.7424451621258,
              18.59438722655039
            ],
            [
              73.74209653228958,
              18.594384134798158
            ],
            [
              73.74208755964105,
              18.594089684726082
            ]
          ]
        ]
      }
    },
    {
      "type": "Feature",
      "id": "FE_194",
      "properties": {
        "feature_id": "FE_194",
        "survey_candidate": "391/4",
        "area": 1203.7,
        "feature_type": "Cadastral Boundary"
      },
      "geometry": {
        "type": "Polygon",
        "coordinates": [
          [
            [
              73.74251869411982,
              18.594080270023152
            ],
            [
              73.74269472488606,
              18.594105530497377
            ],
            [
              73.74287500977601,
              18.594087926440107
            ],
            [
              73.74288335854902,
              18.59424028082972
            ],
            [
              73.7428844999075,
              18.594388024103466
            ],
            [
              73.7425231800271,
              18.59437215195956
            ],
            [
              73.74251869411982,
              18.594080270023152
            ]
          ]
        ]
      }
    },
    {
      "type": "Feature",
      "id": "FE_195",
      "properties": {
        "feature_id": "FE_195",
        "survey_candidate": "392/1",
        "area": 1306.4,
        "feature_type": "Cadastral Boundary"
      },
      "geometry": {
        "type": "Polygon",
        "coordinates": [
          [
            [
              73.74294985487579,
              18.5940897433521
            ],
            [
              73.74312477251587,
              18.59405290149825
            ],
            [
              73.74330392976076,
              18.594089292603776
            ],
            [
              73.74328916759207,
              18.594243737022925
            ],
            [
              73.74330782675086,
              18.59439257517678
            ],
            [
              73.74295420002919,
              18.594394905232832
            ],
            [
              73.74294985487579,
              18.5940897433521
            ]
          ]
        ]
      }
    },
    {
      "type": "Feature",
      "id": "FE_196",
      "properties": {
        "feature_id": "FE_196",
        "survey_candidate": "393/2",
        "area": 1278.2,
        "feature_type": "Cadastral Boundary"
      },
      "geometry": {
        "type": "Polygon",
        "coordinates": [
          [
            [
              73.74337104404071,
              18.594082545791466
            ],
            [
              73.74355644554328,
              18.59408376458111
            ],
            [
              73.74374319199065,
              18.59408483021966
            ],
            [
              73.74373614327563,
              18.59423970525478
            ],
            [
              73.74374139601282,
              18.594396722921708
            ],
            [
              73.74337948719038,
              18.594371207802055
            ],
            [
              73.74337104404071,
              18.594082545791466
            ]
          ]
        ]
      }
    },
    {
      "type": "Feature",
      "id": "FE_197",
      "properties": {
        "feature_id": "FE_197",
        "survey_candidate": "394/3",
        "area": 1359.7,
        "feature_type": "Cadastral Boundary"
      },
      "geometry": {
        "type": "Polygon",
        "coordinates": [
          [
            [
              73.74380494616756,
              18.594088216777
            ],
            [
              73.74398062584878,
              18.59406968608251
            ],
            [
              73.74416347202096,
              18.5940837088622
            ],
            [
              73.74417422231303,
              18.594243551101304
            ],
            [
              73.74416770874912,
              18.594390727750582
            ],
            [
              73.74379710349585,
              18.594395190068028
            ],
            [
              73.74380494616756,
              18.594088216777
            ]
          ]
        ]
      }
    },
    {
      "type": "Feature",
      "id": "FE_198",
      "properties": {
        "feature_id": "FE_198",
        "survey_candidate": "395/4",
        "area": 1302.3,
        "feature_type": "Cadastral Boundary"
      },
      "geometry": {
        "type": "Polygon",
        "coordinates": [
          [
            [
              73.74422664624966,
              18.594089370001903
            ],
            [
              73.7444144112719,
              18.59408054411565
            ],
            [
              73.74459755084732,
              18.5940822477529
            ],
            [
              73.74460612865833,
              18.59423566075385
            ],
            [
              73.74459851833849,
              18.594395531553015
            ],
            [
              73.74423775131665,
              18.594372306951172
            ],
            [
              73.74422664624966,
              18.594089370001903
            ]
          ]
        ]
      }
    },
    {
      "type": "Feature",
      "id": "FE_199",
      "properties": {
        "feature_id": "FE_199",
        "survey_candidate": "396/1",
        "area": 1217.9,
        "feature_type": "Cadastral Boundary"
      },
      "geometry": {
        "type": "Polygon",
        "coordinates": [
          [
            [
              73.744663308246,
              18.594084036783876
            ],
            [
              73.74484488320854,
              18.59409676378152
            ],
            [
              73.74502171634217,
              18.594084799948586
            ],
            [
              73.74499899176341,
              18.594242204028593
            ],
            [
              73.74501295385986,
              18.594391386826643
            ],
            [
              73.74465661191464,
              18.594387609577474
            ],
            [
              73.744663308246,
              18.594084036783876
            ]
          ]
        ]
      }
    },
    {
      "type": "Feature",
      "id": "FE_200",
      "properties": {
        "feature_id": "FE_200",
        "survey_candidate": "397/2",
        "area": 1361.3,
        "feature_type": "Cadastral Boundary"
      },
      "geometry": {
        "type": "Polygon",
        "coordinates": [
          [
            [
              73.74508365599354,
              18.594082668567715
            ],
            [
              73.74526308462566,
              18.594058516658897
            ],
            [
              73.74544942434969,
              18.594084712098077
            ],
            [
              73.74544142261591,
              18.594241217636714
            ],
            [
              73.74544955306938,
              18.594393916827865
            ],
            [
              73.74508487689855,
              18.5943919277121
            ],
            [
              73.74508365599354,
              18.594082668567715
            ]
          ]
        ]
      }
    },
    {
      "type": "Feature",
      "id": "FE_201",
      "properties": {
        "feature_id": "FE_201",
        "survey_candidate": "398/3",
        "area": 1243.4,
        "feature_type": "Cadastral Boundary"
      },
      "geometry": {
        "type": "Polygon",
        "coordinates": [
          [
            [
              73.74551890950774,
              18.594078700765383
            ],
            [
              73.74568985383601,
              18.59410555573675
            ],
            [
              73.7458762595449,
              18.594080170259556
            ],
            [
              73.7458610311057,
              18.59423327029634
            ],
            [
              73.74587888145601,
              18.594392290699346
            ],
            [
              73.7455178467758,
              18.594398371737242
            ],
            [
              73.74551890950774,
              18.594078700765383
            ]
          ]
        ]
      }
    },
    {
      "type": "Feature",
      "id": "FE_202",
      "properties": {
        "feature_id": "FE_202",
        "survey_candidate": "399/4",
        "area": 1273.2,
        "feature_type": "Cadastral Boundary"
      },
      "geometry": {
        "type": "Polygon",
        "coordinates": [
          [
            [
              73.74594068508925,
              18.594080999418335
            ],
            [
              73.74611641103053,
              18.59407944655951
            ],
            [
              73.74630106546083,
              18.594091787323983
            ],
            [
              73.74629076084545,
              18.594241869372883
            ],
            [
              73.74629081681866,
              18.59438559671363
            ],
            [
              73.74593593686944,
              18.594392652994117
            ],
            [
              73.74594068508925,
              18.594080999418335
            ]
          ]
        ]
      }
    },
    {
      "type": "Feature",
      "id": "FE_203",
      "properties": {
        "feature_id": "FE_203",
        "survey_candidate": "400/1",
        "area": 1274.4,
        "feature_type": "Cadastral Boundary"
      },
      "geometry": {
        "type": "Polygon",
        "coordinates": [
          [
            [
              73.7378243987741,
              18.594441112537968
            ],
            [
              73.73800194979083,
              18.594437349095017
            ],
            [
              73.738175067851,
              18.594450134148733
            ],
            [
              73.73818359243347,
              18.594600929193106
            ],
            [
              73.73817160522084,
              18.594746328922973
            ],
            [
              73.737812386142,
              18.594741245288837
            ],
            [
              73.7378243987741,
              18.594441112537968
            ]
          ]
        ]
      }
    },
    {
      "type": "Feature",
      "id": "FE_204",
      "properties": {
        "feature_id": "FE_204",
        "survey_candidate": "401/2",
        "area": 1309.5,
        "feature_type": "Cadastral Boundary"
      },
      "geometry": {
        "type": "Polygon",
        "coordinates": [
          [
            [
              73.73823871825908,
              18.594450952883378
            ],
            [
              73.73842399509907,
              18.594444656842768
            ],
            [
              73.73861415061904,
              18.5944406345984
            ],
            [
              73.73860048423353,
              18.594591270613847
            ],
            [
              73.73860565294405,
              18.594745622026394
            ],
            [
              73.73823918470194,
              18.5947558843957
            ],
            [
              73.73823871825908,
              18.594450952883378
            ]
          ]
        ]
      }
    },
    {
      "type": "Feature",
      "id": "FE_205",
      "properties": {
        "feature_id": "FE_205",
        "survey_candidate": "402/3",
        "area": 1309.0,
        "feature_type": "Cadastral Boundary"
      },
      "geometry": {
        "type": "Polygon",
        "coordinates": [
          [
            [
              73.73867471972802,
              18.59444590670482
            ],
            [
              73.73886368715644,
              18.59442970293322
            ],
            [
              73.73903266270564,
              18.594442688265342
            ],
            [
              73.73904500968976,
              18.59459105529176
            ],
            [
              73.73903497208428,
              18.594751410681308
            ],
            [
              73.7386717884797,
              18.594733437650536
            ],
            [
              73.73867471972802,
              18.59444590670482
            ]
          ]
        ]
      }
    },
    {
      "type": "Feature",
      "id": "FE_206",
      "properties": {
        "feature_id": "FE_206",
        "survey_candidate": "403/4",
        "area": 1317.5,
        "feature_type": "Cadastral Boundary"
      },
      "geometry": {
        "type": "Polygon",
        "coordinates": [
          [
            [
              73.73910313307141,
              18.59445294800977
            ],
            [
              73.73928535226838,
              18.594441622329843
            ],
            [
              73.73946827430625,
              18.594444863169336
            ],
            [
              73.73944769815014,
              18.59460339484678
            ],
            [
              73.73946970484386,
              18.594756227808723
            ],
            [
              73.73910117810584,
              18.594766050436924
            ],
            [
              73.73910313307141,
              18.59445294800977
            ]
          ]
        ]
      }
    },
    {
      "type": "Feature",
      "id": "FE_207",
      "properties": {
        "feature_id": "FE_207",
        "survey_candidate": "404/1",
        "area": 1305.4,
        "feature_type": "Cadastral Boundary"
      },
      "geometry": {
        "type": "Polygon",
        "coordinates": [
          [
            [
              73.73952400055626,
              18.59443816989502
            ],
            [
              73.7397032072523,
              18.594434620950985
            ],
            [
              73.7398811092671,
              18.594447273535355
            ],
            [
              73.73987861162487,
              18.59459433575821
            ],
            [
              73.73987850275921,
              18.594748007311093
            ],
            [
              73.73952644219135,
              18.594759297433487
            ],
            [
              73.73952400055626,
              18.59443816989502
            ]
          ]
        ]
      }
    },
    {
      "type": "Feature",
      "id": "FE_208",
      "properties": {
        "feature_id": "FE_208",
        "survey_candidate": "405/2",
        "area": 1282.8,
        "feature_type": "Cadastral Boundary"
      },
      "geometry": {
        "type": "Polygon",
        "coordinates": [
          [
            [
              73.7399495351491,
              18.594437586525284
            ],
            [
              73.74013577384346,
              18.594444885740668
            ],
            [
              73.74032400476116,
              18.594442283983934
            ],
            [
              73.74032156161581,
              18.594602371913144
            ],
            [
              73.7403088546289,
              18.594749120303437
            ],
            [
              73.73995727680567,
              18.59473480721703
            ],
            [
              73.7399495351491,
              18.594437586525284
            ]
          ]
        ]
      }
    },
    {
      "type": "Feature",
      "id": "FE_209",
      "properties": {
        "feature_id": "FE_209",
        "survey_candidate": "406/3",
        "area": 1288.4,
        "feature_type": "Cadastral Boundary"
      },
      "geometry": {
        "type": "Polygon",
        "coordinates": [
          [
            [
              73.74037937633456,
              18.594446518556516
            ],
            [
              73.74056014134987,
              18.594441778309307
            ],
            [
              73.74075125209436,
              18.594441969113365
            ],
            [
              73.74074787584533,
              18.5946010816863
            ],
            [
              73.74074203750435,
              18.594744520947195
            ],
            [
              73.74039220269911,
              18.594750110905448
            ],
            [
              73.74037937633456,
              18.594446518556516
            ]
          ]
        ]
      }
    },
    {
      "type": "Feature",
      "id": "FE_210",
      "properties": {
        "feature_id": "FE_210",
        "survey_candidate": "407/4",
        "area": 1310.7,
        "feature_type": "Cadastral Boundary"
      },
      "geometry": {
        "type": "Polygon",
        "coordinates": [
          [
            [
              73.74080421585306,
              18.594454341169
            ],
            [
              73.74099437535823,
              18.594465096855377
            ],
            [
              73.74117553148393,
              18.59444240428688
            ],
            [
              73.74117660955828,
              18.594605758484704
            ],
            [
              73.74117846247111,
              18.594756503910887
            ],
            [
              73.74080317877356,
              18.594757237877882
            ],
            [
              73.74080421585306,
              18.594454341169
            ]
          ]
        ]
      }
    },
    {
      "type": "Feature",
      "id": "FE_211",
      "properties": {
        "feature_id": "FE_211",
        "survey_candidate": "408/1",
        "area": 1324.9,
        "feature_type": "Cadastral Boundary"
      },
      "geometry": {
        "type": "Polygon",
        "coordinates": [
          [
            [
              73.74123882655435,
              18.594442317106562
            ],
            [
              73.74141943878291,
              18.594429736684862
            ],
            [
              73.74158992116647,
              18.594445041122498
            ],
            [
              73.74157623309515,
              18.59460308537939
            ],
            [
              73.74160007543803,
              18.594758179273697
            ],
            [
              73.74123029642992,
              18.59475990291276
            ],
            [
              73.74123882655435,
              18.594442317106562
            ]
          ]
        ]
      }
    },
    {
      "type": "Feature",
      "id": "FE_212",
      "properties": {
        "feature_id": "FE_212",
        "survey_candidate": "409/2",
        "area": 1279.5,
        "feature_type": "Cadastral Boundary"
      },
      "geometry": {
        "type": "Polygon",
        "coordinates": [
          [
            [
              73.74167305764506,
              18.594446553430696
            ],
            [
              73.74183825729556,
              18.594430895534273
            ],
            [
              73.7420340146204,
              18.594439056051606
            ],
            [
              73.74201215729717,
              18.594592571530757
            ],
            [
              73.74202479048608,
              18.59475500354235
            ],
            [
              73.74167304019863,
              18.59474706402938
            ],
            [
              73.74167305764506,
              18.594446553430696
            ]
          ]
        ]
      }
    },
    {
      "type": "Feature",
      "id": "FE_213",
      "properties": {
        "feature_id": "FE_213",
        "survey_candidate": "410/3",
        "area": 1311.0,
        "feature_type": "Cadastral Boundary"
      },
      "geometry": {
        "type": "Polygon",
        "coordinates": [
          [
            [
              73.74209850285366,
              18.59443894056137
            ],
            [
              73.74227187924264,
              18.594439761362324
            ],
            [
              73.7424604851886,
              18.594444650667082
            ],
            [
              73.74244829042846,
              18.59459262117336
            ],
            [
              73.74246281581601,
              18.59474734002892
            ],
            [
              73.74209245745588,
              18.594757079827176
            ],
            [
              73.74209850285366,
              18.59443894056137
            ]
          ]
        ]
      }
    },
    {
      "type": "Feature",
      "id": "FE_214",
      "properties": {
        "feature_id": "FE_214",
        "survey_candidate": "411/4",
        "area": 1281.5,
        "feature_type": "Cadastral Boundary"
      },
      "geometry": {
        "type": "Polygon",
        "coordinates": [
          [
            [
              73.74251897402173,
              18.594441756149887
            ],
            [
              73.7427030744942,
              18.594442484243462
            ],
            [
              73.74288060112053,
              18.59443663529791
            ],
            [
              73.74287027017412,
              18.594595571837132
            ],
            [
              73.74288122137293,
              18.59474513972628
            ],
            [
              73.74251420735581,
              18.594746610662927
            ],
            [
              73.74251897402173,
              18.594441756149887
            ]
          ]
        ]
      }
    },
    {
      "type": "Feature",
      "id": "FE_215",
      "properties": {
        "feature_id": "FE_215",
        "survey_candidate": "412/1",
        "area": 1262.3,
        "feature_type": "Cadastral Boundary"
      },
      "geometry": {
        "type": "Polygon",
        "coordinates": [
          [
            [
              73.74295601020535,
              18.594446585813703
            ],
            [
              73.74312837601778,
              18.594454232381526
            ],
            [
              73.74330832696008,
              18.59444629363211
            ],
            [
              73.74332097974548,
              18.594593467325527
            ],
            [
              73.74331721918588,
              18.59474480711427
            ],
            [
              73.7429411809254,
              18.594741002284607
            ],
            [
              73.74295601020535,
              18.594446585813703
            ]
          ]
        ]
      }
    },
    {
      "type": "Feature",
      "id": "FE_216",
      "properties": {
        "feature_id": "FE_216",
        "survey_candidate": "413/2",
        "area": 1358.4,
        "feature_type": "Cadastral Boundary"
      },
      "geometry": {
        "type": "Polygon",
        "coordinates": [
          [
            [
              73.7433756950846,
              18.594446662640884
            ],
            [
              73.74355900683845,
              18.594430604570224
            ],
            [
              73.74373199175555,
              18.594455625487353
            ],
            [
              73.74374345104073,
              18.594607324566898
            ],
            [
              73.74374053985885,
              18.5947621936983
            ],
            [
              73.74338442004604,
              18.594764914024665
            ],
            [
              73.7433756950846,
              18.594446662640884
            ]
          ]
        ]
      }
    },
    {
      "type": "Feature",
      "id": "FE_217",
      "properties": {
        "feature_id": "FE_217",
        "survey_candidate": "414/3",
        "area": 1317.7,
        "feature_type": "Cadastral Boundary"
      },
      "geometry": {
        "type": "Polygon",
        "coordinates": [
          [
            [
              73.74380649700917,
              18.59444075113998
            ],
            [
              73.74397431269279,
              18.59441399966204
            ],
            [
              73.74415738830385,
              18.594448100818433
            ],
            [
              73.74414192339137,
              18.594602931016148
            ],
            [
              73.74415692503965,
              18.59475167005236
            ],
            [
              73.74379265329158,
              18.594749826270924
            ],
            [
              73.74380649700917,
              18.59444075113998
            ]
          ]
        ]
      }
    },
    {
      "type": "Feature",
      "id": "FE_218",
      "properties": {
        "feature_id": "FE_218",
        "survey_candidate": "415/4",
        "area": 1271.7,
        "feature_type": "Cadastral Boundary"
      },
      "geometry": {
        "type": "Polygon",
        "coordinates": [
          [
            [
              73.74422797204203,
              18.59444499526298
            ],
            [
              73.74441743324512,
              18.594454378152353
            ],
            [
              73.74459153535192,
              18.59444467586712
            ],
            [
              73.74456978569101,
              18.59460335269545
            ],
            [
              73.74459085327845,
              18.59475076639021
            ],
            [
              73.74422243614417,
              18.594760013559416
            ],
            [
              73.74422797204203,
              18.59444499526298
            ]
          ]
        ]
      }
    },
    {
      "type": "Feature",
      "id": "FE_219",
      "properties": {
        "feature_id": "FE_219",
        "survey_candidate": "416/1",
        "area": 1317.6,
        "feature_type": "Cadastral Boundary"
      },
      "geometry": {
        "type": "Polygon",
        "coordinates": [
          [
            [
              73.74464674300633,
              18.594439421485617
            ],
            [
              73.74483523539381,
              18.59445036298247
            ],
            [
              73.74501736391487,
              18.59445355396046
            ],
            [
              73.74502453983133,
              18.594602981840524
            ],
            [
              73.74501639238134,
              18.59475792761333
            ],
            [
              73.74465967833932,
              18.594751804568137
            ],
            [
              73.74464674300633,
              18.594439421485617
            ]
          ]
        ]
      }
    },
    {
      "type": "Feature",
      "id": "FE_220",
      "properties": {
        "feature_id": "FE_220",
        "survey_candidate": "417/2",
        "area": 1302.6,
        "feature_type": "Cadastral Boundary"
      },
      "geometry": {
        "type": "Polygon",
        "coordinates": [
          [
            [
              73.74508131492966,
              18.594452217128204
            ],
            [
              73.74526395431948,
              18.594430239307567
            ],
            [
              73.74544433971239,
              18.594451533160075
            ],
            [
              73.74543634976493,
              18.594607971943386
            ],
            [
              73.74545027401064,
              18.594750671890964
            ],
            [
              73.74507575529448,
              18.594744267961367
            ],
            [
              73.74508131492966,
              18.594452217128204
            ]
          ]
        ]
      }
    },
    {
      "type": "Feature",
      "id": "FE_221",
      "properties": {
        "feature_id": "FE_221",
        "survey_candidate": "418/3",
        "area": 1255.7,
        "feature_type": "Cadastral Boundary"
      },
      "geometry": {
        "type": "Polygon",
        "coordinates": [
          [
            [
              73.74551189465613,
              18.594449980037474
            ],
            [
              73.74568816541131,
              18.594428890648
            ],
            [
              73.7458686005807,
              18.594450078139054
            ],
            [
              73.74585569306687,
              18.594591631789292
            ],
            [
              73.74586668210598,
              18.594751947656242
            ],
            [
              73.74550550093902,
              18.5947347011226
            ],
            [
              73.74551189465613,
              18.594449980037474
            ]
          ]
        ]
      }
    },
    {
      "type": "Feature",
      "id": "FE_222",
      "properties": {
        "feature_id": "FE_222",
        "survey_candidate": "419/4",
        "area": 1318.3,
        "feature_type": "Cadastral Boundary"
      },
      "geometry": {
        "type": "Polygon",
        "coordinates": [
          [
            [
              73.74594095470073,
              18.59444481989315
            ],
            [
              73.7461146668364,
              18.59443981150042
            ],
            [
              73.74630122963652,
              18.59444106196315
            ],
            [
              73.74631077296652,
              18.59460435048034
            ],
            [
              73.7462891140717,
              18.594748487355886
            ],
            [
              73.74594215908503,
              18.594757398070215
            ],
            [
              73.74594095470073,
              18.59444481989315
            ]
          ]
        ]
      }
    },
    {
      "type": "Feature",
      "id": "FE_223",
      "properties": {
        "feature_id": "FE_223",
        "survey_candidate": "420/1",
        "area": 1215.7,
        "feature_type": "Cadastral Boundary"
      },
      "geometry": {
        "type": "Polygon",
        "coordinates": [
          [
            [
              73.73787958882113,
              18.594784511013316
            ],
            [
              73.7380554811089,
              18.594803823489176
            ],
            [
              73.7382359390019,
              18.594778272853397
            ],
            [
              73.73825423605197,
              18.59494036601399
            ],
            [
              73.73824086888793,
              18.595090190300454
            ],
            [
              73.73787942322417,
              18.595079146058502
            ],
            [
              73.73787958882113,
              18.594784511013316
            ]
          ]
        ]
      }
    },
    {
      "type": "Feature",
      "id": "FE_224",
      "properties": {
        "feature_id": "FE_224",
        "survey_candidate": "421/2",
        "area": 1400.1,
        "feature_type": "Cadastral Boundary"
      },
      "geometry": {
        "type": "Polygon",
        "coordinates": [
          [
            [
              73.73824010054089,
              18.594799442860534
            ],
            [
              73.73841498154302,
              18.594794923715956
            ],
            [
              73.73860262554288,
              18.59480731601307
            ],
            [
              73.73861432120337,
              18.594957628127208
            ],
            [
              73.73860828947238,
              18.595109074169706
            ],
            [
              73.73823506385759,
              18.595132448077138
            ],
            [
              73.73824010054089,
              18.594799442860534
            ]
          ]
        ]
      }
    },
    {
      "type": "Feature",
      "id": "FE_225",
      "properties": {
        "feature_id": "FE_225",
        "survey_candidate": "422/3",
        "area": 1317.5,
        "feature_type": "Cadastral Boundary"
      },
      "geometry": {
        "type": "Polygon",
        "coordinates": [
          [
            [
              73.73867728868065,
              18.59481212686847
            ],
            [
              73.73886361880518,
              18.594820125338288
            ],
            [
              73.73903240530738,
              18.594804475160462
            ],
            [
              73.73905066141624,
              18.594960073499045
            ],
            [
              73.73904447913878,
              18.595107499849128
            ],
            [
              73.73867477987432,
              18.595131484655997
            ],
            [
              73.73867728868065,
              18.59481212686847
            ]
          ]
        ]
      }
    },
    {
      "type": "Feature",
      "id": "FE_226",
      "properties": {
        "feature_id": "FE_226",
        "survey_candidate": "423/4",
        "area": 1300.2,
        "feature_type": "Cadastral Boundary"
      },
      "geometry": {
        "type": "Polygon",
        "coordinates": [
          [
            [
              73.73909758914034,
              18.59480660522635
            ],
            [
              73.73928599147922,
              18.59481224896933
            ],
            [
              73.7394644790234,
              18.59480719598294
            ],
            [
              73.73944944994224,
              18.594955194334737
            ],
            [
              73.73946269236296,
              18.595110500831378
            ],
            [
              73.739094598311,
              18.595124871863916
            ],
            [
              73.73909758914034,
              18.59480660522635
            ]
          ]
        ]
      }
    },
    {
      "type": "Feature",
      "id": "FE_227",
      "properties": {
        "feature_id": "FE_227",
        "survey_candidate": "424/1",
        "area": 1354.9,
        "feature_type": "Cadastral Boundary"
      },
      "geometry": {
        "type": "Polygon",
        "coordinates": [
          [
            [
              73.73952926147044,
              18.594816112886186
            ],
            [
              73.73970919470536,
              18.594794905613394
            ],
            [
              73.73989594758147,
              18.594813681061403
            ],
            [
              73.73991025449034,
              18.59496296735189
            ],
            [
              73.73988078237898,
              18.595122270648247
            ],
            [
              73.73953471961954,
              18.595117735626904
            ],
            [
              73.73952926147044,
              18.594816112886186
            ]
          ]
        ]
      }
    },
    {
      "type": "Feature",
      "id": "FE_228",
      "properties": {
        "feature_id": "FE_228",
        "survey_candidate": "425/2",
        "area": 1353.3,
        "feature_type": "Cadastral Boundary"
      },
      "geometry": {
        "type": "Polygon",
        "coordinates": [
          [
            [
              73.7399599133278,
              18.59480080346407
            ],
            [
              73.74013023906178,
              18.594784453391245
            ],
            [
              73.7403244059191,
              18.594806475213222
            ],
            [
              73.7403062714873,
              18.5949553053314
            ],
            [
              73.7403088799021,
              18.595112845056185
            ],
            [
              73.73995497185794,
              18.595128129074304
            ],
            [
              73.7399599133278,
              18.59480080346407
            ]
          ]
        ]
      }
    },
    {
      "type": "Feature",
      "id": "FE_229",
      "properties": {
        "feature_id": "FE_229",
        "survey_candidate": "426/3",
        "area": 1327.5,
        "feature_type": "Cadastral Boundary"
      },
      "geometry": {
        "type": "Polygon",
        "coordinates": [
          [
            [
              73.74037931879114,
              18.59481440782178
            ],
            [
              73.74055226124503,
              18.594804183320445
            ],
            [
              73.74074618176549,
              18.594799829495003
            ],
            [
              73.74073539260945,
              18.59496449075517
            ],
            [
              73.74074400888392,
              18.59511212611732
            ],
            [
              73.74038344532758,
              18.59513051855374
            ],
            [
              73.74037931879114,
              18.59481440782178
            ]
          ]
        ]
      }
    },
    {
      "type": "Feature",
      "id": "FE_230",
      "properties": {
        "feature_id": "FE_230",
        "survey_candidate": "427/4",
        "area": 1215.4,
        "feature_type": "Cadastral Boundary"
      },
      "geometry": {
        "type": "Polygon",
        "coordinates": [
          [
            [
              73.74081024689305,
              18.594811271099026
            ],
            [
              73.74099401825256,
              18.594805998657815
            ],
            [
              73.74117061791013,
              18.59481021086145
            ],
            [
              73.74116639643738,
              18.594962907258015
            ],
            [
              73.74116165224856,
              18.595112473718014
            ],
            [
              73.74080993965508,
              18.595086858330475
            ],
            [
              73.74081024689305,
              18.594811271099026
            ]
          ]
        ]
      }
    },
    {
      "type": "Feature",
      "id": "FE_231",
      "properties": {
        "feature_id": "FE_231",
        "survey_candidate": "428/1",
        "area": 1397.1,
        "feature_type": "Cadastral Boundary"
      },
      "geometry": {
        "type": "Polygon",
        "coordinates": [
          [
            [
              73.74123985844368,
              18.594805734353738
            ],
            [
              73.74141171726873,
              18.59478312729405
            ],
            [
              73.74159740661564,
              18.594811253387462
            ],
            [
              73.74161103080134,
              18.594960282286856
            ],
            [
              73.74160661533766,
              18.595107164593674
            ],
            [
              73.74123096364944,
              18.59512901452042
            ],
            [
              73.74123985844368,
              18.594805734353738
            ]
          ]
        ]
      }
    },
    {
      "type": "Feature",
      "id": "FE_232",
      "properties": {
        "feature_id": "FE_232",
        "survey_candidate": "429/2",
        "area": 1311.0,
        "feature_type": "Cadastral Boundary"
      },
      "geometry": {
        "type": "Polygon",
        "coordinates": [
          [
            [
              73.74167015435691,
              18.594800661776954
            ],
            [
              73.74184958561416,
              18.594804779944305
            ],
            [
              73.74202585552035,
              18.594811858096012
            ],
            [
              73.74204110996735,
              18.594951053570647
            ],
            [
              73.74202167017478,
              18.595111094790816
            ],
            [
              73.74167480704376,
              18.59512285248884
            ],
            [
              73.74167015435691,
              18.594800661776954
            ]
          ]
        ]
      }
    },
    {
      "type": "Feature",
      "id": "FE_233",
      "properties": {
        "feature_id": "FE_233",
        "survey_candidate": "430/3",
        "area": 1323.9,
        "feature_type": "Cadastral Boundary"
      },
      "geometry": {
        "type": "Polygon",
        "coordinates": [
          [
            [
              73.74208459812853,
              18.59480025611498
            ],
            [
              73.74226325561553,
              18.594796888513322
            ],
            [
              73.74245682199319,
              18.59481338728894
            ],
            [
              73.74244921719304,
              18.594954858093747
            ],
            [
              73.74245824502607,
              18.595106210646122
            ],
            [
              73.74208741356014,
              18.59511314209729
            ],
            [
              73.74208459812853,
              18.59480025611498
            ]
          ]
        ]
      }
    },
    {
      "type": "Feature",
      "id": "FE_234",
      "properties": {
        "feature_id": "FE_234",
        "survey_candidate": "431/4",
        "area": 1303.6,
        "feature_type": "Cadastral Boundary"
      },
      "geometry": {
        "type": "Polygon",
        "coordinates": [
          [
            [
              73.7425208365943,
              18.594807461185308
            ],
            [
              73.74269408269488,
              18.594797607843578
            ],
            [
              73.74288079066626,
              18.59480337655608
            ],
            [
              73.74286805301107,
              18.59495635333166
            ],
            [
              73.74287035054833,
              18.59511561974716
            ],
            [
              73.74252351491737,
              18.595124298994733
            ],
            [
              73.7425208365943,
              18.594807461185308
            ]
          ]
        ]
      }
    },
    {
      "type": "Feature",
      "id": "FE_235",
      "properties": {
        "feature_id": "FE_235",
        "survey_candidate": "432/1",
        "area": 1265.7,
        "feature_type": "Cadastral Boundary"
      },
      "geometry": {
        "type": "Polygon",
        "coordinates": [
          [
            [
              73.74294426048976,
              18.59480700074449
            ],
            [
              73.74312035352447,
              18.594807963696315
            ],
            [
              73.74330521494561,
              18.594803562254704
            ],
            [
              73.74329693638265,
              18.594961230117836
            ],
            [
              73.74331386835736,
              18.595111165582964
            ],
            [
              73.74294471986022,
              18.59510511111841
            ],
            [
              73.74294426048976,
              18.59480700074449
            ]
          ]
        ]
      }
    },
    {
      "type": "Feature",
      "id": "FE_236",
      "properties": {
        "feature_id": "FE_236",
        "survey_candidate": "433/2",
        "area": 1262.8,
        "feature_type": "Cadastral Boundary"
      },
      "geometry": {
        "type": "Polygon",
        "coordinates": [
          [
            [
              73.74337731669134,
              18.594811798293605
            ],
            [
              73.74354897667011,
              18.594796924169355
            ],
            [
              73.74373535874423,
              18.59481417917531
            ],
            [
              73.74374837768012,
              18.594955785692772
            ],
            [
              73.74373525473337,
              18.59510655450972
            ],
            [
              73.74338182916166,
              18.595099141329207
            ],
            [
              73.74337731669134,
              18.594811798293605
            ]
          ]
        ]
      }
    },
    {
      "type": "Feature",
      "id": "FE_237",
      "properties": {
        "feature_id": "FE_237",
        "survey_candidate": "434/3",
        "area": 1345.2,
        "feature_type": "Cadastral Boundary"
      },
      "geometry": {
        "type": "Polygon",
        "coordinates": [
          [
            [
              73.74379864393123,
              18.594799336831755
            ],
            [
              73.74397815311625,
              18.59481391700288
            ],
            [
              73.7441700860446,
              18.594796245671617
            ],
            [
              73.74417374559195,
              18.59495144701863
            ],
            [
              73.74416035156126,
              18.595110666966796
            ],
            [
              73.74380183739473,
              18.595123830545408
            ],
            [
              73.74379864393123,
              18.594799336831755
            ]
          ]
        ]
      }
    },
    {
      "type": "Feature",
      "id": "FE_238",
      "properties": {
        "feature_id": "FE_238",
        "survey_candidate": "435/4",
        "area": 1323.5,
        "feature_type": "Cadastral Boundary"
      },
      "geometry": {
        "type": "Polygon",
        "coordinates": [
          [
            [
              73.74422071423135,
              18.59480791130043
            ],
            [
              73.74440536940092,
              18.59483068434433
            ],
            [
              73.74459066618742,
              18.594813549412713
            ],
            [
              73.74461003057267,
              18.59495560464017
            ],
            [
              73.74459677042618,
              18.595118591071863
            ],
            [
              73.74422111282347,
              18.595115782534965
            ],
            [
              73.74422071423135,
              18.59480791130043
            ]
          ]
        ]
      }
    },
    {
      "type": "Feature",
      "id": "FE_239",
      "properties": {
        "feature_id": "FE_239",
        "survey_candidate": "436/1",
        "area": 1284.8,
        "feature_type": "Cadastral Boundary"
      },
      "geometry": {
        "type": "Polygon",
        "coordinates": [
          [
            [
              73.74465146677181,
              18.594803650901937
            ],
            [
              73.74483751146302,
              18.594799443127037
            ],
            [
              73.74501975250604,
              18.59480872181786
            ],
            [
              73.7450292497207,
              18.594959887350647
            ],
            [
              73.7450199077899,
              18.59510623812727
            ],
            [
              73.74466162216083,
              18.595096024206853
            ],
            [
              73.74465146677181,
              18.594803650901937
            ]
          ]
        ]
      }
    },
    {
      "type": "Feature",
      "id": "FE_240",
      "properties": {
        "feature_id": "FE_240",
        "survey_candidate": "437/2",
        "area": 1292.9,
        "feature_type": "Cadastral Boundary"
      },
      "geometry": {
        "type": "Polygon",
        "coordinates": [
          [
            [
              73.74508242211421,
              18.594806673380695
            ],
            [
              73.74526829849827,
              18.594787107503212
            ],
            [
              73.74543443225967,
              18.59480959137234
            ],
            [
              73.74543078602827,
              18.594955015353136
            ],
            [
              73.74543426014648,
              18.595116667462648
            ],
            [
              73.745071665057,
              18.59509978363042
            ],
            [
              73.74508242211421,
              18.594806673380695
            ]
          ]
        ]
      }
    },
    {
      "type": "Feature",
      "id": "FE_241",
      "properties": {
        "feature_id": "FE_241",
        "survey_candidate": "438/3",
        "area": 1340.0,
        "feature_type": "Cadastral Boundary"
      },
      "geometry": {
        "type": "Polygon",
        "coordinates": [
          [
            [
              73.74550050531703,
              18.594801979560955
            ],
            [
              73.74568089415044,
              18.594808030455546
            ],
            [
              73.74587593617717,
              18.594807036132398
            ],
            [
              73.74586390098432,
              18.594960909875592
            ],
            [
              73.74587270402264,
              18.5951170634159
            ],
            [
              73.74550888690986,
              18.595123768804775
            ],
            [
              73.74550050531703,
              18.594801979560955
            ]
          ]
        ]
      }
    },
    {
      "type": "Feature",
      "id": "FE_242",
      "properties": {
        "feature_id": "FE_242",
        "survey_candidate": "439/4",
        "area": 1272.7,
        "feature_type": "Cadastral Boundary"
      },
      "geometry": {
        "type": "Polygon",
        "coordinates": [
          [
            [
              73.74593835961835,
              18.594800124810106
            ],
            [
              73.746117235653,
              18.594811776101558
            ],
            [
              73.7462911216191,
              18.59480849718002
            ],
            [
              73.74629608959928,
              18.59496278794985
            ],
            [
              73.7462908672014,
              18.595105393559553
            ],
            [
              73.7459451264006,
              18.595128814054945
            ],
            [
              73.74593835961835,
              18.594800124810106
            ]
          ]
        ]
      }
    },
    {
      "type": "Feature",
      "id": "FE_244",
      "properties": {
        "feature_id": "FE_244",
        "survey_candidate": "441/2",
        "area": 1403.0,
        "feature_type": "Cadastral Boundary"
      },
      "geometry": {
        "type": "Polygon",
        "coordinates": [
          [
            [
              73.73823864353362,
              18.595163523697526
            ],
            [
              73.73842206461799,
              18.595148230339223
            ],
            [
              73.73861205394164,
              18.595161917707507
            ],
            [
              73.73860735089669,
              18.59530890744913
            ],
            [
              73.7386084542247,
              18.595469960280617
            ],
            [
              73.7382401356375,
              18.59548975184609
            ],
            [
              73.73823864353362,
              18.595163523697526
            ]
          ]
        ]
      }
    },
    {
      "type": "Feature",
      "id": "FE_245",
      "properties": {
        "feature_id": "FE_245",
        "survey_candidate": "442/3",
        "area": 1300.6,
        "feature_type": "Cadastral Boundary"
      },
      "geometry": {
        "type": "Polygon",
        "coordinates": [
          [
            [
              73.738678889715,
              18.59516400659225
            ],
            [
              73.73886015596639,
              18.59515532582605
            ],
            [
              73.73903458498437,
              18.595158111632646
            ],
            [
              73.73903428078782,
              18.59531560786343
            ],
            [
              73.73903565757867,
              18.595472447135972
            ],
            [
              73.73867075334473,
              18.59546146661797
            ],
            [
              73.738678889715,
              18.59516400659225
            ]
          ]
        ]
      }
    },
    {
      "type": "Feature",
      "id": "FE_246",
      "properties": {
        "feature_id": "FE_246",
        "survey_candidate": "443/4",
        "area": 1219.1,
        "feature_type": "Cadastral Boundary"
      },
      "geometry": {
        "type": "Polygon",
        "coordinates": [
          [
            [
              73.73911322055051,
              18.595164403246997
            ],
            [
              73.73928182126622,
              18.595161736799092
            ],
            [
              73.73946680448977,
              18.59516211590843
            ],
            [
              73.7394427366661,
              18.595319109465272
            ],
            [
              73.73946108016686,
              18.595464982925115
            ],
            [
              73.73910372788953,
              18.59546391271315
            ],
            [
              73.73911322055051,
              18.595164403246997
            ]
          ]
        ]
      }
    },
    {
      "type": "Feature",
      "id": "FE_247",
      "properties": {
        "feature_id": "FE_247",
        "survey_candidate": "444/1",
        "area": 1244.1,
        "feature_type": "Cadastral Boundary"
      },
      "geometry": {
        "type": "Polygon",
        "coordinates": [
          [
            [
              73.73957011515911,
              18.59520703203218
            ],
            [
              73.73976769455727,
              18.595208609035204
            ],
            [
              73.73993935233814,
              18.595213015236197
            ],
            [
              73.7399455429731,
              18.595362365041634
            ],
            [
              73.73993970128701,
              18.59551947566367
            ],
            [
              73.73957448580298,
              18.595493749086366
            ],
            [
              73.73957011515911,
              18.59520703203218
            ]
          ]
        ]
      }
    },
    {
      "type": "Feature",
      "id": "FE_248",
      "properties": {
        "feature_id": "FE_248",
        "survey_candidate": "445/2",
        "area": 1291.9,
        "feature_type": "Cadastral Boundary"
      },
      "geometry": {
        "type": "Polygon",
        "coordinates": [
          [
            [
              73.73999801199678,
              18.595175005508857
            ],
            [
              73.74018856617134,
              18.595154451891947
            ],
            [
              73.74036676944733,
              18.59518164051642
            ],
            [
              73.74036008458597,
              18.595324814336443
            ],
            [
              73.74036496781414,
              18.595486707906
            ],
            [
              73.74001492451974,
              18.595486105243012
            ],
            [
              73.73999801199678,
              18.595175005508857
            ]
          ]
        ]
      }
    },
    {
      "type": "Feature",
      "id": "FE_249",
      "properties": {
        "feature_id": "FE_249",
        "survey_candidate": "446/3",
        "area": 1301.9,
        "feature_type": "Cadastral Boundary"
      },
      "geometry": {
        "type": "Polygon",
        "coordinates": [
          [
            [
              73.74038362073395,
              18.595167054686236
            ],
            [
              73.74055336424655,
              18.59514619480639
            ],
            [
              73.74074686530605,
              18.595156722347692
            ],
            [
              73.74074838518638,
              18.595315200981645
            ],
            [
              73.74074076100143,
              18.595467670686837
            ],
            [
              73.74038768546743,
              18.595456871615447
            ],
            [
              73.74038362073395,
              18.595167054686236
            ]
          ]
        ]
      }
    },
    {
      "type": "Feature",
      "id": "FE_250",
      "properties": {
        "feature_id": "FE_250",
        "survey_candidate": "447/4",
        "area": 1307.0,
        "feature_type": "Cadastral Boundary"
      },
      "geometry": {
        "type": "Polygon",
        "coordinates": [
          [
            [
              73.74081613328988,
              18.59516207551207
            ],
            [
              73.74098235601159,
              18.5951469590136
            ],
            [
              73.74116664866571,
              18.595170863406118
            ],
            [
              73.74117436554627,
              18.595320022663092
            ],
            [
              73.74117818158012,
              18.595474234455747
            ],
            [
              73.74081710878394,
              18.595465891577376
            ],
            [
              73.74081613328988,
              18.59516207551207
            ]
          ]
        ]
      }
    },
    {
      "type": "Feature",
      "id": "FE_251",
      "properties": {
        "feature_id": "FE_251",
        "survey_candidate": "448/1",
        "area": 1280.9,
        "feature_type": "Cadastral Boundary"
      },
      "geometry": {
        "type": "Polygon",
        "coordinates": [
          [
            [
              73.74122558117293,
              18.595163232130226
            ],
            [
              73.74141339957139,
              18.595157712057222
            ],
            [
              73.74158659112557,
              18.595165917271874
            ],
            [
              73.74160668744784,
              18.595315969969537
            ],
            [
              73.74160238756,
              18.595462426430586
            ],
            [
              73.74123068299696,
              18.59544794623644
            ],
            [
              73.74122558117293,
              18.595163232130226
            ]
          ]
        ]
      }
    },
    {
      "type": "Feature",
      "id": "FE_252",
      "properties": {
        "feature_id": "FE_252",
        "survey_candidate": "449/2",
        "area": 1398.2,
        "feature_type": "Cadastral Boundary"
      },
      "geometry": {
        "type": "Polygon",
        "coordinates": [
          [
            [
              73.74165869757508,
              18.595169599946992
            ],
            [
              73.74184932186898,
              18.59514126267064
            ],
            [
              73.74202684496879,
              18.59516345776466
            ],
            [
              73.74204403007079,
              18.595315125597338
            ],
            [
              73.74202047331588,
              18.595470811714325
            ],
            [
              73.74166088556052,
              18.595476197496655
            ],
            [
              73.74165869757508,
              18.595169599946992
            ]
          ]
        ]
      }
    },
    {
      "type": "Feature",
      "id": "FE_253",
      "properties": {
        "feature_id": "FE_253",
        "survey_candidate": "450/3",
        "area": 1319.8,
        "feature_type": "Cadastral Boundary"
      },
      "geometry": {
        "type": "Polygon",
        "coordinates": [
          [
            [
              73.74209726032905,
              18.595164974711636
            ],
            [
              73.74226921456804,
              18.595152415861335
            ],
            [
              73.7424540516179,
              18.595163294924703
            ],
            [
              73.74243380963128,
              18.595319407584583
            ],
            [
              73.74244926087464,
              18.595469953294838
            ],
            [
              73.74208475953712,
              18.595487522116773
            ],
            [
              73.74209726032905,
              18.595164974711636
            ]
          ]
        ]
      }
    },
    {
      "type": "Feature",
      "id": "FE_254",
      "properties": {
        "feature_id": "FE_254",
        "survey_candidate": "451/4",
        "area": 1276.1,
        "feature_type": "Cadastral Boundary"
      },
      "geometry": {
        "type": "Polygon",
        "coordinates": [
          [
            [
              73.74251044640098,
              18.59517205018722
            ],
            [
              73.74269814983641,
              18.595174495701272
            ],
            [
              73.74287318261194,
              18.595174461988453
            ],
            [
              73.742892311595,
              18.595313763271736
            ],
            [
              73.74287785011391,
              18.595475198200294
            ],
            [
              73.74251072412582,
              18.595456115945662
            ],
            [
              73.74251044640098,
              18.59517205018722
            ]
          ]
        ]
      }
    },
    {
      "type": "Feature",
      "id": "FE_255",
      "properties": {
        "feature_id": "FE_255",
        "survey_candidate": "452/1",
        "area": 1313.0,
        "feature_type": "Cadastral Boundary"
      },
      "geometry": {
        "type": "Polygon",
        "coordinates": [
          [
            [
              73.74294490603407,
              18.59516362911693
            ],
            [
              73.74313141978388,
              18.595147733902984
            ],
            [
              73.74330871112738,
              18.59516756339397
            ],
            [
              73.74330881642321,
              18.59532339267409
            ],
            [
              73.74330442618012,
              18.595472132254177
            ],
            [
              73.74295438376235,
              18.595467425433032
            ],
            [
              73.74294490603407,
              18.59516362911693
            ]
          ]
        ]
      }
    },
    {
      "type": "Feature",
      "id": "FE_256",
      "properties": {
        "feature_id": "FE_256",
        "survey_candidate": "453/2",
        "area": 1263.3,
        "feature_type": "Cadastral Boundary"
      },
      "geometry": {
        "type": "Polygon",
        "coordinates": [
          [
            [
              73.74338183169031,
              18.5951626701018
            ],
            [
              73.74355692780271,
              18.595174771950376
            ],
            [
              73.7437362741922,
              18.595158290582475
            ],
            [
              73.74371003914106,
              18.59532128427067
            ],
            [
              73.74373890060448,
              18.595474883242325
            ],
            [
              73.74336793998039,
              18.59547929547878
            ],
            [
              73.74338183169031,
              18.5951626701018
            ]
          ]
        ]
      }
    },
    {
      "type": "Feature",
      "id": "FE_257",
      "properties": {
        "feature_id": "FE_257",
        "survey_candidate": "454/3",
        "area": 1281.0,
        "feature_type": "Cadastral Boundary"
      },
      "geometry": {
        "type": "Polygon",
        "coordinates": [
          [
            [
              73.74380109164217,
              18.595160369728212
            ],
            [
              73.74398322033751,
              18.595173764514886
            ],
            [
              73.74415902436847,
              18.595170667655093
            ],
            [
              73.74415538131754,
              18.595314894271638
            ],
            [
              73.7441664682173,
              18.595473263534434
            ],
            [
              73.74379477343614,
              18.59547168177729
            ],
            [
              73.74380109164217,
              18.595160369728212
            ]
          ]
        ]
      }
    },
    {
      "type": "Feature",
      "id": "FE_258",
      "properties": {
        "feature_id": "FE_258",
        "survey_candidate": "455/4",
        "area": 1305.0,
        "feature_type": "Cadastral Boundary"
      },
      "geometry": {
        "type": "Polygon",
        "coordinates": [
          [
            [
              73.74422344890161,
              18.595160123904584
            ],
            [
              73.74439886074654,
              18.595162735549458
            ],
            [
              73.74458471873866,
              18.59517104458338
            ],
            [
              73.7445733197351,
              18.595326298140368
            ],
            [
              73.74458458128524,
              18.595467122370895
            ],
            [
              73.74422389372022,
              18.595488296640372
            ],
            [
              73.74422344890161,
              18.595160123904584
            ]
          ]
        ]
      }
    },
    {
      "type": "Feature",
      "id": "FE_259",
      "properties": {
        "feature_id": "FE_259",
        "survey_candidate": "456/1",
        "area": 1222.6,
        "feature_type": "Cadastral Boundary"
      },
      "geometry": {
        "type": "Polygon",
        "coordinates": [
          [
            [
              73.74465932502588,
              18.595162878163684
            ],
            [
              73.74483712429955,
              18.595173216169595
            ],
            [
              73.74500858597033,
              18.59516360059267
            ],
            [
              73.74501007791396,
              18.595314227247776
            ],
            [
              73.7450185059272,
              18.595467287541453
            ],
            [
              73.7446492230515,
              18.59545317474961
            ],
            [
              73.74465932502588,
              18.595162878163684
            ]
          ]
        ]
      }
    },
    {
      "type": "Feature",
      "id": "FE_260",
      "properties": {
        "feature_id": "FE_260",
        "survey_candidate": "457/2",
        "area": 1363.3,
        "feature_type": "Cadastral Boundary"
      },
      "geometry": {
        "type": "Polygon",
        "coordinates": [
          [
            [
              73.74508509586752,
              18.59516889740061
            ],
            [
              73.74525549930294,
              18.59515706586835
            ],
            [
              73.74544866469056,
              18.595166850560847
            ],
            [
              73.74544795919205,
              18.59532503463807
            ],
            [
              73.74543235357623,
              18.595479554139796
            ],
            [
              73.74507164597611,
              18.595482128582713
            ],
            [
              73.74508509586752,
              18.59516889740061
            ]
          ]
        ]
      }
    },
    {
      "type": "Feature",
      "id": "FE_261",
      "properties": {
        "feature_id": "FE_261",
        "survey_candidate": "458/3",
        "area": 1318.1,
        "feature_type": "Cadastral Boundary"
      },
      "geometry": {
        "type": "Polygon",
        "coordinates": [
          [
            [
              73.74550320653591,
              18.59516740911478
            ],
            [
              73.74569116661101,
              18.595156048353182
            ],
            [
              73.74587532142982,
              18.595169129639586
            ],
            [
              73.74586165568441,
              18.59531534893372
            ],
            [
              73.7458684364971,
              18.595475573730873
            ],
            [
              73.74551353580733,
              18.595476731457047
            ],
            [
              73.74550320653591,
              18.59516740911478
            ]
          ]
        ]
      }
    },
    {
      "type": "Feature",
      "id": "FE_262",
      "properties": {
        "feature_id": "FE_262",
        "survey_candidate": "459/4",
        "area": 1264.1,
        "feature_type": "Cadastral Boundary"
      },
      "geometry": {
        "type": "Polygon",
        "coordinates": [
          [
            [
              73.74593929632577,
              18.59516034412394
            ],
            [
              73.74611516717133,
              18.595162232568484
            ],
            [
              73.74630266782408,
              18.595156736356422
            ],
            [
              73.74627798751577,
              18.595315029809854
            ],
            [
              73.74630255051153,
              18.595471573186643
            ],
            [
              73.74593156059903,
              18.59545830721074
            ],
            [
              73.74593929632577,
              18.59516034412394
            ]
          ]
        ]
      }
    },
    {
      "type": "Feature",
      "id": "FE_263",
      "properties": {
        "feature_id": "FE_263",
        "survey_candidate": "460/1",
        "area": 1334.8,
        "feature_type": "Cadastral Boundary"
      },
      "geometry": {
        "type": "Polygon",
        "coordinates": [
          [
            [
              73.73780781332859,
              18.595533817463764
            ],
            [
              73.73799267692446,
              18.5955074120057
            ],
            [
              73.73817966703716,
              18.59552238391776
            ],
            [
              73.73816976048317,
              18.595686673647627
            ],
            [
              73.73816904332719,
              18.595841391595293
            ],
            [
              73.73781294984872,
              18.59582405518105
            ],
            [
              73.73780781332859,
              18.595533817463764
            ]
          ]
        ]
      }
    },
    {
      "type": "Feature",
      "id": "FE_264",
      "properties": {
        "feature_id": "FE_264",
        "survey_candidate": "461/2",
        "area": 1269.2,
        "feature_type": "Cadastral Boundary"
      },
      "geometry": {
        "type": "Polygon",
        "coordinates": [
          [
            [
              73.7382491166397,
              18.59552924194988
            ],
            [
              73.73843721058269,
              18.59554377152057
            ],
            [
              73.73860500138379,
              18.595530092206943
            ],
            [
              73.73861365797617,
              18.595671401425772
            ],
            [
              73.7386150102299,
              18.59582753797602
            ],
            [
              73.73825024163834,
              18.595844048577764
            ],
            [
              73.7382491166397,
              18.59552924194988
            ]
          ]
        ]
      }
    },
    {
      "type": "Feature",
      "id": "FE_265",
      "properties": {
        "feature_id": "FE_265",
        "survey_candidate": "462/3",
        "area": 1277.6,
        "feature_type": "Cadastral Boundary"
      },
      "geometry": {
        "type": "Polygon",
        "coordinates": [
          [
            [
              73.73866353279107,
              18.595528533853628
            ],
            [
              73.73885043940547,
              18.595539434273366
            ],
            [
              73.73902726260604,
              18.5955321826182
            ],
            [
              73.73902613777916,
              18.59568042499366
            ],
            [
              73.7390288861152,
              18.59583083955884
            ],
            [
              73.73867313681394,
              18.59584715757764
            ],
            [
              73.73866353279107,
              18.595528533853628
            ]
          ]
        ]
      }
    },
    {
      "type": "Feature",
      "id": "FE_266",
      "properties": {
        "feature_id": "FE_266",
        "survey_candidate": "463/4",
        "area": 1397.9,
        "feature_type": "Cadastral Boundary"
      },
      "geometry": {
        "type": "Polygon",
        "coordinates": [
          [
            [
              73.73909740678783,
              18.595534717494953
            ],
            [
              73.73929105416998,
              18.595502271336336
            ],
            [
              73.73947237353525,
              18.59552746706631
            ],
            [
              73.73946839577872,
              18.59567833455257
            ],
            [
              73.73945759079038,
              18.595839980543797
            ],
            [
              73.73909945240442,
              18.595841852671704
            ],
            [
              73.73909740678783,
              18.595534717494953
            ]
          ]
        ]
      }
    },
    {
      "type": "Feature",
      "id": "FE_267",
      "properties": {
        "feature_id": "FE_267",
        "survey_candidate": "464/1",
        "area": 1292.2,
        "feature_type": "Cadastral Boundary"
      },
      "geometry": {
        "type": "Polygon",
        "coordinates": [
          [
            [
              73.7395289927029,
              18.595532892972745
            ],
            [
              73.73971122682934,
              18.59552889353755
            ],
            [
              73.73988940938713,
              18.595527226557767
            ],
            [
              73.73987985174094,
              18.5956816616594
            ],
            [
              73.73989148276718,
              18.595836706929802
            ],
            [
              73.7395242284602,
              18.595838118887272
            ],
            [
              73.7395289927029,
              18.595532892972745
            ]
          ]
        ]
      }
    },
    {
      "type": "Feature",
      "id": "FE_268",
      "properties": {
        "feature_id": "FE_268",
        "survey_candidate": "465/2",
        "area": 1215.5,
        "feature_type": "Cadastral Boundary"
      },
      "geometry": {
        "type": "Polygon",
        "coordinates": [
          [
            [
              73.73995885615585,
              18.595525400667622
            ],
            [
              73.74012773557997,
              18.595537566991382
            ],
            [
              73.74031316904896,
              18.595529840431098
            ],
            [
              73.74030440305799,
              18.595681802103652
            ],
            [
              73.74030817604731,
              18.595824063731815
            ],
            [
              73.7399557069769,
              18.595834107811104
            ],
            [
              73.73995885615585,
              18.595525400667622
            ]
          ]
        ]
      }
    },
    {
      "type": "Feature",
      "id": "FE_269",
      "properties": {
        "feature_id": "FE_269",
        "survey_candidate": "466/3",
        "area": 1289.5,
        "feature_type": "Cadastral Boundary"
      },
      "geometry": {
        "type": "Polygon",
        "coordinates": [
          [
            [
              73.74039189807965,
              18.595532896353962
            ],
            [
              73.74055949565648,
              18.595505186888236
            ],
            [
              73.74073934218876,
              18.59552412975933
            ],
            [
              73.74074962099918,
              18.595674944696547
            ],
            [
              73.74073790466525,
              18.59582956307063
            ],
            [
              73.7403926267872,
              18.595830287797636
            ],
            [
              73.74039189807965,
              18.595532896353962
            ]
          ]
        ]
      }
    },
    {
      "type": "Feature",
      "id": "FE_270",
      "properties": {
        "feature_id": "FE_270",
        "survey_candidate": "467/4",
        "area": 1246.4,
        "feature_type": "Cadastral Boundary"
      },
      "geometry": {
        "type": "Polygon",
        "coordinates": [
          [
            [
              73.74081554986178,
              18.59552896782103
            ],
            [
              73.7409984336123,
              18.59552915762716
            ],
            [
              73.74117307606093,
              18.595526187565017
            ],
            [
              73.74116800845985,
              18.59567499077922
            ],
            [
              73.74116609547778,
              18.595829732970802
            ],
            [
              73.74081124498584,
              18.595826297412184
            ],
            [
              73.74081554986178,
              18.59552896782103
            ]
          ]
        ]
      }
    },
    {
      "type": "Feature",
      "id": "FE_271",
      "properties": {
        "feature_id": "FE_271",
        "survey_candidate": "468/1",
        "area": 1281.9,
        "feature_type": "Cadastral Boundary"
      },
      "geometry": {
        "type": "Polygon",
        "coordinates": [
          [
            [
              73.74122965872394,
              18.59552612524096
            ],
            [
              73.74140965979109,
              18.595532589863733
            ],
            [
              73.7415975932487,
              18.595523024566546
            ],
            [
              73.74159712334932,
              18.5956808358436
            ],
            [
              73.74160356948957,
              18.59583439890943
            ],
            [
              73.74124294898836,
              18.595827125056754
            ],
            [
              73.74122965872394,
              18.59552612524096
            ]
          ]
        ]
      }
    },
    {
      "type": "Feature",
      "id": "FE_272",
      "properties": {
        "feature_id": "FE_272",
        "survey_candidate": "469/2",
        "area": 1368.6,
        "feature_type": "Cadastral Boundary"
      },
      "geometry": {
        "type": "Polygon",
        "coordinates": [
          [
            [
              73.74166076183134,
              18.595524128845803
            ],
            [
              73.74184832883952,
              18.595516776207194
            ],
            [
              73.74202124753486,
              18.59551995039213
            ],
            [
              73.74203778792936,
              18.595685578854038
            ],
            [
              73.74203419804942,
              18.59583665416046
            ],
            [
              73.741675089638,
              18.595843144230656
            ],
            [
              73.74166076183134,
              18.595524128845803
            ]
          ]
        ]
      }
    },
    {
      "type": "Feature",
      "id": "FE_273",
      "properties": {
        "feature_id": "FE_273",
        "survey_candidate": "470/3",
        "area": 1392.3,
        "feature_type": "Cadastral Boundary"
      },
      "geometry": {
        "type": "Polygon",
        "coordinates": [
          [
            [
              73.74209113118307,
              18.595521047733257
            ],
            [
              73.74226455781286,
              18.595513955352292
            ],
            [
              73.74245243464148,
              18.595520659725043
            ],
            [
              73.74246843607925,
              18.595672902578794
            ],
            [
              73.74246009943757,
              18.59583166834035
            ],
            [
              73.74209115878267,
              18.59584414215699
            ],
            [
              73.74209113118307,
              18.595521047733257
            ]
          ]
        ]
      }
    },
    {
      "type": "Feature",
      "id": "FE_274",
      "properties": {
        "feature_id": "FE_274",
        "survey_candidate": "471/4",
        "area": 1375.8,
        "feature_type": "Cadastral Boundary"
      },
      "geometry": {
        "type": "Polygon",
        "coordinates": [
          [
            [
              73.7425255628341,
              18.595518989788555
            ],
            [
              73.74271198195846,
              18.595500059822328
            ],
            [
              73.74288819121142,
              18.595518502926414
            ],
            [
              73.74290321070765,
              18.595672476168378
            ],
            [
              73.74288334376737,
              18.59582312321986
            ],
            [
              73.7425195295246,
              18.59582830574047
            ],
            [
              73.7425255628341,
              18.595518989788555
            ]
          ]
        ]
      }
    },
    {
      "type": "Feature",
      "id": "FE_275",
      "properties": {
        "feature_id": "FE_275",
        "survey_candidate": "472/1",
        "area": 1371.2,
        "feature_type": "Cadastral Boundary"
      },
      "geometry": {
        "type": "Polygon",
        "coordinates": [
          [
            [
              73.74294896772598,
              18.59551727778117
            ],
            [
              73.74313612098098,
              18.59551554947249
            ],
            [
              73.74331615935878,
              18.59552215920637
            ],
            [
              73.74331045801705,
              18.595681391791803
            ],
            [
              73.74331627672787,
              18.595831835256945
            ],
            [
              73.74294206214961,
              18.59584025757099
            ],
            [
              73.74294896772598,
              18.59551727778117
            ]
          ]
        ]
      }
    },
    {
      "type": "Feature",
      "id": "FE_276",
      "properties": {
        "feature_id": "FE_276",
        "survey_candidate": "473/2",
        "area": 1264.3,
        "feature_type": "Cadastral Boundary"
      },
      "geometry": {
        "type": "Polygon",
        "coordinates": [
          [
            [
              73.74338095390995,
              18.595522911644043
            ],
            [
              73.74356084691264,
              18.595542541976528
            ],
            [
              73.74372982658811,
              18.595526061435844
            ],
            [
              73.74374883016822,
              18.595683857694894
            ],
            [
              73.74373324475482,
              18.595834970707443
            ],
            [
              73.74336926164789,
              18.595822541557833
            ],
            [
              73.74338095390995,
              18.595522911644043
            ]
          ]
        ]
      }
    },
    {
      "type": "Feature",
      "id": "FE_277",
      "properties": {
        "feature_id": "FE_277",
        "survey_candidate": "474/3",
        "area": 1346.9,
        "feature_type": "Cadastral Boundary"
      },
      "geometry": {
        "type": "Polygon",
        "coordinates": [
          [
            [
              73.74379214401405,
              18.59552116002924
            ],
            [
              73.74398015443884,
              18.595509740249625
            ],
            [
              73.74416455052047,
              18.59551830446076
            ],
            [
              73.74415860453682,
              18.59567853266308
            ],
            [
              73.74416163634253,
              18.595826319110333
            ],
            [
              73.74379930356437,
              18.59583308691738
            ],
            [
              73.74379214401405,
              18.59552116002924
            ]
          ]
        ]
      }
    },
    {
      "type": "Feature",
      "id": "FE_278",
      "properties": {
        "feature_id": "FE_278",
        "survey_candidate": "475/4",
        "area": 1346.0,
        "feature_type": "Cadastral Boundary"
      },
      "geometry": {
        "type": "Polygon",
        "coordinates": [
          [
            [
              73.74422279394743,
              18.595524966873334
            ],
            [
              73.74440871565403,
              18.59550701878492
            ],
            [
              73.74458251332426,
              18.595526816454107
            ],
            [
              73.74459047579127,
              18.595671077821912
            ],
            [
              73.74458945896521,
              18.59583087954971
            ],
            [
              73.74422952492232,
              18.595837076261233
            ],
            [
              73.74422279394743,
              18.595524966873334
            ]
          ]
        ]
      }
    },
    {
      "type": "Feature",
      "id": "FE_279",
      "properties": {
        "feature_id": "FE_279",
        "survey_candidate": "476/1",
        "area": 1318.2,
        "feature_type": "Cadastral Boundary"
      },
      "geometry": {
        "type": "Polygon",
        "coordinates": [
          [
            [
              73.74465288701214,
              18.595530622644276
            ],
            [
              73.74484082309733,
              18.59550703107107
            ],
            [
              73.74501222407669,
              18.595527369687904
            ],
            [
              73.74502451319607,
              18.59567395010206
            ],
            [
              73.74501340383891,
              18.595832433708797
            ],
            [
              73.7446620271475,
              18.59582716605447
            ],
            [
              73.74465288701214,
              18.595530622644276
            ]
          ]
        ]
      }
    },
    {
      "type": "Feature",
      "id": "FE_280",
      "properties": {
        "feature_id": "FE_280",
        "survey_candidate": "477/2",
        "area": 1271.1,
        "feature_type": "Cadastral Boundary"
      },
      "geometry": {
        "type": "Polygon",
        "coordinates": [
          [
            [
              73.74507871389467,
              18.595528411047276
            ],
            [
              73.74526820601565,
              18.595500603148917
            ],
            [
              73.74543651358944,
              18.595523288833302
            ],
            [
              73.74542298882638,
              18.595672597630916
            ],
            [
              73.74545121941429,
              18.595834996771213
            ],
            [
              73.74508498711793,
              18.595810052710167
            ],
            [
              73.74507871389467,
              18.595528411047276
            ]
          ]
        ]
      }
    },
    {
      "type": "Feature",
      "id": "FE_281",
      "properties": {
        "feature_id": "FE_281",
        "survey_candidate": "478/3",
        "area": 1339.5,
        "feature_type": "Cadastral Boundary"
      },
      "geometry": {
        "type": "Polygon",
        "coordinates": [
          [
            [
              73.74551061311129,
              18.59553111706541
            ],
            [
              73.74568163915399,
              18.59549779552166
            ],
            [
              73.74587247072024,
              18.595529270018957
            ],
            [
              73.74588200375578,
              18.59568431305398
            ],
            [
              73.745874394793,
              18.595833416264075
            ],
            [
              73.74551034027141,
              18.59581799998248
            ],
            [
              73.74551061311129,
              18.59553111706541
            ]
          ]
        ]
      }
    },
    {
      "type": "Feature",
      "id": "FE_282",
      "properties": {
        "feature_id": "FE_282",
        "survey_candidate": "479/4",
        "area": 1280.8,
        "feature_type": "Cadastral Boundary"
      },
      "geometry": {
        "type": "Polygon",
        "coordinates": [
          [
            [
              73.74593253920409,
              18.595529009960178
            ],
            [
              73.74612412482645,
              18.595538022503064
            ],
            [
              73.746299697577,
              18.595528977523315
            ],
            [
              73.74629945366632,
              18.595678735856243
            ],
            [
              73.7462913755604,
              18.595836141598852
            ],
            [
              73.7459361718817,
              18.595833651386734
            ],
            [
              73.74593253920409,
              18.595529009960178
            ]
          ]
        ]
      }
    },
    {
      "type": "Feature",
      "id": "FE_283",
      "properties": {
        "feature_id": "FE_283",
        "survey_candidate": "480/1",
        "area": 1358.8,
        "feature_type": "Cadastral Boundary"
      },
      "geometry": {
        "type": "Polygon",
        "coordinates": [
          [
            [
              73.73781971255892,
              18.59588902329475
            ],
            [
              73.7380023076248,
              18.59587601062655
            ],
            [
              73.7381835623542,
              18.59588729867724
            ],
            [
              73.73819088452674,
              18.596042217630348
            ],
            [
              73.73818036108386,
              18.59618570101515
            ],
            [
              73.73781116940116,
              18.59620498091507
            ],
            [
              73.73781971255892,
              18.59588902329475
            ]
          ]
        ]
      }
    },
    {
      "type": "Feature",
      "id": "FE_284",
      "properties": {
        "feature_id": "FE_284",
        "survey_candidate": "481/2",
        "area": 1330.7,
        "feature_type": "Cadastral Boundary"
      },
      "geometry": {
        "type": "Polygon",
        "coordinates": [
          [
            [
              73.7382499069394,
              18.59589327704287
            ],
            [
              73.73842729610048,
              18.595870219273635
            ],
            [
              73.73860567192742,
              18.595889531817356
            ],
            [
              73.7385980033753,
              18.59604910517822
            ],
            [
              73.73861574059366,
              18.596198644165852
            ],
            [
              73.73825471612763,
              18.59620833390278
            ],
            [
              73.7382499069394,
              18.59589327704287
            ]
          ]
        ]
      }
    },
    {
      "type": "Feature",
      "id": "FE_285",
      "properties": {
        "feature_id": "FE_285",
        "survey_candidate": "482/3",
        "area": 1360.1,
        "feature_type": "Cadastral Boundary"
      },
      "geometry": {
        "type": "Polygon",
        "coordinates": [
          [
            [
              73.73868332562905,
              18.59587746084535
            ],
            [
              73.73885836679163,
              18.595857808215648
            ],
            [
              73.73903161296795,
              18.595877708523734
            ],
            [
              73.73904300014564,
              18.596034404485135
            ],
            [
              73.73904173768568,
              18.596192675208393
            ],
            [
              73.73868158636725,
              18.59619341315675
            ],
            [
              73.73868332562905,
              18.59587746084535
            ]
          ]
        ]
      }
    },
    {
      "type": "Feature",
      "id": "FE_286",
      "properties": {
        "feature_id": "FE_286",
        "survey_candidate": "483/4",
        "area": 1245.6,
        "feature_type": "Cadastral Boundary"
      },
      "geometry": {
        "type": "Polygon",
        "coordinates": [
          [
            [
              73.73910066206658,
              18.595879398054457
            ],
            [
              73.73927864932372,
              18.595896600504076
            ],
            [
              73.73945881543851,
              18.595888266660648
            ],
            [
              73.73946678457256,
              18.596042590560604
            ],
            [
              73.73945991717083,
              18.59618752459876
            ],
            [
              73.73910601473546,
              18.596184646666376
            ],
            [
              73.73910066206658,
              18.595879398054457
            ]
          ]
        ]
      }
    },
    {
      "type": "Feature",
      "id": "FE_287",
      "properties": {
        "feature_id": "FE_287",
        "survey_candidate": "484/1",
        "area": 1299.6,
        "feature_type": "Cadastral Boundary"
      },
      "geometry": {
        "type": "Polygon",
        "coordinates": [
          [
            [
              73.73953561509731,
              18.59588019938473
            ],
            [
              73.7396993904824,
              18.595864839951673
            ],
            [
              73.73989056873937,
              18.595887498208562
            ],
            [
              73.73987917211295,
              18.5960315399615
            ],
            [
              73.7398900534221,
              18.596194537987458
            ],
            [
              73.73952981441535,
              18.5961849108996
            ],
            [
              73.73953561509731,
              18.59588019938473
            ]
          ]
        ]
      }
    },
    {
      "type": "Feature",
      "id": "FE_288",
      "properties": {
        "feature_id": "FE_288",
        "survey_candidate": "485/2",
        "area": 1300.2,
        "feature_type": "Cadastral Boundary"
      },
      "geometry": {
        "type": "Polygon",
        "coordinates": [
          [
            [
              73.73995423786232,
              18.59588744867947
            ],
            [
              73.74014334056932,
              18.59586464512711
            ],
            [
              73.74031886013714,
              18.595884362732402
            ],
            [
              73.74031812935831,
              18.596042987769724
            ],
            [
              73.740319411547,
              18.596195400422648
            ],
            [
              73.73996284259309,
              18.59617211789706
            ],
            [
              73.73995423786232,
              18.59588744867947
            ]
          ]
        ]
      }
    },
    {
      "type": "Feature",
      "id": "FE_289",
      "properties": {
        "feature_id": "FE_289",
        "survey_candidate": "486/3",
        "area": 1310.2,
        "feature_type": "Cadastral Boundary"
      },
      "geometry": {
        "type": "Polygon",
        "coordinates": [
          [
            [
              73.74037094857614,
              18.595891663433072
            ],
            [
              73.74056151182305,
              18.595877710600092
            ],
            [
              73.74074516731473,
              18.595890591275175
            ],
            [
              73.74075876692412,
              18.596034137230916
            ],
            [
              73.74073228444104,
              18.596191123190838
            ],
            [
              73.7403817550416,
              18.596178603501343
            ],
            [
              73.74037094857614,
              18.595891663433072
            ]
          ]
        ]
      }
    },
    {
      "type": "Feature",
      "id": "FE_290",
      "properties": {
        "feature_id": "FE_290",
        "survey_candidate": "487/4",
        "area": 1355.2,
        "feature_type": "Cadastral Boundary"
      },
      "geometry": {
        "type": "Polygon",
        "coordinates": [
          [
            [
              73.74081316478603,
              18.595886502582548
            ],
            [
              73.74099024356246,
              18.595874294601508
            ],
            [
              73.74117845899397,
              18.59588832759881
            ],
            [
              73.7411914071584,
              18.596041289830698
            ],
            [
              73.74117367674313,
              18.596187120387693
            ],
            [
              73.74080945905271,
              18.596196838730652
            ],
            [
              73.74081316478603,
              18.595886502582548
            ]
          ]
        ]
      }
    },
    {
      "type": "Feature",
      "id": "FE_291",
      "properties": {
        "feature_id": "FE_291",
        "survey_candidate": "488/1",
        "area": 1270.7,
        "feature_type": "Cadastral Boundary"
      },
      "geometry": {
        "type": "Polygon",
        "coordinates": [
          [
            [
              73.74123561522691,
              18.595886832014166
            ],
            [
              73.74142277758665,
              18.595899953746027
            ],
            [
              73.74159964767523,
              18.59588801741946
            ],
            [
              73.74159106056008,
              18.596041791312896
            ],
            [
              73.74160620473909,
              18.59619541441449
            ],
            [
              73.74123587079926,
              18.59619307670685
            ],
            [
              73.74123561522691,
              18.595886832014166
            ]
          ]
        ]
      }
    },
    {
      "type": "Feature",
      "id": "FE_292",
      "properties": {
        "feature_id": "FE_292",
        "survey_candidate": "489/2",
        "area": 1349.6,
        "feature_type": "Cadastral Boundary"
      },
      "geometry": {
        "type": "Polygon",
        "coordinates": [
          [
            [
              73.74166997042673,
              18.595888238994455
            ],
            [
              73.74184055104892,
              18.595865295943216
            ],
            [
              73.74202387267219,
              18.59587965251562
            ],
            [
              73.74203318785085,
              18.596037688587383
            ],
            [
              73.74203143515128,
              18.596189615154962
            ],
            [
              73.74166156664513,
              18.596192376103808
            ],
            [
              73.74166997042673,
              18.595888238994455
            ]
          ]
        ]
      }
    },
    {
      "type": "Feature",
      "id": "FE_293",
      "properties": {
        "feature_id": "FE_293",
        "survey_candidate": "490/3",
        "area": 1250.1,
        "feature_type": "Cadastral Boundary"
      },
      "geometry": {
        "type": "Polygon",
        "coordinates": [
          [
            [
              73.742088745981,
              18.595884768959337
            ],
            [
              73.74226860528844,
              18.59587856125792
            ],
            [
              73.74244763004089,
              18.595892796180653
            ],
            [
              73.74243944061433,
              18.596035032973187
            ],
            [
              73.74244332289474,
              18.596195707247688
            ],
            [
              73.74209380564967,
              18.596179789580816
            ],
            [
              73.742088745981,
              18.595884768959337
            ]
          ]
        ]
      }
    },
    {
      "type": "Feature",
      "id": "FE_294",
      "properties": {
        "feature_id": "FE_294",
        "survey_candidate": "491/4",
        "area": 1369.1,
        "feature_type": "Cadastral Boundary"
      },
      "geometry": {
        "type": "Polygon",
        "coordinates": [
          [
            [
              73.74251820064107,
              18.595892143298467
            ],
            [
              73.74269968505543,
              18.59586253797092
            ],
            [
              73.74288166836261,
              18.5958897178879
            ],
            [
              73.74289223908686,
              18.59603376023264
            ],
            [
              73.74287739688434,
              18.596187780230377
            ],
            [
              73.74251770978563,
              18.5962021520276
            ],
            [
              73.74251820064107,
              18.595892143298467
            ]
          ]
        ]
      }
    },
    {
      "type": "Feature",
      "id": "FE_295",
      "properties": {
        "feature_id": "FE_295",
        "survey_candidate": "492/1",
        "area": 1270.4,
        "feature_type": "Cadastral Boundary"
      },
      "geometry": {
        "type": "Polygon",
        "coordinates": [
          [
            [
              73.74295139475744,
              18.59588431252607
            ],
            [
              73.74311816816683,
              18.595889234309016
            ],
            [
              73.74330280003167,
              18.595884455404207
            ],
            [
              73.74329471335955,
              18.5960427021239
            ],
            [
              73.74330315222845,
              18.59618414820877
            ],
            [
              73.7429366963987,
              18.59620132881614
            ],
            [
              73.74295139475744,
              18.59588431252607
            ]
          ]
        ]
      }
    },
    {
      "type": "Feature",
      "id": "FE_296",
      "properties": {
        "feature_id": "FE_296",
        "survey_candidate": "493/2",
        "area": 1328.9,
        "feature_type": "Cadastral Boundary"
      },
      "geometry": {
        "type": "Polygon",
        "coordinates": [
          [
            [
              73.74336564339865,
              18.595889364568105
            ],
            [
              73.7435481248462,
              18.595867428781
            ],
            [
              73.7437256976394,
              18.595892113596868
            ],
            [
              73.74371103051462,
              18.596045826451967
            ],
            [
              73.74373935305589,
              18.596185186659948
            ],
            [
              73.74336669257437,
              18.596210122634293
            ],
            [
              73.74336564339865,
              18.595889364568105
            ]
          ]
        ]
      }
    },
    {
      "type": "Feature",
      "id": "FE_297",
      "properties": {
        "feature_id": "FE_297",
        "survey_candidate": "494/3",
        "area": 1324.1,
        "feature_type": "Cadastral Boundary"
      },
      "geometry": {
        "type": "Polygon",
        "coordinates": [
          [
            [
              73.74379547747392,
              18.595896622954232
            ],
            [
              73.74398317856533,
              18.595885315429733
            ],
            [
              73.74416138581958,
              18.595893896104528
            ],
            [
              73.74414676357138,
              18.59604107661174
            ],
            [
              73.74415289360037,
              18.596197550368842
            ],
            [
              73.7437942923339,
              18.596216529572263
            ],
            [
              73.74379547747392,
              18.595896622954232
            ]
          ]
        ]
      }
    },
    {
      "type": "Feature",
      "id": "FE_298",
      "properties": {
        "feature_id": "FE_298",
        "survey_candidate": "495/4",
        "area": 1403.2,
        "feature_type": "Cadastral Boundary"
      },
      "geometry": {
        "type": "Polygon",
        "coordinates": [
          [
            [
              73.74422207578114,
              18.595876215791343
            ],
            [
              73.74441606291887,
              18.595854230819576
            ],
            [
              73.7445843397451,
              18.59588569721609
            ],
            [
              73.74460242310495,
              18.596041152006848
            ],
            [
              73.74458365187361,
              18.596194095102362
            ],
            [
              73.74422413083025,
              18.596189213381727
            ],
            [
              73.74422207578114,
              18.595876215791343
            ]
          ]
        ]
      }
    },
    {
      "type": "Feature",
      "id": "FE_299",
      "properties": {
        "feature_id": "FE_299",
        "survey_candidate": "496/1",
        "area": 1362.1,
        "feature_type": "Cadastral Boundary"
      },
      "geometry": {
        "type": "Polygon",
        "coordinates": [
          [
            [
              73.74465942657498,
              18.59588004788811
            ],
            [
              73.7448322161422,
              18.595876852376055
            ],
            [
              73.745016046662,
              18.59587856856221
            ],
            [
              73.74504298240592,
              18.59603300244148
            ],
            [
              73.74501617439296,
              18.59618991722298
            ],
            [
              73.74464740926118,
              18.596184789842983
            ],
            [
              73.74465942657498,
              18.59588004788811
            ]
          ]
        ]
      }
    },
    {
      "type": "Feature",
      "id": "FE_300",
      "properties": {
        "feature_id": "FE_300",
        "survey_candidate": "497/2",
        "area": 1352.4,
        "feature_type": "Cadastral Boundary"
      },
      "geometry": {
        "type": "Polygon",
        "coordinates": [
          [
            [
              73.74507088866348,
              18.595878595995252
            ],
            [
              73.74526487817698,
              18.595882181558125
            ],
            [
              73.74544237387329,
              18.595883522349318
            ],
            [
              73.74545581910347,
              18.59604375027969
            ],
            [
              73.74543670492416,
              18.596186772881566
            ],
            [
              73.74508334278894,
              18.59620009137127
            ],
            [
              73.74507088866348,
              18.595878595995252
            ]
          ]
        ]
      }
    },
    {
      "type": "Feature",
      "id": "FE_301",
      "properties": {
        "feature_id": "FE_301",
        "survey_candidate": "498/3",
        "area": 1274.7,
        "feature_type": "Cadastral Boundary"
      },
      "geometry": {
        "type": "Polygon",
        "coordinates": [
          [
            [
              73.74551332781745,
              18.59588177639096
            ],
            [
              73.74569680384013,
              18.595902570355502
            ],
            [
              73.74586016712306,
              18.595885932434072
            ],
            [
              73.74588421353415,
              18.59604063382057
            ],
            [
              73.74585963210784,
              18.5961993896367
            ],
            [
              73.74551026176705,
              18.596190538142295
            ],
            [
              73.74551332781745,
              18.59588177639096
            ]
          ]
        ]
      }
    },
    {
      "type": "Feature",
      "id": "FE_302",
      "properties": {
        "feature_id": "FE_302",
        "survey_candidate": "499/4",
        "area": 1209.4,
        "feature_type": "Cadastral Boundary"
      },
      "geometry": {
        "type": "Polygon",
        "coordinates": [
          [
            [
              73.74594125536511,
              18.595882893091805
            ],
            [
              73.74612078960597,
              18.595903598533642
            ],
            [
              73.74629519378114,
              18.595889776945974
            ],
            [
              73.74629310885734,
              18.59604297644322
            ],
            [
              73.74630134632226,
              18.596189214709515
            ],
            [
              73.74594107882268,
              18.59618363766428
            ],
            [
              73.74594125536511,
              18.595882893091805
            ]
          ]
        ]
      }
    },
    {
      "type": "Feature",
      "id": "FE_DUP_01",
      "properties": {
        "feature_id": "FE_DUP_01",
        "survey_candidate": "211/4",
        "area": 1315.4,
        "feature_type": "Secondary Flight Extraction"
      },
      "geometry": {
        "type": "Polygon",
        "coordinates": [
          [
            [
              73.74251487838335,
              18.59084836796885
            ],
            [
              73.74270228826107,
              18.59083904436773
            ],
            [
              73.74288154535488,
              18.590844280921687
            ],
            [
              73.74285888993069,
              18.59099656670623
            ],
            [
              73.7428803885859,
              18.591146394958553
            ],
            [
              73.74251281805624,
              18.59116947979678
            ],
            [
              73.74251487838335,
              18.59084836796885
            ]
          ]
        ]
      }
    },
    {
      "type": "Feature",
      "id": "FE_DUP_02",
      "properties": {
        "feature_id": "FE_DUP_02",
        "survey_candidate": "212/1",
        "area": 1316.5,
        "feature_type": "Secondary Flight Extraction"
      },
      "geometry": {
        "type": "Polygon",
        "coordinates": [
          [
            [
              73.7429480445036,
              18.59085076425262
            ],
            [
              73.74313334141442,
              18.59086052688157
            ],
            [
              73.74330512788518,
              18.590840215034458
            ],
            [
              73.7433015790915,
              18.59100462067986
            ],
            [
              73.74331366101119,
              18.591160649327197
            ],
            [
              73.74294506720426,
              18.591172070773087
            ],
            [
              73.7429480445036,
              18.59085076425262
            ]
          ]
        ]
      }
    },
    {
      "type": "Feature",
      "id": "FE_DUP_03",
      "properties": {
        "feature_id": "FE_DUP_03",
        "survey_candidate": "213/2",
        "area": 1355.5,
        "feature_type": "Secondary Flight Extraction"
      },
      "geometry": {
        "type": "Polygon",
        "coordinates": [
          [
            [
              73.74338082758837,
              18.59085028492593
            ],
            [
              73.74355987535142,
              18.590836583324922
            ],
            [
              73.7437358542213,
              18.59084339858408
            ],
            [
              73.74374455690554,
              18.59100834459351
            ],
            [
              73.74372717311594,
              18.591152033917236
            ],
            [
              73.74336904218889,
              18.591170110370726
            ],
            [
              73.74338082758837,
              18.59085028492593
            ]
          ]
        ]
      }
    },
    {
      "type": "Feature",
      "id": "FE_DUP_04",
      "properties": {
        "feature_id": "FE_DUP_04",
        "survey_candidate": "214/3",
        "area": 1334.2,
        "feature_type": "Secondary Flight Extraction"
      },
      "geometry": {
        "type": "Polygon",
        "coordinates": [
          [
            [
              73.74380770349052,
              18.59084696000807
            ],
            [
              73.7439875953051,
              18.59082452577852
            ],
            [
              73.74415796541388,
              18.590837301874416
            ],
            [
              73.74415142034447,
              18.590991890856603
            ],
            [
              73.74416644498974,
              18.591151557027903
            ],
            [
              73.74379754331879,
              18.591159033825154
            ],
            [
              73.74380770349052,
              18.59084696000807
            ]
          ]
        ]
      }
    },
    {
      "type": "Feature",
      "id": "FE_DUP_05",
      "properties": {
        "feature_id": "FE_DUP_05",
        "survey_candidate": "215/4",
        "area": 1395.9,
        "feature_type": "Secondary Flight Extraction"
      },
      "geometry": {
        "type": "Polygon",
        "coordinates": [
          [
            [
              73.74422208187526,
              18.5908540189585
            ],
            [
              73.74439926841612,
              18.59082487936043
            ],
            [
              73.74459105155572,
              18.590843332154357
            ],
            [
              73.74459152402973,
              18.590997200531092
            ],
            [
              73.74458841238618,
              18.591157879312433
            ],
            [
              73.7442296743858,
              18.591168900277953
            ],
            [
              73.74422208187526,
              18.5908540189585
            ]
          ]
        ]
      }
    },
    {
      "type": "Feature",
      "id": "FE_DUP_06",
      "properties": {
        "feature_id": "FE_DUP_06",
        "survey_candidate": "216/1",
        "area": 1375.5,
        "feature_type": "Secondary Flight Extraction"
      },
      "geometry": {
        "type": "Polygon",
        "coordinates": [
          [
            [
              73.74466128091414,
              18.590843067771218
            ],
            [
              73.7448421375121,
              18.59082594449104
            ],
            [
              73.74501415194736,
              18.59084876914534
            ],
            [
              73.74502413650819,
              18.590996772119116
            ],
            [
              73.74501713707451,
              18.59115352849792
            ],
            [
              73.74465336385069,
              18.591167205783115
            ],
            [
              73.74466128091414,
              18.590843067771218
            ]
          ]
        ]
      }
    },
    {
      "type": "Feature",
      "id": "FE_DUP_07",
      "properties": {
        "feature_id": "FE_DUP_07",
        "survey_candidate": "217/2",
        "area": 1259.4,
        "feature_type": "Secondary Flight Extraction"
      },
      "geometry": {
        "type": "Polygon",
        "coordinates": [
          [
            [
              73.74507929300562,
              18.590854956520637
            ],
            [
              73.74526618071866,
              18.590855531627547
            ],
            [
              73.74543409478716,
              18.59085599277871
            ],
            [
              73.74542452385685,
              18.591005475182865
            ],
            [
              73.7454427245928,
              18.59115902777894
            ],
            [
              73.745085611144,
              18.59116803036949
            ],
            [
              73.74507929300562,
              18.590854956520637
            ]
          ]
        ]
      }
    },
    {
      "type": "Feature",
      "id": "FE_DUP_08",
      "properties": {
        "feature_id": "FE_DUP_08",
        "survey_candidate": "218/3",
        "area": 1331.0,
        "feature_type": "Secondary Flight Extraction"
      },
      "geometry": {
        "type": "Polygon",
        "coordinates": [
          [
            [
              73.74550746307443,
              18.590848195636514
            ],
            [
              73.74568702682159,
              18.590847311657036
            ],
            [
              73.74587488526916,
              18.590846081633046
            ],
            [
              73.74589413415582,
              18.591008770199736
            ],
            [
              73.74587432391621,
              18.59115012456675
            ],
            [
              73.74551444002181,
              18.591153237807266
            ],
            [
              73.74550746307443,
              18.590848195636514
            ]
          ]
        ]
      }
    },
    {
      "type": "Feature",
      "id": "FE_DUP_09",
      "properties": {
        "feature_id": "FE_DUP_09",
        "survey_candidate": "219/4",
        "area": 1322.1,
        "feature_type": "Secondary Flight Extraction"
      },
      "geometry": {
        "type": "Polygon",
        "coordinates": [
          [
            [
              73.74593746206314,
              18.590852368735682
            ],
            [
              73.74611013728801,
              18.590848950298767
            ],
            [
              73.74629709272058,
              18.590855050334447
            ],
            [
              73.74629002279879,
              18.59100185064216
            ],
            [
              73.74629618343275,
              18.59115046042381
            ],
            [
              73.74592840736582,
              18.591179106919732
            ],
            [
              73.74593746206314,
              18.590852368735682
            ]
          ]
        ]
      }
    },
    {
      "type": "Feature",
      "id": "FE_DUP_10",
      "properties": {
        "feature_id": "FE_DUP_10",
        "survey_candidate": "220/1",
        "area": 1257.2,
        "feature_type": "Secondary Flight Extraction"
      },
      "geometry": {
        "type": "Polygon",
        "coordinates": [
          [
            [
              73.73782150852416,
              18.59120632626023
            ],
            [
              73.7380055354185,
              18.591223237165938
            ],
            [
              73.73818162050948,
              18.591211104697273
            ],
            [
              73.73817056059569,
              18.591359179910732
            ],
            [
              73.73818249447758,
              18.59151184550059
            ],
            [
              73.73781508805287,
              18.591519924175365
            ],
            [
              73.73782150852416,
              18.59120632626023
            ]
          ]
        ]
      }
    }
  ]
}