{
  "type": "FeatureCollection",
  "crs": {
    "type": "name",
    "properties": {
      "name": "EPSG:4326"
    }
  },
  "features": [
    {
      "type": "Feature",
      "id": "FE_001",
      "properties": {
        "feature_id": "FE_001",
        "survey_candidate": "200/1",
        "area": 1005.7,
        "feature_type": "Cadastral Boundary"
      },
      "geometry": {
        "type": "Polygon",
        "coordinates": [
          [
            [
              76.95188272628491,
              11.002974872038461
            ],
            [
              76.95204405595995,
              11.002965864867639
            ],
            [
              76.95220022534468,
              11.002977160259402
            ],
            [
              76.95222110249651,
              11.00307498172244
            ],
            [
              76.95222379816131,
              11.00320332618277
            ],
            [
              76.9520588437877,
              11.003223093107744
            ],
            [
              76.95189139500758,
              11.003248222704169
            ],
            [
              76.9518943744715,
              11.00312211445905
            ],
            [
              76.95188272628491,
              11.002974872038461
            ]
          ]
        ]
      }
    },
    {
      "type": "Feature",
      "id": "FE_002",
      "properties": {
        "feature_id": "FE_002",
        "survey_candidate": "201/2",
        "area": 787.7,
        "feature_type": "Cadastral Boundary"
      },
      "geometry": {
        "type": "Polygon",
        "coordinates": [
          [
            [
              76.95219790798943,
              11.002976912466789
            ],
            [
              76.95234314198083,
              11.002981871116253
            ],
            [
              76.95251517471637,
              11.002979109463583
            ],
            [
              76.95249216832856,
              11.003083072471068
            ],
            [
              76.95249790179659,
              11.003224594365054
            ],
            [
              76.95236787323998,
              11.003205590989609
            ],
            [
              76.95222148080606,
              11.003203078390158
            ],
            [
              76.95221878514126,
              11.003074733929827
            ],
            [
              76.95219790798943,
              11.002976912466789
            ]
          ]
        ]
      }
    },
    {
      "type": "Feature",
      "id": "FE_003",
      "properties": {
        "feature_id": "FE_003",
        "survey_candidate": "184/2",
        "area": 1541.0,
        "feature_type": "Cadastral Boundary"
      },
      "geometry": {
        "type": "Polygon",
        "coordinates": [
          [
            [
              76.95250387899311,
              11.002965302044194
            ],
            [
              76.95270647441063,
              11.002986279924304
            ],
            [
              76.95287860399159,
              11.002967689157384
            ],
            [
              76.952917652364,
              11.003134329454204
            ],
            [
              76.95291695877965,
              11.003310649043577
            ],
            [
              76.9526855377686,
              11.003266959029
            ],
            [
              76.9524834485528,
              11.003255662023365
            ],
            [
              76.95247666699659,
              11.003088269674818
            ],
            [
              76.95250387899311,
              11.002965302044194
            ]
          ]
        ]
      }
    },
    {
      "type": "Feature",
      "id": "FE_004",
      "properties": {
        "feature_id": "FE_004",
        "survey_candidate": "203/4",
        "area": 977.7,
        "feature_type": "Cadastral Boundary"
      },
      "geometry": {
        "type": "Polygon",
        "coordinates": [
          [
            [
              76.95283553364298,
              11.002980040137206
            ],
            [
              76.95298602464081,
              11.002987302842484
            ],
            [
              76.9531516846483,
              11.002981799052366
            ],
            [
              76.95318279400473,
              11.003102369008731
            ],
            [
              76.95319992476112,
              11.003212863347729
            ],
            [
              76.95302124358689,
              11.003231221347518
            ],
            [
              76.9528679607061,
              11.003269995640412
            ],
            [
              76.95286854709711,
              11.003120926208913
            ],
            [
              76.95283553364298,
              11.002980040137206
            ]
          ]
        ]
      }
    },
    {
      "type": "Feature",
      "id": "FE_005",
      "properties": {
        "feature_id": "FE_005",
        "survey_candidate": "204/1",
        "area": 838.7,
        "feature_type": "Cadastral Boundary"
      },
      "geometry": {
        "type": "Polygon",
        "coordinates": [
          [
            [
              76.95315079658458,
              11.00298556762357
            ],
            [
              76.95331712502278,
              11.002971021257649
            ],
            [
              76.95346610868144,
              11.002986997146175
            ],
            [
              76.95347644923423,
              11.003103378755954
            ],
            [
              76.95346110123108,
              11.003211809328615
            ],
            [
              76.95334929240234,
              11.003215107376771
            ],
            [
              76.9531990366974,
              11.003216631918933
            ],
            [
              76.95318190594101,
              11.003106137579936
            ],
            [
              76.95315079658458,
              11.00298556762357
            ]
          ]
        ]
      }
    },
    {
      "type": "Feature",
      "id": "FE_006",
      "properties": {
        "feature_id": "FE_006",
        "survey_candidate": "205/2",
        "area": 879.9,
        "feature_type": "Cadastral Boundary"
      },
      "geometry": {
        "type": "Polygon",
        "coordinates": [
          [
            [
              76.95346479176948,
              11.002987828215087
            ],
            [
              76.95360589890285,
              11.002998157169051
            ],
            [
              76.95377911981232,
              11.002988871354583
            ],
            [
              76.95377496815462,
              11.003118437270256
            ],
            [
              76.95375008959414,
              11.003260102269644
            ],
            [
              76.95359259951401,
              11.003226562655367
            ],
            [
              76.95345978431912,
              11.003212640397527
            ],
            [
              76.95347513232227,
              11.003104209824865
            ],
            [
              76.95346479176948,
              11.002987828215087
            ]
          ]
        ]
      }
    },
    {
      "type": "Feature",
      "id": "FE_007",
      "properties": {
        "feature_id": "FE_007",
        "survey_candidate": "206/3",
        "area": 863.5,
        "feature_type": "Cadastral Boundary"
      },
      "geometry": {
        "type": "Polygon",
        "coordinates": [
          [
            [
              76.95377961255666,
              11.002987791761743
            ],
            [
              76.95392094725239,
              11.003005514320337
            ],
            [
              76.9540928506311,
              11.00298840693145
            ],
            [
              76.95406711944051,
              11.003102225577493
            ],
            [
              76.9540409511188,
              11.003228616243454
            ],
            [
              76.95389714353121,
              11.003235696264507
            ],
            [
              76.95375058233847,
              11.003259022676804
            ],
            [
              76.95377546089895,
              11.003117357677416
            ],
            [
              76.95377961255666,
              11.002987791761743
            ]
          ]
        ]
      }
    },
    {
      "type": "Feature",
      "id": "FE_008",
      "properties": {
        "feature_id": "FE_008",
        "survey_candidate": "207/4",
        "area": 1032.5,
        "feature_type": "Cadastral Boundary"
      },
      "geometry": {
        "type": "Polygon",
        "coordinates": [
          [
            [
              76.95409656808708,
              11.002987013495577
            ],
            [
              76.9542497221129,
              11.002982436300277
            ],
            [
              76.95440865373229,
              11.00298717617062
            ],
            [
              76.95440165235178,
              11.003142310614448
            ],
            [
              76.95442357855438,
              11.003260957854513
            ],
            [
              76.95424208618546,
              11.003230639036646
            ],
            [
              76.95404466857478,
              11.003227222807581
            ],
            [
              76.95407083689649,
              11.00310083214162
            ],
            [
              76.95409656808708,
              11.002987013495577
            ]
          ]
        ]
      }
    },
    {
      "type": "Feature",
      "id": "FE_009",
      "properties": {
        "feature_id": "FE_009",
        "survey_candidate": "208/1",
        "area": 977.4,
        "feature_type": "Cadastral Boundary"
      },
      "geometry": {
        "type": "Polygon",
        "coordinates": [
          [
            [
              76.95440425525953,
              11.002988215672369
            ],
            [
              76.95457381337063,
              11.00299966915264
            ],
            [
              76.95471517195843,
              11.002987919367408
            ],
            [
              76.95470577467417,
              11.003124119263212
            ],
            [
              76.95468117452813,
              11.003265427573071
            ],
            [
              76.95456521055955,
              11.003266378252613
            ],
            [
              76.95441918008163,
              11.003261997356262
            ],
            [
              76.95439725387902,
              11.003143350116197
            ],
            [
              76.95440425525953,
              11.002988215672369
            ]
          ]
        ]
      }
    },
    {
      "type": "Feature",
      "id": "FE_010",
      "properties": {
        "feature_id": "FE_010",
        "survey_candidate": "209/2",
        "area": 938.1,
        "feature_type": "Cadastral Boundary"
      },
      "geometry": {
        "type": "Polygon",
        "coordinates": [
          [
            [
              76.95471710198655,
              11.002986055998003
            ],
            [
              76.95487745958665,
              11.002997515399679
            ],
            [
              76.95502687982423,
              11.002985312525782
            ],
            [
              76.95503306892752,
              11.00310712267051
            ],
            [
              76.95505611890782,
              11.00320452823383
            ],
            [
              76.9548568808759,
              11.003217898954311
            ],
            [
              76.95468310455625,
              11.003263564203666
            ],
            [
              76.95470770470229,
              11.003122255893807
            ],
            [
              76.95471710198655,
              11.002986055998003
            ]
          ]
        ]
      }
    },
    {
      "type": "Feature",
      "id": "FE_011",
      "properties": {
        "feature_id": "FE_011",
        "survey_candidate": "210/3",
        "area": 898.0,
        "feature_type": "Cadastral Boundary"
      },
      "geometry": {
        "type": "Polygon",
        "coordinates": [
          [
            [
              76.95502415144196,
              11.002983328260697
            ],
            [
              76.95518793855945,
              11.002999501522275
            ],
            [
              76.95533286590636,
              11.002982167261107
            ],
            [
              76.95534424351136,
              11.003134884043027
            ],
            [
              76.95536034572437,
              11.003269307144395
            ],
            [
              76.95521986031741,
              11.003232351726927
            ],
            [
              76.95505339052555,
              11.003202543968746
            ],
            [
              76.95503034054525,
              11.003105138405425
            ],
            [
              76.95502415144196,
              11.002983328260697
            ]
          ]
        ]
      }
    },
    {
      "type": "Feature",
      "id": "FE_012",
      "properties": {
        "feature_id": "FE_012",
        "survey_candidate": "211/4",
        "area": 884.1,
        "feature_type": "Cadastral Boundary"
      },
      "geometry": {
        "type": "Polygon",
        "coordinates": [
          [
            [
              76.9553337398147,
              11.002985952328435
            ],
            [
              76.95548916396451,
              11.002984592234535
            ],
            [
              76.95564150878705,
              11.002984420086865
            ],
            [
              76.95564121080994,
              11.003084549532616
            ],
            [
              76.95561665886122,
              11.003217408843787
            ],
            [
              76.95547093454307,
              11.003232624122516
            ],
            [
              76.95536121963272,
              11.003273092211723
            ],
            [
              76.95534511741971,
              11.003138669110355
            ],
            [
              76.9553337398147,
              11.002985952328435
            ]
          ]
        ]
      }
    },
    {
      "type": "Feature",
      "id": "FE_013",
      "properties": {
        "feature_id": "FE_013",
        "survey_candidate": "212/1",
        "area": 923.1,
        "feature_type": "Cadastral Boundary"
      },
      "geometry": {
        "type": "Polygon",
        "coordinates": [
          [
            [
              76.95564030825592,
              11.002980087885653
            ],
            [
              76.95578445626359,
              11.002991825872295
            ],
            [
              76.95594728731125,
              11.002978245487741
            ],
            [
              76.95596708860754,
              11.003107909356013
            ],
            [
              76.9559894779884,
              11.003228836670479
            ],
            [
              76.95582238982216,
              11.003207223611996
            ],
            [
              76.95561545833009,
              11.003213076642576
            ],
            [
              76.95564001027881,
              11.003080217331405
            ],
            [
              76.95564030825592,
              11.002980087885653
            ]
          ]
        ]
      }
    },
    {
      "type": "Feature",
      "id": "FE_014",
      "properties": {
        "feature_id": "FE_014",
        "survey_candidate": "213/2",
        "area": 769.9,
        "feature_type": "Cadastral Boundary"
      },
      "geometry": {
        "type": "Polygon",
        "coordinates": [
          [
            [
              76.95594840159211,
              11.0029838628672
            ],
            [
              76.95611698238304,
              11.002973604211192
            ],
            [
              76.95625477779696,
              11.002981783763534
            ],
            [
              76.95624094357181,
              11.003082512257215
            ],
            [
              76.95620137241953,
              11.003208434082461
            ],
            [
              76.95610770906698,
              11.003211570743735
            ],
            [
              76.95599059226926,
              11.003234454049938
            ],
            [
              76.9559682028884,
              11.003113526735472
            ],
            [
              76.95594840159211,
              11.0029838628672
            ]
          ]
        ]
      }
    },
    {
      "type": "Feature",
      "id": "FE_015",
      "properties": {
        "feature_id": "FE_015",
        "survey_candidate": "214/3",
        "area": 1100.1,
        "feature_type": "Cadastral Boundary"
      },
      "geometry": {
        "type": "Polygon",
        "coordinates": [
          [
            [
              76.95625926311332,
              11.002978087723916
            ],
            [
              76.95640737450275,
              11.002960007796947
            ],
            [
              76.95656524756797,
              11.0029758548018
            ],
            [
              76.9565741222851,
              11.003129298285788
            ],
            [
              76.9565947056626,
              11.003252626346569
            ],
            [
              76.95639797141177,
              11.003241645646709
            ],
            [
              76.9562058577359,
              11.003204738042843
            ],
            [
              76.95624542888818,
              11.003078816217597
            ],
            [
              76.95625926311332,
              11.002978087723916
            ]
          ]
        ]
      }
    },
    {
      "type": "Feature",
      "id": "FE_016",
      "properties": {
        "feature_id": "FE_016",
        "survey_candidate": "215/4",
        "area": 1006.3,
        "feature_type": "Cadastral Boundary"
      },
      "geometry": {
        "type": "Polygon",
        "coordinates": [
          [
            [
              76.9565636322673,
              11.00297727881166
            ],
            [
              76.9567049306385,
              11.002986849809012
            ],
            [
              76.95686945168987,
              11.00297498109065
            ],
            [
              76.95686409387221,
              11.003137379896362
            ],
            [
              76.95689465884466,
              11.003264299119424
            ],
            [
              76.95674875611175,
              11.003263120675193
            ],
            [
              76.95659309036193,
              11.003254050356428
            ],
            [
              76.95657250698444,
              11.003130722295648
            ],
            [
              76.9565636322673,
              11.00297727881166
            ]
          ]
        ]
      }
    },
    {
      "type": "Feature",
      "id": "FE_017",
      "properties": {
        "feature_id": "FE_017",
        "survey_candidate": "216/1",
        "area": 1095.8,
        "feature_type": "Cadastral Boundary"
      },
      "geometry": {
        "type": "Polygon",
        "coordinates": [
          [
            [
              76.95687048889343,
              11.002973721529205
            ],
            [
              76.95703154727029,
              11.002964533322194
            ],
            [
              76.95717637658133,
              11.002971450612192
            ],
            [
              76.95717392728346,
              11.003138480393659
            ],
            [
              76.95717231562271,
              11.003285067552568
            ],
            [
              76.95702221977099,
              11.00326365250663
            ],
            [
              76.95689569604822,
              11.003263039557979
            ],
            [
              76.95686513107577,
              11.003136120334917
            ],
            [
              76.95687048889343,
              11.002973721529205
            ]
          ]
        ]
      }
    },
    {
      "type": "Feature",
      "id": "FE_018",
      "properties": {
        "feature_id": "FE_018",
        "survey_candidate": "217/2",
        "area": 1011.3,
        "feature_type": "Cadastral Boundary"
      },
      "geometry": {
        "type": "Polygon",
        "coordinates": [
          [
            [
              76.95717454371687,
              11.002971670024838
            ],
            [
              76.95731092312037,
              11.002978514366484
            ],
            [
              76.95748073024605,
              11.002969516446113
            ],
            [
              76.95747011598947,
              11.0031172509464
            ],
            [
              76.95746017484507,
              11.003241789722649
            ],
            [
              76.95730217241756,
              11.003248243685377
            ],
            [
              76.95717048275826,
              11.003285286965214
            ],
            [
              76.95717209441901,
              11.003138699806305
            ],
            [
              76.95717454371687,
              11.002971670024838
            ]
          ]
        ]
      }
    },
    {
      "type": "Feature",
      "id": "FE_019",
      "properties": {
        "feature_id": "FE_019",
        "survey_candidate": "218/3",
        "area": 1096.4,
        "feature_type": "Cadastral Boundary"
      },
      "geometry": {
        "type": "Polygon",
        "coordinates": [
          [
            [
              76.95748174819765,
              11.002971144511598
            ],
            [
              76.95764278823916,
              11.002975420791786
            ],
            [
              76.95778845223012,
              11.002969194127548
            ],
            [
              76.95781057453206,
              11.003101171699184
            ],
            [
              76.95781863223179,
              11.003248494737083
            ],
            [
              76.95764369628915,
              11.00323844307373
            ],
            [
              76.95746119279667,
              11.003243417788134
            ],
            [
              76.95747113394107,
              11.003118879011884
            ],
            [
              76.95748174819765,
              11.002971144511598
            ]
          ]
        ]
      }
    },
    {
      "type": "Feature",
      "id": "FE_020",
      "properties": {
        "feature_id": "FE_020",
        "survey_candidate": "219/4",
        "area": 971.7,
        "feature_type": "Cadastral Boundary"
      },
      "geometry": {
        "type": "Polygon",
        "coordinates": [
          [
            [
              76.95778665105993,
              11.002968709652917
            ],
            [
              76.95792394708232,
              11.002957854376017
            ],
            [
              76.95809407062652,
              11.002967040219202
            ],
            [
              76.9580947236773,
              11.003100037260566
            ],
            [
              76.9580893958955,
              11.003235151655053
            ],
            [
              76.95796130076613,
              11.003239926411704
            ],
            [
              76.9578168310616,
              11.003248010262451
            ],
            [
              76.95780877336188,
              11.003100687224553
            ],
            [
              76.95778665105993,
              11.002968709652917
            ]
          ]
        ]
      }
    },
    {
      "type": "Feature",
      "id": "FE_021",
      "properties": {
        "feature_id": "FE_021",
        "survey_candidate": "220/1",
        "area": 1264.7,
        "feature_type": "Cadastral Boundary"
      },
      "geometry": {
        "type": "Polygon",
        "coordinates": [
          [
            [
              76.9518912353718,
              11.003246132722351
            ],
            [
              76.95205868415192,
              11.003221003125926
            ],
            [
              76.95222363852554,
              11.003201236200953
            ],
            [
              76.95223023847964,
              11.003349896333628
            ],
            [
              76.9522550691041,
              11.003528594616233
            ],
            [
              76.95208360057055,
              11.003539495976447
            ],
            [
              76.9518991297433,
              11.00351917934355
            ],
            [
              76.95190420032542,
              11.003375956685076
            ],
            [
              76.9518912353718,
              11.003246132722351
            ]
          ]
        ]
      }
    },
    {
      "type": "Feature",
      "id": "FE_022",
      "properties": {
        "feature_id": "FE_022",
        "survey_candidate": "221/2",
        "area": 1078.1,
        "feature_type": "Cadastral Boundary"
      },
      "geometry": {
        "type": "Polygon",
        "coordinates": [
          [
            [
              76.95222208653686,
              11.003201755898475
            ],
            [
              76.95236847897078,
              11.003204268497926
            ],
            [
              76.9524985075274,
              11.003223271873372
            ],
            [
              76.95252634084353,
              11.00336098306922
            ],
            [
              76.95255154409612,
              11.003477932928636
            ],
            [
              76.95240848529555,
              11.003518223543953
            ],
            [
              76.95225351711542,
              11.003529114313755
            ],
            [
              76.95222868649097,
              11.00335041603115
            ],
            [
              76.95222208653686,
              11.003201755898475
            ]
          ]
        ]
      }
    },
    {
      "type": "Feature",
      "id": "FE_023",
      "properties": {
        "feature_id": "FE_023",
        "survey_candidate": "222/3",
        "area": 950.4,
        "feature_type": "Cadastral Boundary"
      },
      "geometry": {
        "type": "Polygon",
        "coordinates": [
          [
            [
              76.95249825751458,
              11.003224137641954
            ],
            [
              76.9526691138818,
              11.00323368869759
            ],
            [
              76.9528647688211,
              11.003270626429003
            ],
            [
              76.95283839864096,
              11.003396179979203
            ],
            [
              76.95281318724847,
              11.003503949892691
            ],
            [
              76.9526687660164,
              11.00348444968124
            ],
            [
              76.9525512940833,
              11.003478798697218
            ],
            [
              76.95252609083072,
              11.003361848837802
            ],
            [
              76.95249825751458,
              11.003224137641954
            ]
          ]
        ]
      }
    },
    {
      "type": "Feature",
      "id": "FE_024",
      "properties": {
        "feature_id": "FE_024",
        "survey_candidate": "223/4",
        "area": 939.2,
        "feature_type": "Cadastral Boundary"
      },
      "geometry": {
        "type": "Polygon",
        "coordinates": [
          [
            [
              76.95286495588324,
              11.003270727254291
            ],
            [
              76.95301823876403,
              11.003231952961396
            ],
            [
              76.95319691993826,
              11.003213594961608
            ],
            [
              76.95314566335962,
              11.003340513362387
            ],
            [
              76.95311032044796,
              11.003499063878113
            ],
            [
              76.95295332121188,
              11.003488036687216
            ],
            [
              76.95281337431061,
              11.003504050717979
            ],
            [
              76.9528385857031,
              11.003396280804491
            ],
            [
              76.95286495588324,
              11.003270727254291
            ]
          ]
        ]
      }
    },
    {
      "type": "Feature",
      "id": "FE_025",
      "properties": {
        "feature_id": "FE_025",
        "survey_candidate": "224/1",
        "area": 1008.6,
        "feature_type": "Cadastral Boundary"
      },
      "geometry": {
        "type": "Polygon",
        "coordinates": [
          [
            [
              76.9532010642039,
              11.00321362784796
            ],
            [
              76.95335131990883,
              11.003212103305799
            ],
            [
              76.95346312873758,
              11.003208805257643
            ],
            [
              76.95343425209931,
              11.003337032509718
            ],
            [
              76.95342888343356,
              11.003503731649456
            ],
            [
              76.95328952894961,
              11.003501431201997
            ],
            [
              76.9531144647136,
              11.003499096764466
            ],
            [
              76.95314980762525,
              11.00334054624874
            ],
            [
              76.9532010642039,
              11.00321362784796
            ]
          ]
        ]
      }
    },
    {
      "type": "Feature",
      "id": "FE_026",
      "properties": {
        "feature_id": "FE_026",
        "survey_candidate": "225/2",
        "area": 1160.4,
        "feature_type": "Cadastral Boundary"
      },
      "geometry": {
        "type": "Polygon",
        "coordinates": [
          [
            [
              76.9534642261981,
              11.003209660226307
            ],
            [
              76.95359704139298,
              11.003223582484148
            ],
            [
              76.95375453147311,
              11.003257122098425
            ],
            [
              76.95379451361453,
              11.003387117460251
            ],
            [
              76.95379971360627,
              11.00351288762237
            ],
            [
              76.95359628802359,
              11.00350629063301
            ],
            [
              76.95342998089407,
              11.00350458661812
            ],
            [
              76.95343534955983,
              11.003337887478382
            ],
            [
              76.9534642261981,
              11.003209660226307
            ]
          ]
        ]
      }
    },
    {
      "type": "Feature",
      "id": "FE_027",
      "properties": {
        "feature_id": "FE_027",
        "survey_candidate": "226/3",
        "area": 957.8,
        "feature_type": "Cadastral Boundary"
      },
      "geometry": {
        "type": "Polygon",
        "coordinates": [
          [
            [
              76.95375035947376,
              11.003255806031708
            ],
            [
              76.9538969206665,
              11.003232479619411
            ],
            [
              76.95404072825409,
              11.003225399598358
            ],
            [
              76.95407193138563,
              11.00336006562424
            ],
            [
              76.95407611362432,
              11.003495453915551
            ],
            [
              76.95391934421963,
              11.003520138267533
            ],
            [
              76.95379554160692,
              11.003511571555652
            ],
            [
              76.95379034161517,
              11.003385801393534
            ],
            [
              76.95375035947376,
              11.003255806031708
            ]
          ]
        ]
      }
    },
    {
      "type": "Feature",
      "id": "FE_028",
      "properties": {
        "feature_id": "FE_028",
        "survey_candidate": "227/4",
        "area": 1218.7,
        "feature_type": "Cadastral Boundary"
      },
      "geometry": {
        "type": "Polygon",
        "coordinates": [
          [
            [
              76.95404146918519,
              11.003224039591586
            ],
            [
              76.95423888679586,
              11.003227455820651
            ],
            [
              76.95442037916479,
              11.003257774638518
            ],
            [
              76.9543961757054,
              11.003408983532399
            ],
            [
              76.95437421650368,
              11.003564906370942
            ],
            [
              76.95424371751531,
              11.003547481212689
            ],
            [
              76.95407685455542,
              11.00349409390878
            ],
            [
              76.95407267231673,
              11.003358705617467
            ],
            [
              76.95404146918519,
              11.003224039591586
            ]
          ]
        ]
      }
    },
    {
      "type": "Feature",
      "id": "FE_029",
      "properties": {
        "feature_id": "FE_029",
        "survey_candidate": "228/1",
        "area": 1110.3,
        "feature_type": "Cadastral Boundary"
      },
      "geometry": {
        "type": "Polygon",
        "coordinates": [
          [
            [
              76.95442184667303,
              11.00325782207783
            ],
            [
              76.95456787715095,
              11.003262202974181
            ],
            [
              76.95468384111953,
              11.003261252294639
            ],
            [
              76.95472077810636,
              11.003395245949399
            ],
            [
              76.95472536994455,
              11.00353100310591
            ],
            [
              76.95453198271107,
              11.003557202323027
            ],
            [
              76.95437568401192,
              11.003564953810253
            ],
            [
              76.95439764321364,
              11.00340903097171
            ],
            [
              76.95442184667303,
              11.00325782207783
            ]
          ]
        ]
      }
    },
    {
      "type": "Feature",
      "id": "FE_030",
      "properties": {
        "feature_id": "FE_030",
        "survey_candidate": "229/2",
        "area": 1118.2,
        "feature_type": "Cadastral Boundary"
      },
      "geometry": {
        "type": "Polygon",
        "coordinates": [
          [
            [
              76.95468448185372,
              11.003264487948025
            ],
            [
              76.95485825817336,
              11.00321882269867
            ],
            [
              76.95505749620528,
              11.00320545197819
            ],
            [
              76.95500339603475,
              11.003379987836935
            ],
            [
              76.95498053030661,
              11.003544273610345
            ],
            [
              76.95487005234669,
              11.003527792047397
            ],
            [
              76.95472601067874,
              11.003534238759297
            ],
            [
              76.95472141884055,
              11.003398481602785
            ],
            [
              76.95468448185372,
              11.003264487948025
            ]
          ]
        ]
      }
    },
    {
      "type": "Feature",
      "id": "FE_031",
      "properties": {
        "feature_id": "FE_031",
        "survey_candidate": "230/3",
        "area": 1093.9,
        "feature_type": "Cadastral Boundary"
      },
      "geometry": {
        "type": "Polygon",
        "coordinates": [
          [
            [
              76.95505337469494,
              11.003204557440688
            ],
            [
              76.9552198444868,
              11.00323436519887
            ],
            [
              76.95536032989376,
              11.003271320616337
            ],
            [
              76.95532343610567,
              11.00338123837478
            ],
            [
              76.95528193401138,
              11.00350668930764
            ],
            [
              76.95512883767285,
              11.003510321808587
            ],
            [
              76.95497640879627,
              11.003543379072843
            ],
            [
              76.95499927452441,
              11.003379093299433
            ],
            [
              76.95505337469494,
              11.003204557440688
            ]
          ]
        ]
      }
    },
    {
      "type": "Feature",
      "id": "FE_032",
      "properties": {
        "feature_id": "FE_032",
        "survey_candidate": "231/4",
        "area": 1158.7,
        "feature_type": "Cadastral Boundary"
      },
      "geometry": {
        "type": "Polygon",
        "coordinates": [
          [
            [
              76.95536028544917,
              11.003273248154123
            ],
            [
              76.95547000035953,
              11.003232780064916
            ],
            [
              76.95561572467767,
              11.003217564786187
            ],
            [
              76.9556569330828,
              11.003379078115739
            ],
            [
              76.95567874867793,
              11.003532172742009
            ],
            [
              76.95548718127677,
              11.003533270654366
            ],
            [
              76.95528188956679,
              11.003508616845426
            ],
            [
              76.95532339166108,
              11.003383165912567
            ],
            [
              76.95536028544917,
              11.003273248154123
            ]
          ]
        ]
      }
    },
    {
      "type": "Feature",
      "id": "FE_033",
      "properties": {
        "feature_id": "FE_033",
        "survey_candidate": "232/1",
        "area": 1221.3,
        "feature_type": "Cadastral Boundary"
      },
      "geometry": {
        "type": "Polygon",
        "coordinates": [
          [
            [
              76.95561666338537,
              11.003214115957578
            ],
            [
              76.95582359487744,
              11.003208262926998
            ],
            [
              76.95599068304368,
              11.00322987598548
            ],
            [
              76.95596513069293,
              11.003378399830167
            ],
            [
              76.95593792299813,
              11.003530842159057
            ],
            [
              76.95580026318157,
              11.003545806854172
            ],
            [
              76.95567968738563,
              11.0035287239134
            ],
            [
              76.9556578717905,
              11.00337562928713
            ],
            [
              76.95561666338537,
              11.003214115957578
            ]
          ]
        ]
      }
    },
    {
      "type": "Feature",
      "id": "FE_034",
      "properties": {
        "feature_id": "FE_034",
        "survey_candidate": "233/2",
        "area": 1091.8,
        "feature_type": "Cadastral Boundary"
      },
      "geometry": {
        "type": "Polygon",
        "coordinates": [
          [
            [
              76.95599384955844,
              11.003234339566257
            ],
            [
              76.95611096635616,
              11.003211456260054
            ],
            [
              76.95620462970871,
              11.00320831959878
            ],
            [
              76.9562594963924,
              11.003367494484237
            ],
            [
              76.95627842691165,
              11.003542080225339
            ],
            [
              76.95610793616326,
              11.003532016912425
            ],
            [
              76.95594108951289,
              11.003535305739833
            ],
            [
              76.95596829720769,
              11.003382863410943
            ],
            [
              76.95599384955844,
              11.003234339566257
            ]
          ]
        ]
      }
    },
    {
      "type": "Feature",
      "id": "FE_035",
      "properties": {
        "feature_id": "FE_035",
        "survey_candidate": "234/3",
        "area": 981.5,
        "feature_type": "Cadastral Boundary"
      },
      "geometry": {
        "type": "Polygon",
        "coordinates": [
          [
            [
              76.95620109773934,
              11.003204810479982
            ],
            [
              76.95639321141522,
              11.003241718083848
            ],
            [
              76.95658994566604,
              11.003252698783708
            ],
            [
              76.95656055725752,
              11.003375463447211
            ],
            [
              76.956513562036,
              11.00346278593301
            ],
            [
              76.95639036349183,
              11.0035012038816
            ],
            [
              76.95627489494228,
              11.00353857110654
            ],
            [
              76.95625596442304,
              11.00336398536544
            ],
            [
              76.95620109773934,
              11.003204810479982
            ]
          ]
        ]
      }
    },
    {
      "type": "Feature",
      "id": "FE_036",
      "properties": {
        "feature_id": "FE_036",
        "survey_candidate": "235/4",
        "area": 791.1,
        "feature_type": "Cadastral Boundary"
      },
      "geometry": {
        "type": "Polygon",
        "coordinates": [
          [
            [
              76.9565910045929,
              11.003253529437192
            ],
            [
              76.95674667034271,
              11.003262599755956
            ],
            [
              76.95689257307562,
              11.003263778200187
            ],
            [
              76.9568675838336,
              11.00336080625008
            ],
            [
              76.95683082968516,
              11.003484990040718
            ],
            [
              76.9566744432914,
              11.003471180839878
            ],
            [
              76.95651462096285,
              11.003463616586494
            ],
            [
              76.95656161618437,
              11.003376294100695
            ],
            [
              76.9565910045929,
              11.003253529437192
            ]
          ]
        ]
      }
    },
    {
      "type": "Feature",
      "id": "FE_037",
      "properties": {
        "feature_id": "FE_037",
        "survey_candidate": "236/1",
        "area": 857.5,
        "feature_type": "Cadastral Boundary"
      },
      "geometry": {
        "type": "Polygon",
        "coordinates": [
          [
            [
              76.9568914890251,
              11.00326526203706
            ],
            [
              76.95701801274787,
              11.003265874985711
            ],
            [
              76.95716810859959,
              11.003287290031649
            ],
            [
              76.95712865545617,
              11.003417501859557
            ],
            [
              76.95712567330648,
              11.003551633023715
            ],
            [
              76.95698805283283,
              11.003523567278178
            ],
            [
              76.95682974563464,
              11.00348647387759
            ],
            [
              76.95686649978308,
              11.003362290086953
            ],
            [
              76.9568914890251,
              11.00326526203706
            ]
          ]
        ]
      }
    },
    {
      "type": "Feature",
      "id": "FE_038",
      "properties": {
        "feature_id": "FE_038",
        "survey_candidate": "237/2",
        "area": 1116.4,
        "feature_type": "Cadastral Boundary"
      },
      "geometry": {
        "type": "Polygon",
        "coordinates": [
          [
            [
              76.95717049478873,
              11.003286006378502
            ],
            [
              76.95730218444803,
              11.003248963098665
            ],
            [
              76.95746018687554,
              11.003242509135937
            ],
            [
              76.95747502618097,
              11.003372870764702
            ],
            [
              76.95750955752439,
              11.003486844712738
            ],
            [
              76.95732079373187,
              11.003533990235512
            ],
            [
              76.95712805949562,
              11.003550349370569
            ],
            [
              76.95713104164531,
              11.00341621820641
            ],
            [
              76.95717049478873,
              11.003286006378502
            ]
          ]
        ]
      }
    },
    {
      "type": "Feature",
      "id": "FE_039",
      "properties": {
        "feature_id": "FE_039",
        "survey_candidate": "238/3",
        "area": 420.0,
        "feature_type": "Plot Division A"
      },
      "geometry": {
        "type": "Polygon",
        "coordinates": [
          [
            [
              76.95745983451457,
              11.00324257437835
            ],
            [
              76.95764233800705,
              11.003237599663946
            ],
            [
              76.95781727394969,
              11.003247651327298
            ],
            [
              76.95781262109762,
              11.003387609795396
            ],
            [
              76.95764449020693,
              11.003365366313338
            ],
            [
              76.95745983451457,
              11.00324257437835
            ]
          ]
        ]
      }
    },
    {
      "type": "Feature",
      "id": "FE_040",
      "properties": {
        "feature_id": "FE_040",
        "survey_candidate": "238/3",
        "area": 499.7,
        "feature_type": "Plot Division B"
      },
      "geometry": {
        "type": "Polygon",
        "coordinates": [
          [
            [
              76.95779422647874,
              11.003494001106397
            ],
            [
              76.95763644644421,
              11.003507485468909
            ],
            [
              76.95750920516342,
              11.00348690995515
            ],
            [
              76.95747467382,
              11.003372936007114
            ],
            [
              76.95745983451457,
              11.00324257437835
            ],
            [
              76.95764449020693,
              11.003365366313338
            ],
            [
              76.95779422647874,
              11.003494001106397
            ]
          ]
        ]
      }
    },
    {
      "type": "Feature",
      "id": "FE_041",
      "properties": {
        "feature_id": "FE_041",
        "survey_candidate": "239/4",
        "area": 894.6,
        "feature_type": "Cadastral Boundary"
      },
      "geometry": {
        "type": "Polygon",
        "coordinates": [
          [
            [
              76.95781593983995,
              11.00324623317942
            ],
            [
              76.95796040954447,
              11.003238149328672
            ],
            [
              76.95808850467384,
              11.003233374572021
            ],
            [
              76.95809792147499,
              11.003372852910253
            ],
            [
              76.95808623057111,
              11.003502428600683
            ],
            [
              76.95792578251611,
              11.003499335624197
            ],
            [
              76.957792892369,
              11.003492582958518
            ],
            [
              76.95781128698788,
              11.003386191647518
            ],
            [
              76.95781593983995,
              11.00324623317942
            ]
          ]
        ]
      }
    },
    {
      "type": "Feature",
      "id": "FE_042",
      "properties": {
        "feature_id": "FE_042",
        "survey_candidate": "240/1",
        "area": 1117.4,
        "feature_type": "Cadastral Boundary"
      },
      "geometry": {
        "type": "Polygon",
        "coordinates": [
          [
            [
              76.95190192413604,
              11.003520956616436
            ],
            [
              76.95208639496329,
              11.003541273249333
            ],
            [
              76.95225786349684,
              11.003530371889118
            ],
            [
              76.95227529629055,
              11.003643513099576
            ],
            [
              76.95226877577349,
              11.003790591980506
            ],
            [
              76.95208700241633,
              11.003778238631826
            ],
            [
              76.95190833897567,
              11.003793422308009
            ],
            [
              76.95190238661013,
              11.003658953785642
            ],
            [
              76.95190192413604,
              11.003520956616436
            ]
          ]
        ]
      }
    },
    {
      "type": "Feature",
      "id": "FE_043",
      "properties": {
        "feature_id": "FE_043",
        "survey_candidate": "241/2",
        "area": 865.8,
        "feature_type": "Cadastral Boundary"
      },
      "geometry": {
        "type": "Polygon",
        "coordinates": [
          [
            [
              76.95225819413362,
              11.003528264125727
            ],
            [
              76.95241316231375,
              11.003517373355924
            ],
            [
              76.95255622111432,
              11.003477082740607
            ],
            [
              76.95254295693573,
              11.003625437157615
            ],
            [
              76.95251143558384,
              11.003768311453435
            ],
            [
              76.95239900746216,
              11.003778717165053
            ],
            [
              76.95226910641027,
              11.003788484217115
            ],
            [
              76.95227562692733,
              11.003641405336184
            ],
            [
              76.95225819413362,
              11.003528264125727
            ]
          ]
        ]
      }
    },
    {
      "type": "Feature",
      "id": "FE_044",
      "properties": {
        "feature_id": "FE_044",
        "survey_candidate": "242/3",
        "area": 1011.7,
        "feature_type": "Cadastral Boundary"
      },
      "geometry": {
        "type": "Polygon",
        "coordinates": [
          [
            [
              76.95255285758195,
              11.003481356599034
            ],
            [
              76.95267032951504,
              11.003487007583056
            ],
            [
              76.95281475074711,
              11.003506507794507
            ],
            [
              76.95284097019525,
              11.003648447381616
            ],
            [
              76.95285335304996,
              11.003774571169473
            ],
            [
              76.95270008270793,
              11.003764354366238
            ],
            [
              76.95250807205147,
              11.00377258531186
            ],
            [
              76.95253959340336,
              11.00362971101604
            ],
            [
              76.95255285758195,
              11.003481356599034
            ]
          ]
        ]
      }
    },
    {
      "type": "Feature",
      "id": "FE_045",
      "properties": {
        "feature_id": "FE_045",
        "survey_candidate": "243/4",
        "area": 1116.3,
        "feature_type": "Cadastral Boundary"
      },
      "geometry": {
        "type": "Polygon",
        "coordinates": [
          [
            [
              76.95281358126977,
              11.003508197413453
            ],
            [
              76.95295352817104,
              11.00349218338269
            ],
            [
              76.95311052740712,
              11.003503210573587
            ],
            [
              76.95313815513789,
              11.003654521213543
            ],
            [
              76.95316623789273,
              11.003839054328951
            ],
            [
              76.95302622633646,
              11.003807954172483
            ],
            [
              76.95285218357262,
              11.003776260788419
            ],
            [
              76.95283980071791,
              11.003650137000562
            ],
            [
              76.95281358126977,
              11.003508197413453
            ]
          ]
        ]
      }
    },
    {
      "type": "Feature",
      "id": "FE_046",
      "properties": {
        "feature_id": "FE_046",
        "survey_candidate": "244/1",
        "area": 1116.0,
        "feature_type": "Cadastral Boundary"
      },
      "geometry": {
        "type": "Polygon",
        "coordinates": [
          [
            [
              76.95311534249045,
              11.003503295519128
            ],
            [
              76.95329040672647,
              11.003505629956658
            ],
            [
              76.95342976121042,
              11.003507930404117
            ],
            [
              76.95343887707607,
              11.003629810846228
            ],
            [
              76.95346102288758,
              11.003771458265268
            ],
            [
              76.95330701310846,
              11.00381573694081
            ],
            [
              76.95317105297606,
              11.003839139274492
            ],
            [
              76.95314297022122,
              11.003654606159083
            ],
            [
              76.95311534249045,
              11.003503295519128
            ]
          ]
        ]
      }
    },
    {
      "type": "Feature",
      "id": "FE_047",
      "properties": {
        "feature_id": "FE_047",
        "survey_candidate": "245/2",
        "area": 1286.0,
        "feature_type": "Cadastral Boundary"
      },
      "geometry": {
        "type": "Polygon",
        "coordinates": [
          [
            [
              76.95342477797112,
              11.003505662319176
            ],
            [
              76.95359108510064,
              11.003507366334066
            ],
            [
              76.95379451068332,
              11.003513963323424
            ],
            [
              76.95382510885389,
              11.003658437893948
            ],
            [
              76.95383106969011,
              11.003796957865399
            ],
            [
              76.95364386676015,
              11.003794611536199
            ],
            [
              76.95345603964829,
              11.003769190180327
            ],
            [
              76.95343389383677,
              11.003627542761286
            ],
            [
              76.95342477797112,
              11.003505662319176
            ]
          ]
        ]
      }
    },
    {
      "type": "Feature",
      "id": "FE_048",
      "properties": {
        "feature_id": "FE_048",
        "survey_candidate": "246/3",
        "area": 777.4,
        "feature_type": "Cadastral Boundary"
      },
      "geometry": {
        "type": "Polygon",
        "coordinates": [
          [
            [
              76.95379651607583,
              11.00351305404988
            ],
            [
              76.95392031868853,
              11.00352162076176
            ],
            [
              76.95407708809323,
              11.003496936409778
            ],
            [
              76.95406564562512,
              11.003613805447202
            ],
            [
              76.95404156898478,
              11.003748925624107
            ],
            [
              76.9539408285744,
              11.003790444062536
            ],
            [
              76.95383307508261,
              11.003796048591854
            ],
            [
              76.9538271142464,
              11.003657528620403
            ],
            [
              76.95379651607583,
              11.00351305404988
            ]
          ]
        ]
      }
    },
    {
      "type": "Feature",
      "id": "FE_049",
      "properties": {
        "feature_id": "FE_049",
        "survey_candidate": "247/4",
        "area": 877.8,
        "feature_type": "Cadastral Boundary"
      },
      "geometry": {
        "type": "Polygon",
        "coordinates": [
          [
            [
              76.95407672246749,
              11.003499960345252
            ],
            [
              76.95424358542738,
              11.003553347649161
            ],
            [
              76.95437408441575,
              11.003570772807414
            ],
            [
              76.9543612691533,
              11.003695232557869
            ],
            [
              76.95435061719625,
              11.003807695114808
            ],
            [
              76.95419746638427,
              11.003774247894752
            ],
            [
              76.95404120335904,
              11.00375194955958
            ],
            [
              76.95406527999938,
              11.003616829382675
            ],
            [
              76.95407672246749,
              11.003499960345252
            ]
          ]
        ]
      }
    },
    {
      "type": "Feature",
      "id": "FE_050",
      "properties": {
        "feature_id": "FE_050",
        "survey_candidate": "248/1",
        "area": 1048.0,
        "feature_type": "Cadastral Boundary"
      },
      "geometry": {
        "type": "Polygon",
        "coordinates": [
          [
            [
              76.95437642357064,
              11.003564964179478
            ],
            [
              76.95453272226979,
              11.003557212692252
            ],
            [
              76.95472610950327,
              11.003531013475136
            ],
            [
              76.95473352223111,
              11.003660641445414
            ],
            [
              76.95473467735927,
              11.003779596563662
            ],
            [
              76.95454201572775,
              11.003784326770695
            ],
            [
              76.95435295635114,
              11.003801886486873
            ],
            [
              76.95436360830819,
              11.003689423929933
            ],
            [
              76.95437642357064,
              11.003564964179478
            ]
          ]
        ]
      }
    },
    {
      "type": "Feature",
      "id": "FE_051",
      "properties": {
        "feature_id": "FE_051",
        "survey_candidate": "249/2",
        "area": 693.2,
        "feature_type": "Cadastral Boundary"
      },
      "geometry": {
        "type": "Polygon",
        "coordinates": [
          [
            [
              76.9547270537504,
              11.003536280530378
            ],
            [
              76.95487109541835,
              11.003529833818478
            ],
            [
              76.95498157337828,
              11.003546315381426
            ],
            [
              76.95496602808555,
              11.003655900021373
            ],
            [
              76.95496163248248,
              11.003778684042203
            ],
            [
              76.95485152292608,
              11.0037721839635
            ],
            [
              76.9547356216064,
              11.003784863618904
            ],
            [
              76.95473446647824,
              11.003665908500656
            ],
            [
              76.9547270537504,
              11.003536280530378
            ]
          ]
        ]
      }
    },
    {
      "type": "Feature",
      "id": "FE_052",
      "properties": {
        "feature_id": "FE_052",
        "survey_candidate": "250/3",
        "area": 1155.4,
        "feature_type": "Cadastral Boundary"
      },
      "geometry": {
        "type": "Polygon",
        "coordinates": [
          [
            [
              76.95497828115768,
              11.003542683272645
            ],
            [
              76.95513071003425,
              11.00350962600839
            ],
            [
              76.95528380637279,
              11.003505993507442
            ],
            [
              76.9553190625979,
              11.003654351913674
            ],
            [
              76.95536680007476,
              11.003787374379204
            ],
            [
              76.95517244009072,
              11.003788599908164
            ],
            [
              76.95495834026188,
              11.003775051933422
            ],
            [
              76.95496273586495,
              11.003652267912592
            ],
            [
              76.95497828115768,
              11.003542683272645
            ]
          ]
        ]
      }
    },
    {
      "type": "Feature",
      "id": "FE_053",
      "properties": {
        "feature_id": "FE_053",
        "survey_candidate": "251/4",
        "area": 1221.5,
        "feature_type": "Cadastral Boundary"
      },
      "geometry": {
        "type": "Polygon",
        "coordinates": [
          [
            [
              76.95528411903156,
              11.003504119961631
            ],
            [
              76.95548941074154,
              11.00352877377057
            ],
            [
              76.9556809781427,
              11.003527675858214
            ],
            [
              76.95568707781825,
              11.003673838096445
            ],
            [
              76.95567018230656,
              11.003816033462934
            ],
            [
              76.95552524973515,
              11.003812311790925
            ],
            [
              76.95536711273353,
              11.003785500833393
            ],
            [
              76.95531937525666,
              11.003652478367863
            ],
            [
              76.95528411903156,
              11.003504119961631
            ]
          ]
        ]
      }
    },
    {
      "type": "Feature",
      "id": "FE_054",
      "properties": {
        "feature_id": "FE_054",
        "survey_candidate": "252/1",
        "area": 723.1,
        "feature_type": "Cadastral Boundary"
      },
      "geometry": {
        "type": "Polygon",
        "coordinates": [
          [
            [
              76.9556801329562,
              11.003533174213995
            ],
            [
              76.95580070875215,
              11.003550257154767
            ],
            [
              76.95593836856871,
              11.003535292459652
            ],
            [
              76.95589759855011,
              11.00368898461495
            ],
            [
              76.95586978864813,
              11.003805445457699
            ],
            [
              76.95575088906183,
              11.003813571103404
            ],
            [
              76.95566933712007,
              11.003821531818716
            ],
            [
              76.95568623263176,
              11.003679336452226
            ],
            [
              76.9556801329562,
              11.003533174213995
            ]
          ]
        ]
      }
    },
    {
      "type": "Feature",
      "id": "FE_055",
      "properties": {
        "feature_id": "FE_055",
        "survey_candidate": "253/2",
        "area": 1153.0,
        "feature_type": "Cadastral Boundary"
      },
      "geometry": {
        "type": "Polygon",
        "coordinates": [
          [
            [
              76.95593741096357,
              11.003531955367517
            ],
            [
              76.95610425761394,
              11.00352866654011
            ],
            [
              76.95627474836233,
              11.003538729853023
            ],
            [
              76.95627976036278,
              11.003666536180305
            ],
            [
              76.95624897641756,
              11.003781858258755
            ],
            [
              76.95607399630161,
              11.00378983475801
            ],
            [
              76.95586883104299,
              11.003802108365564
            ],
            [
              76.95589664094497,
              11.003685647522815
            ],
            [
              76.95593741096357,
              11.003531955367517
            ]
          ]
        ]
      }
    },
    {
      "type": "Feature",
      "id": "FE_056",
      "properties": {
        "feature_id": "FE_056",
        "survey_candidate": "254/3",
        "area": 804.0,
        "feature_type": "Cadastral Boundary"
      },
      "geometry": {
        "type": "Polygon",
        "coordinates": [
          [
            [
              76.95627747842137,
              11.003538936730763
            ],
            [
              76.95639294697092,
              11.003501569505822
            ],
            [
              76.95651614551508,
              11.003463151557233
            ],
            [
              76.9565031708181,
              11.003621372953072
            ],
            [
              76.95651310707818,
              11.003790539272442
            ],
            [
              76.95639137881292,
              11.003783062071628
            ],
            [
              76.95625170647659,
              11.003782065136495
            ],
            [
              76.95628249042181,
              11.003666743058044
            ],
            [
              76.95627747842137,
              11.003538936730763
            ]
          ]
        ]
      }
    },
    {
      "type": "Feature",
      "id": "FE_057",
      "properties": {
        "feature_id": "FE_057",
        "survey_candidate": "255/4",
        "area": 1197.9,
        "feature_type": "Cadastral Boundary"
      },
      "geometry": {
        "type": "Polygon",
        "coordinates": [
          [
            [
              76.95651253448492,
              11.003466068124084
            ],
            [
              76.95667235681347,
              11.003473632377467
            ],
            [
              76.95682874320723,
              11.003487441578308
            ],
            [
              76.95682403409297,
              11.003617755603164
            ],
            [
              76.95680025872025,
              11.003771543201813
            ],
            [
              76.95665364681993,
              11.003799387531915
            ],
            [
              76.95650949604801,
              11.003793455839293
            ],
            [
              76.95649955978793,
              11.003624289519923
            ],
            [
              76.95651253448492,
              11.003466068124084
            ]
          ]
        ]
      }
    },
    {
      "type": "Feature",
      "id": "FE_058",
      "properties": {
        "feature_id": "FE_058",
        "survey_candidate": "256/1",
        "area": 1081.1,
        "feature_type": "Cadastral Boundary"
      },
      "geometry": {
        "type": "Polygon",
        "coordinates": [
          [
            [
              76.95683174665851,
              11.003482816231362
            ],
            [
              76.9569900538567,
              11.00351990963195
            ],
            [
              76.95712767433035,
              11.003547975377487
            ],
            [
              76.9571364188019,
              11.00369042000528
            ],
            [
              76.9571497014945,
              11.003817166316269
            ],
            [
              76.95698252533526,
              11.00380470314756
            ],
            [
              76.95680326217153,
              11.003766917854866
            ],
            [
              76.95682703754426,
              11.003613130256218
            ],
            [
              76.95683174665851,
              11.003482816231362
            ]
          ]
        ]
      }
    },
    {
      "type": "Feature",
      "id": "FE_059",
      "properties": {
        "feature_id": "FE_059",
        "survey_candidate": "257/2",
        "area": 1157.4,
        "feature_type": "Cadastral Boundary"
      },
      "geometry": {
        "type": "Polygon",
        "coordinates": [
          [
            [
              76.9571271993347,
              11.003550706599784
            ],
            [
              76.95731993357096,
              11.003534347464727
            ],
            [
              76.95750869736348,
              11.003487201941953
            ],
            [
              76.95751110705592,
              11.00360870514589
            ],
            [
              76.95750553270643,
              11.003750851933315
            ],
            [
              76.95732253990913,
              11.003778775834496
            ],
            [
              76.95714922649886,
              11.003819897538566
            ],
            [
              76.95713594380625,
              11.003693151227576
            ],
            [
              76.9571271993347,
              11.003550706599784
            ]
          ]
        ]
      }
    },
    {
      "type": "Feature",
      "id": "FE_060",
      "properties": {
        "feature_id": "FE_060",
        "survey_candidate": "258/3",
        "area": 798.3,
        "feature_type": "Cadastral Boundary"
      },
      "geometry": {
        "type": "Polygon",
        "coordinates": [
          [
            [
              76.9575092475821,
              11.003487719791362
            ],
            [
              76.95763648886289,
              11.00350829530512
            ],
            [
              76.95779426889742,
              11.003494810942609
            ],
            [
              76.95778695907177,
              11.003602661987824
            ],
            [
              76.95777581741869,
              11.003742724533124
            ],
            [
              76.95765596984539,
              11.003730342808758
            ],
            [
              76.95750608292505,
              11.003751369782725
            ],
            [
              76.95751165727454,
              11.0036092229953
            ],
            [
              76.9575092475821,
              11.003487719791362
            ]
          ]
        ]
      }
    },
    {
      "type": "Feature",
      "id": "FE_061",
      "properties": {
        "feature_id": "FE_061",
        "survey_candidate": "259/4",
        "area": 1007.8,
        "feature_type": "Cadastral Boundary"
      },
      "geometry": {
        "type": "Polygon",
        "coordinates": [
          [
            [
              76.95779692745374,
              11.003496988693508
            ],
            [
              76.95792981760086,
              11.003503741359186
            ],
            [
              76.95809026565585,
              11.003506834335672
            ],
            [
              76.95810848018708,
              11.003658221336877
            ],
            [
              76.95809059532027,
              11.003776910718424
            ],
            [
              76.9579515133758,
              11.003778810315454
            ],
            [
              76.95777847597502,
              11.003744902284023
            ],
            [
              76.9577896176281,
              11.003604839738722
            ],
            [
              76.95779692745374,
              11.003496988693508
            ]
          ]
        ]
      }
    },
    {
      "type": "Feature",
      "id": "FE_062",
      "properties": {
        "feature_id": "FE_062",
        "survey_candidate": "260/1",
        "area": 1257.2,
        "feature_type": "Cadastral Boundary"
      },
      "geometry": {
        "type": "Polygon",
        "coordinates": [
          [
            [
              76.95190342773384,
              11.003791654566925
            ],
            [
              76.9520820911745,
              11.003776470890742
            ],
            [
              76.95226386453166,
              11.003788824239422
            ],
            [
              76.95225683330762,
              11.003957966401329
            ],
            [
              76.95226641784024,
              11.00410060363629
            ],
            [
              76.9521021315193,
              11.00407993181268
            ],
            [
              76.95190779002307,
              11.004063314336468
            ],
            [
              76.95191778764405,
              11.003927420134325
            ],
            [
              76.95190342773384,
              11.003791654566925
            ]
          ]
        ]
      }
    },
    {
      "type": "Feature",
      "id": "FE_063",
      "properties": {
        "feature_id": "FE_063",
        "survey_candidate": "261/2",
        "area": 948.5,
        "feature_type": "Cadastral Boundary"
      },
      "geometry": {
        "type": "Polygon",
        "coordinates": [
          [
            [
              76.95226356579707,
              11.003791407992429
            ],
            [
              76.95239346684896,
              11.003781640940367
            ],
            [
              76.95250589497064,
              11.003771235228749
            ],
            [
              76.9525101490344,
              11.00392122314192
            ],
            [
              76.95251064360282,
              11.004080429231008
            ],
            [
              76.95237006938214,
              11.004102467379859
            ],
            [
              76.95226611910564,
              11.004103187389298
            ],
            [
              76.95225653457302,
              11.003960550154336
            ],
            [
              76.95226356579707,
              11.003791407992429
            ]
          ]
        ]
      }
    },
    {
      "type": "Feature",
      "id": "FE_064",
      "properties": {
        "feature_id": "FE_064",
        "survey_candidate": "262/3",
        "area": 1225.2,
        "feature_type": "Cadastral Boundary"
      },
      "geometry": {
        "type": "Polygon",
        "coordinates": [
          [
            [
              76.95251077222176,
              11.003768293349884
            ],
            [
              76.95270278287822,
              11.003760062404261
            ],
            [
              76.95285605322024,
              11.003770279207496
            ],
            [
              76.95287223337851,
              11.003914090033483
            ],
            [
              76.95286059586108,
              11.00402907559187
            ],
            [
              76.95267376279163,
              11.004054403238976
            ],
            [
              76.95251552085394,
              11.004077487352143
            ],
            [
              76.95251502628551,
              11.003918281263054
            ],
            [
              76.95251077222176,
              11.003768293349884
            ]
          ]
        ]
      }
    },
    {
      "type": "Feature",
      "id": "FE_065",
      "properties": {
        "feature_id": "FE_065",
        "survey_candidate": "263/4",
        "area": 900.8,
        "feature_type": "Cadastral Boundary"
      },
      "geometry": {
        "type": "Polygon",
        "coordinates": [
          [
            [
              76.95285661744293,
              11.003771145445628
            ],
            [
              76.95303066020678,
              11.003802838829692
            ],
            [
              76.95317067176305,
              11.00383393898616
            ],
            [
              76.95317613087667,
              11.003967891487308
            ],
            [
              76.95318782763938,
              11.00406745827419
            ],
            [
              76.95301118300256,
              11.00403354589127
            ],
            [
              76.95286116008377,
              11.004029941830002
            ],
            [
              76.9528727976012,
              11.003914956271615
            ],
            [
              76.95285661744293,
              11.003771145445628
            ]
          ]
        ]
      }
    },
    {
      "type": "Feature",
      "id": "FE_066",
      "properties": {
        "feature_id": "FE_066",
        "survey_candidate": "264/1",
        "area": 987.8,
        "feature_type": "Cadastral Boundary"
      },
      "geometry": {
        "type": "Polygon",
        "coordinates": [
          [
            [
              76.95316672668378,
              11.003835859372849
            ],
            [
              76.95330268681617,
              11.003812457039167
            ],
            [
              76.9534566965953,
              11.003768178363625
            ],
            [
              76.95346757049553,
              11.00390977572429
            ],
            [
              76.95349436977573,
              11.004067324326439
            ],
            [
              76.95332867281283,
              11.004083210417713
            ],
            [
              76.95318388256011,
              11.004069378660878
            ],
            [
              76.9531721857974,
              11.003969811873997
            ],
            [
              76.95316672668378,
              11.003835859372849
            ]
          ]
        ]
      }
    },
    {
      "type": "Feature",
      "id": "FE_068",
      "properties": {
        "feature_id": "FE_068",
        "survey_candidate": "266/3",
        "area": 948.9,
        "feature_type": "Cadastral Boundary"
      },
      "geometry": {
        "type": "Polygon",
        "coordinates": [
          [
            [
              76.95383531865478,
              11.003799156208169
            ],
            [
              76.95394307214657,
              11.003793551678852
            ],
            [
              76.95404381255695,
              11.003752033240422
            ],
            [
              76.95403841099477,
              11.003931050031966
            ],
            [
              76.95402920209827,
              11.004106627838455
            ],
            [
              76.95389085514446,
              11.004084003000587
            ],
            [
              76.95372014347868,
              11.004048592691934
            ],
            [
              76.95377735120708,
              11.003909961563197
            ],
            [
              76.95383531865478,
              11.003799156208169
            ]
          ]
        ]
      }
    },
    {
      "type": "Feature",
      "id": "FE_069",
      "properties": {
        "feature_id": "FE_069",
        "survey_candidate": "267/4",
        "area": 1363.7,
        "feature_type": "Cadastral Boundary"
      },
      "geometry": {
        "type": "Polygon",
        "coordinates": [
          [
            [
              76.95404052240717,
              11.003750792972323
            ],
            [
              76.9541967854324,
              11.003773091307494
            ],
            [
              76.95434993624438,
              11.00380653852755
            ],
            [
              76.95437695513897,
              11.003957920907911
            ],
            [
              76.9544268065351,
              11.00409366448661
            ],
            [
              76.95422013029527,
              11.00410267799035
            ],
            [
              76.95402591194849,
              11.004105387570355
            ],
            [
              76.95403512084499,
              11.003929809763866
            ],
            [
              76.95404052240717,
              11.003750792972323
            ]
          ]
        ]
      }
    },
    {
      "type": "Feature",
      "id": "FE_070",
      "properties": {
        "feature_id": "FE_070",
        "survey_candidate": "268/1",
        "area": 1044.6,
        "feature_type": "Cadastral Boundary"
      },
      "geometry": {
        "type": "Polygon",
        "coordinates": [
          [
            [
              76.95434903129657,
              11.003807470053445
            ],
            [
              76.95453809067318,
              11.003789910337268
            ],
            [
              76.9547307523047,
              11.003785180130235
            ],
            [
              76.95471000572485,
              11.003882410973079
            ],
            [
              76.95466905224725,
              11.004015777847295
            ],
            [
              76.95453739739456,
              11.004067615428385
            ],
            [
              76.95442590158729,
              11.004094596012505
            ],
            [
              76.95437605019116,
              11.003958852433806
            ],
            [
              76.95434903129657,
              11.003807470053445
            ]
          ]
        ]
      }
    },
    {
      "type": "Feature",
      "id": "FE_071",
      "properties": {
        "feature_id": "FE_071",
        "survey_candidate": "269/2",
        "area": 1001.5,
        "feature_type": "Cadastral Boundary"
      },
      "geometry": {
        "type": "Polygon",
        "coordinates": [
          [
            [
              76.95473445252242,
              11.003779961930238
            ],
            [
              76.95485035384209,
              11.003767282274834
            ],
            [
              76.95496046339849,
              11.003773782353537
            ],
            [
              76.95501231386203,
              11.003930509799014
            ],
            [
              76.95504132733038,
              11.004096258034258
            ],
            [
              76.95485636261266,
              11.004043950105162
            ],
            [
              76.95467275246497,
              11.004010559647298
            ],
            [
              76.95471370594257,
              11.003877192773082
            ],
            [
              76.95473445252242,
              11.003779961930238
            ]
          ]
        ]
      }
    },
    {
      "type": "Feature",
      "id": "FE_072",
      "properties": {
        "feature_id": "FE_072",
        "survey_candidate": "270/3",
        "area": 1090.3,
        "feature_type": "Cadastral Boundary"
      },
      "geometry": {
        "type": "Polygon",
        "coordinates": [
          [
            [
              76.9549584475196,
              11.003778768635685
            ],
            [
              76.95517254734844,
              11.003792316610427
            ],
            [
              76.95536690733248,
              11.003791091081467
            ],
            [
              76.95533010325727,
              11.00392203430559
            ],
            [
              76.95525803865665,
              11.00405334742796
            ],
            [
              76.95516854726438,
              11.004069925627944
            ],
            [
              76.95503931145149,
              11.004101244316406
            ],
            [
              76.95501029798314,
              11.003935496081162
            ],
            [
              76.9549584475196,
              11.003778768635685
            ]
          ]
        ]
      }
    },
    {
      "type": "Feature",
      "id": "FE_073",
      "properties": {
        "feature_id": "FE_073",
        "survey_candidate": "271/4",
        "area": 964.5,
        "feature_type": "Cadastral Boundary"
      },
      "geometry": {
        "type": "Polygon",
        "coordinates": [
          [
            [
              76.95537044400493,
              11.00378694141799
            ],
            [
              76.95552858100655,
              11.003813752375523
            ],
            [
              76.95567351357796,
              11.003817474047532
            ],
            [
              76.95562304011852,
              11.003960486980112
            ],
            [
              76.95556595332846,
              11.004074225401782
            ],
            [
              76.95540466823442,
              11.004064084561334
            ],
            [
              76.9552615753291,
              11.004049197764482
            ],
            [
              76.95533363992972,
              11.003917884642114
            ],
            [
              76.95537044400493,
              11.00378694141799
            ]
          ]
        ]
      }
    },
    {
      "type": "Feature",
      "id": "FE_074",
      "properties": {
        "feature_id": "FE_074",
        "survey_candidate": "272/1",
        "area": 805.8,
        "feature_type": "Cadastral Boundary"
      },
      "geometry": {
        "type": "Polygon",
        "coordinates": [
          [
            [
              76.95566819981539,
              11.003820833648978
            ],
            [
              76.95574975175715,
              11.003812872933667
            ],
            [
              76.95586865134345,
              11.003804747287962
            ],
            [
              76.95590726380446,
              11.003907197360522
            ],
            [
              76.95594397315725,
              11.004013058059227
            ],
            [
              76.95573411754036,
              11.004049151412216
            ],
            [
              76.95556063956589,
              11.004077585003229
            ],
            [
              76.95561772635595,
              11.00396384658156
            ],
            [
              76.95566819981539,
              11.003820833648978
            ]
          ]
        ]
      }
    },
    {
      "type": "Feature",
      "id": "FE_075",
      "properties": {
        "feature_id": "FE_075",
        "survey_candidate": "273/2",
        "area": 946.3,
        "feature_type": "Cadastral Boundary"
      },
      "geometry": {
        "type": "Polygon",
        "coordinates": [
          [
            [
              76.95591952477304,
              11.003768844640993
            ],
            [
              76.95612469003166,
              11.003756571033438
            ],
            [
              76.9562996701476,
              11.003748594534184
            ],
            [
              76.95629066294852,
              11.003869211451514
            ],
            [
              76.95627030494869,
              11.004017197580898
            ],
            [
              76.95612395213593,
              11.004007933346621
            ],
            [
              76.95599484658683,
              11.003977155412258
            ],
            [
              76.95595813723405,
              11.003871294713553
            ],
            [
              76.95591952477304,
              11.003768844640993
            ]
          ]
        ]
      }
    },
    {
      "type": "Feature",
      "id": "FE_076",
      "properties": {
        "feature_id": "FE_076",
        "survey_candidate": "274/3",
        "area": 911.0,
        "feature_type": "Cadastral Boundary"
      },
      "geometry": {
        "type": "Polygon",
        "coordinates": [
          [
            [
              76.95630327920644,
              11.003742209124747
            ],
            [
              76.95644295154277,
              11.00374320605988
            ],
            [
              76.95656467980803,
              11.003750683260694
            ],
            [
              76.95655596711082,
              11.003903683373759
            ],
            [
              76.95655909343392,
              11.00404142428181
            ],
            [
              76.95642201405774,
              11.004030469453275
            ],
            [
              76.95627391400753,
              11.004010812171462
            ],
            [
              76.95629427200736,
              11.003862826042077
            ],
            [
              76.95630327920644,
              11.003742209124747
            ]
          ]
        ]
      }
    },
    {
      "type": "Feature",
      "id": "FE_077",
      "properties": {
        "feature_id": "FE_077",
        "survey_candidate": "275/4",
        "area": 1035.7,
        "feature_type": "Cadastral Boundary"
      },
      "geometry": {
        "type": "Polygon",
        "coordinates": [
          [
            [
              76.9565101032589,
              11.003788508786366
            ],
            [
              76.95665425403082,
              11.003794440478988
            ],
            [
              76.95680086593114,
              11.003766596148886
            ],
            [
              76.95682896731911,
              11.003903994273253
            ],
            [
              76.95683122995507,
              11.004012938089328
            ],
            [
              76.9566742938383,
              11.00405827169108
            ],
            [
              76.9565045168848,
              11.004079249807482
            ],
            [
              76.9565013905617,
              11.00394150889943
            ],
            [
              76.9565101032589,
              11.003788508786366
            ]
          ]
        ]
      }
    },
    {
      "type": "Feature",
      "id": "FE_078",
      "properties": {
        "feature_id": "FE_078",
        "survey_candidate": "276/1",
        "area": 944.4,
        "feature_type": "Cadastral Boundary"
      },
      "geometry": {
        "type": "Polygon",
        "coordinates": [
          [
            [
              76.95680022648101,
              11.00376661380338
            ],
            [
              76.95697948964474,
              11.003804399096074
            ],
            [
              76.95714666580398,
              11.003816862264783
            ],
            [
              76.95715825506335,
              11.003950579449441
            ],
            [
              76.95715380480442,
              11.004063756048053
            ],
            [
              76.95699810014771,
              11.004031478831449
            ],
            [
              76.95683059050494,
              11.004012955743823
            ],
            [
              76.95682832786898,
              11.003904011927748
            ],
            [
              76.95680022648101,
              11.00376661380338
            ]
          ]
        ]
      }
    },
    {
      "type": "Feature",
      "id": "FE_079",
      "properties": {
        "feature_id": "FE_079",
        "survey_candidate": "277/2",
        "area": 949.3,
        "feature_type": "Cadastral Boundary"
      },
      "geometry": {
        "type": "Polygon",
        "coordinates": [
          [
            [
              76.95721639892058,
              11.003813590807912
            ],
            [
              76.95738971233085,
              11.003772469103842
            ],
            [
              76.95757270512816,
              11.003744545202661
            ],
            [
              76.95751949784886,
              11.003886996043953
            ],
            [
              76.9574979401892,
              11.004019060974063
            ],
            [
              76.95737011103958,
              11.004025020483713
            ],
            [
              76.95722353792102,
              11.004060484591182
            ],
            [
              76.95722798817995,
              11.00394730799257
            ],
            [
              76.95721639892058,
              11.003813590807912
            ]
          ]
        ]
      }
    },
    {
      "type": "Feature",
      "id": "FE_080",
      "properties": {
        "feature_id": "FE_080",
        "survey_candidate": "278/3",
        "area": 1241.8,
        "feature_type": "Cadastral Boundary"
      },
      "geometry": {
        "type": "Polygon",
        "coordinates": [
          [
            [
              76.95750680523403,
              11.003748958705346
            ],
            [
              76.95765669215437,
              11.00372793173138
            ],
            [
              76.95777653972767,
              11.003740313455745
            ],
            [
              76.957813390677,
              11.00389622993056
            ],
            [
              76.95783214515484,
              11.00405737483715
            ],
            [
              76.95761901001168,
              11.00402718501192
            ],
            [
              76.95743204029507,
              11.004023474476748
            ],
            [
              76.95745359795474,
              11.003891409546638
            ],
            [
              76.95750680523403,
              11.003748958705346
            ]
          ]
        ]
      }
    },
    {
      "type": "Feature",
      "id": "FE_081",
      "properties": {
        "feature_id": "FE_081",
        "survey_candidate": "279/4",
        "area": 966.0,
        "feature_type": "Cadastral Boundary"
      },
      "geometry": {
        "type": "Polygon",
        "coordinates": [
          [
            [
              76.95777416534065,
              11.003745026835068
            ],
            [
              76.95794720274144,
              11.0037789348665
            ],
            [
              76.9580862846859,
              11.003777035269469
            ],
            [
              76.95807301270496,
              11.003917874229822
            ],
            [
              76.9580891886695,
              11.004048122443747
            ],
            [
              76.95796072411639,
              11.004069987936015
            ],
            [
              76.95782977076782,
              11.004062088216472
            ],
            [
              76.95781101628998,
              11.003900943309882
            ],
            [
              76.95777416534065,
              11.003745026835068
            ]
          ]
        ]
      }
    },
    {
      "type": "Feature",
      "id": "FE_082",
      "properties": {
        "feature_id": "FE_082",
        "survey_candidate": "280/1",
        "area": 1023.0,
        "feature_type": "Cadastral Boundary"
      },
      "geometry": {
        "type": "Polygon",
        "coordinates": [
          [
            [
              76.9519099106049,
              11.00406390391996
            ],
            [
              76.95210425210112,
              11.00408052139617
            ],
            [
              76.95226853842206,
              11.004101193219782
            ],
            [
              76.9522349535317,
              11.004213779931806
            ],
            [
              76.95221652189825,
              11.004336277281585
            ],
            [
              76.95207653817373,
              11.004344315415999
            ],
            [
              76.95191183067342,
              11.004334604765685
            ],
            [
              76.95191798412176,
              11.004215226796294
            ],
            [
              76.9519099106049,
              11.00406390391996
            ]
          ]
        ]
      }
    },
    {
      "type": "Feature",
      "id": "FE_083",
      "properties": {
        "feature_id": "FE_083",
        "survey_candidate": "281/2",
        "area": 704.4,
        "feature_type": "Cadastral Boundary"
      },
      "geometry": {
        "type": "Polygon",
        "coordinates": [
          [
            [
              76.95227229606932,
              11.00410069132475
            ],
            [
              76.95237624634582,
              11.004099971315311
            ],
            [
              76.9525168205665,
              11.00407793316646
            ],
            [
              76.95250869722935,
              11.004203679884847
            ],
            [
              76.95249573909518,
              11.00430626361359
            ],
            [
              76.95237667962971,
              11.004308089294042
            ],
            [
              76.95222027954551,
              11.004335775386552
            ],
            [
              76.95223871117896,
              11.004213278036774
            ],
            [
              76.95227229606932,
              11.00410069132475
            ]
          ]
        ]
      }
    },
    {
      "type": "Feature",
      "id": "FE_084",
      "properties": {
        "feature_id": "FE_084",
        "survey_candidate": "282/3",
        "area": 1164.6,
        "feature_type": "Cadastral Boundary"
      },
      "geometry": {
        "type": "Polygon",
        "coordinates": [
          [
            [
              76.95251657176402,
              11.004083547930655
            ],
            [
              76.95267481370172,
              11.004060463817488
            ],
            [
              76.95286164677117,
              11.004035136170382
            ],
            [
              76.95285872282903,
              11.004195763591026
            ],
            [
              76.95282860357533,
              11.004346911813617
            ],
            [
              76.95267109047697,
              11.004346669621132
            ],
            [
              76.9524954902927,
              11.004311878377784
            ],
            [
              76.95250844842687,
              11.004209294649042
            ],
            [
              76.95251657176402,
              11.004083547930655
            ]
          ]
        ]
      }
    },
    {
      "type": "Feature",
      "id": "FE_085",
      "properties": {
        "feature_id": "FE_085",
        "survey_candidate": "283/4",
        "area": 1033.7,
        "feature_type": "Cadastral Boundary"
      },
      "geometry": {
        "type": "Polygon",
        "coordinates": [
          [
            [
              76.95285926230501,
              11.004032437572702
            ],
            [
              76.9530092852238,
              11.00403604163397
            ],
            [
              76.95318592986062,
              11.00406995401689
            ],
            [
              76.95314116236976,
              11.004186651823888
            ],
            [
              76.95312256663841,
              11.004306425953098
            ],
            [
              76.95296897905295,
              11.004335782078984
            ],
            [
              76.95282621910917,
              11.004344213215937
            ],
            [
              76.95285633836288,
              11.004193064993347
            ],
            [
              76.95285926230501,
              11.004032437572702
            ]
          ]
        ]
      }
    },
    {
      "type": "Feature",
      "id": "FE_086",
      "properties": {
        "feature_id": "FE_086",
        "survey_candidate": "284/1",
        "area": 930.4,
        "feature_type": "Cadastral Boundary"
      },
      "geometry": {
        "type": "Polygon",
        "coordinates": [
          [
            [
              76.95318244120465,
              11.004069417866884
            ],
            [
              76.95332723145737,
              11.004083249623719
            ],
            [
              76.95349292842026,
              11.004067363532444
            ],
            [
              76.95343293856774,
              11.00421817471023
            ],
            [
              76.95340892677623,
              11.00434486368954
            ],
            [
              76.95326217872179,
              11.004331597345404
            ],
            [
              76.95311907798244,
              11.004305889803092
            ],
            [
              76.95313767371378,
              11.004186115673882
            ],
            [
              76.95318244120465,
              11.004069417866884
            ]
          ]
        ]
      }
    },
    {
      "type": "Feature",
      "id": "FE_087",
      "properties": {
        "feature_id": "FE_087",
        "survey_candidate": "285/2",
        "area": 1039.5,
        "feature_type": "Cadastral Boundary"
      },
      "geometry": {
        "type": "Polygon",
        "coordinates": [
          [
            [
              76.95349656467903,
              11.004070130170165
            ],
            [
              76.95359773245895,
              11.004050352765589
            ],
            [
              76.95371874636432,
              11.004048188376188
            ],
            [
              76.95371512720496,
              11.004208193032715
            ],
            [
              76.9537365902093,
              11.004372811783483
            ],
            [
              76.95358758098158,
              11.00437606844867
            ],
            [
              76.953412563035,
              11.00434763032726
            ],
            [
              76.95343657482651,
              11.00422094134795
            ],
            [
              76.95349656467903,
              11.004070130170165
            ]
          ]
        ]
      }
    },
    {
      "type": "Feature",
      "id": "FE_088",
      "properties": {
        "feature_id": "FE_088",
        "survey_candidate": "286/3",
        "area": 1106.0,
        "feature_type": "Cadastral Boundary"
      },
      "geometry": {
        "type": "Polygon",
        "coordinates": [
          [
            [
              76.95371705230062,
              11.004048557713695
            ],
            [
              76.9538877639664,
              11.004083968022348
            ],
            [
              76.95402611092021,
              11.004106592860216
            ],
            [
              76.95407336307717,
              11.004194504060782
            ],
            [
              76.95411042624323,
              11.00428840881539
            ],
            [
              76.95390350356811,
              11.004344624704382
            ],
            [
              76.9537348961456,
              11.00437318112099
            ],
            [
              76.95371343314126,
              11.004208562370222
            ],
            [
              76.95371705230062,
              11.004048557713695
            ]
          ]
        ]
      }
    },
    {
      "type": "Feature",
      "id": "FE_089",
      "properties": {
        "feature_id": "FE_089",
        "survey_candidate": "287/4",
        "area": 783.6,
        "feature_type": "Cadastral Boundary"
      },
      "geometry": {
        "type": "Polygon",
        "coordinates": [
          [
            [
              76.95402909079165,
              11.0041018522642
            ],
            [
              76.95422330913843,
              11.004099142684193
            ],
            [
              76.95442998537825,
              11.004090129180454
            ],
            [
              76.95437941315191,
              11.004210796245195
            ],
            [
              76.9543508986763,
              11.004340593810019
            ],
            [
              76.95422091403742,
              11.004296409918158
            ],
            [
              76.95411340611467,
              11.004283668219372
            ],
            [
              76.95407634294861,
              11.004189763464765
            ],
            [
              76.95402909079165,
              11.0041018522642
            ]
          ]
        ]
      }
    },
    {
      "type": "Feature",
      "id": "FE_090",
      "properties": {
        "feature_id": "FE_090",
        "survey_candidate": "288/1",
        "area": 829.7,
        "feature_type": "Cadastral Boundary"
      },
      "geometry": {
        "type": "Polygon",
        "coordinates": [
          [
            [
              76.95443039454425,
              11.004093578339548
            ],
            [
              76.95454189035152,
              11.004066597755427
            ],
            [
              76.95467354520422,
              11.004014760174337
            ],
            [
              76.9546666686504,
              11.004154655904593
            ],
            [
              76.95465451768675,
              11.00428862769433
            ],
            [
              76.95449493431529,
              11.00431303463128
            ],
            [
              76.95435130784229,
              11.004344042969112
            ],
            [
              76.9543798223179,
              11.004214245404288
            ],
            [
              76.95443039454425,
              11.004093578339548
            ]
          ]
        ]
      }
    },
    {
      "type": "Feature",
      "id": "FE_091",
      "properties": {
        "feature_id": "FE_091",
        "survey_candidate": "289/2",
        "area": 1200.0,
        "feature_type": "Cadastral Boundary"
      },
      "geometry": {
        "type": "Polygon",
        "coordinates": [
          [
            [
              76.9546728687899,
              11.004011403976852
            ],
            [
              76.95485647893759,
              11.004044794434716
            ],
            [
              76.9550414436553,
              11.004097102363811
            ],
            [
              76.95505784262095,
              11.004218052850955
            ],
            [
              76.95503919179896,
              11.00432647399932
            ],
            [
              76.95483862578898,
              11.004305607286542
            ],
            [
              76.95465384127243,
              11.004285271496844
            ],
            [
              76.95466599223609,
              11.004151299707107
            ],
            [
              76.9546728687899,
              11.004011403976852
            ]
          ]
        ]
      }
    },
    {
      "type": "Feature",
      "id": "FE_092",
      "properties": {
        "feature_id": "FE_092",
        "survey_candidate": "290/3",
        "area": 747.3,
        "feature_type": "Cadastral Boundary"
      },
      "geometry": {
        "type": "Polygon",
        "coordinates": [
          [
            [
              76.95503800645825,
              11.004099969435241
            ],
            [
              76.95516724227114,
              11.00406865074678
            ],
            [
              76.95525673366342,
              11.004052072546795
            ],
            [
              76.95528080964506,
              11.004209932599657
            ],
            [
              76.95529126012633,
              11.00434841868825
            ],
            [
              76.95514881226048,
              11.00433721138269
            ],
            [
              76.95503575460191,
              11.00432934107075
            ],
            [
              76.9550544054239,
              11.004220919922385
            ],
            [
              76.95503800645825,
              11.004099969435241
            ]
          ]
        ]
      }
    },
    {
      "type": "Feature",
      "id": "FE_093",
      "properties": {
        "feature_id": "FE_093",
        "survey_candidate": "291/4",
        "area": 985.1,
        "feature_type": "Cadastral Boundary"
      },
      "geometry": {
        "type": "Polygon",
        "coordinates": [
          [
            [
              76.95525764193621,
              11.004050070620686
            ],
            [
              76.95540073484153,
              11.004064957417537
            ],
            [
              76.95556201993557,
              11.004075098257985
            ],
            [
              76.95559890919824,
              11.004196441825684
            ],
            [
              76.95563603846351,
              11.004285782584494
            ],
            [
              76.95548209132242,
              11.00431318880857
            ],
            [
              76.95529216839913,
              11.004346416762141
            ],
            [
              76.95528171791786,
              11.004207930673548
            ],
            [
              76.95525764193621,
              11.004050070620686
            ]
          ]
        ]
      }
    },
    {
      "type": "Feature",
      "id": "FE_094",
      "properties": {
        "feature_id": "FE_094",
        "survey_candidate": "292/1",
        "area": 933.7,
        "feature_type": "Cadastral Boundary"
      },
      "geometry": {
        "type": "Polygon",
        "coordinates": [
          [
            [
              76.95556181129926,
              11.004078728326231
            ],
            [
              76.95573528927373,
              11.004050294735219
            ],
            [
              76.95594514489062,
              11.00401420138223
            ],
            [
              76.95590925288846,
              11.004157117883171
            ],
            [
              76.95586550933541,
              11.004311728265979
            ],
            [
              76.95574723653911,
              11.004286138074894
            ],
            [
              76.9556358298272,
              11.00428941265274
            ],
            [
              76.95559870056194,
              11.00420007189393
            ],
            [
              76.95556181129926,
              11.004078728326231
            ]
          ]
        ]
      }
    },
    {
      "type": "Feature",
      "id": "FE_095",
      "properties": {
        "feature_id": "FE_095",
        "survey_candidate": "293/2",
        "area": 1010.5,
        "feature_type": "Cadastral Boundary"
      },
      "geometry": {
        "type": "Polygon",
        "coordinates": [
          [
            [
              76.95594883138034,
              11.004012644596061
            ],
            [
              76.95607793692943,
              11.004043422530424
            ],
            [
              76.9562242897422,
              11.004052686764702
            ],
            [
              76.95622562675537,
              11.004191392775517
            ],
            [
              76.95621392751285,
              11.004312604697366
            ],
            [
              76.95605977331017,
              11.00429456918067
            ],
            [
              76.95586919582513,
              11.00431017147981
            ],
            [
              76.95591293937818,
              11.004155561097003
            ],
            [
              76.95594883138034,
              11.004012644596061
            ]
          ]
        ]
      }
    },
    {
      "type": "Feature",
      "id": "FE_096",
      "properties": {
        "feature_id": "FE_096",
        "survey_candidate": "294/3",
        "area": 973.6,
        "feature_type": "Cadastral Boundary"
      },
      "geometry": {
        "type": "Polygon",
        "coordinates": [
          [
            [
              76.95622319126895,
              11.004052847190131
            ],
            [
              76.95637129131916,
              11.004072504471944
            ],
            [
              76.95650837069535,
              11.00408345930048
            ],
            [
              76.95653704061564,
              11.004223942287759
            ],
            [
              76.95655630553402,
              11.004332481980128
            ],
            [
              76.95640273995107,
              11.004335417243821
            ],
            [
              76.9562128290396,
              11.004312765122796
            ],
            [
              76.95622452828212,
              11.004191553200947
            ],
            [
              76.95622319126895,
              11.004052847190131
            ]
          ]
        ]
      }
    },
    {
      "type": "Feature",
      "id": "FE_097",
      "properties": {
        "feature_id": "FE_097",
        "survey_candidate": "295/4",
        "area": 1066.2,
        "feature_type": "Cadastral Boundary"
      },
      "geometry": {
        "type": "Polygon",
        "coordinates": [
          [
            [
              76.95650429983846,
              11.004084050901
            ],
            [
              76.95667407679196,
              11.004063072784598
            ],
            [
              76.95683101290872,
              11.004017739182846
            ],
            [
              76.95685899130099,
              11.004149973658286
            ],
            [
              76.95689130939103,
              11.004275907126805
            ],
            [
              76.95672356551738,
              11.004321689304334
            ],
            [
              76.95655223467713,
              11.004333073580648
            ],
            [
              76.95653296975875,
              11.004224533888278
            ],
            [
              76.95650429983846,
              11.004084050901
            ]
          ]
        ]
      }
    },
    {
      "type": "Feature",
      "id": "FE_098",
      "properties": {
        "feature_id": "FE_098",
        "survey_candidate": "296/1",
        "area": 829.1,
        "feature_type": "Cadastral Boundary"
      },
      "geometry": {
        "type": "Polygon",
        "coordinates": [
          [
            [
              76.95683347255721,
              11.004018186270082
            ],
            [
              76.95700098219999,
              11.004036709357708
            ],
            [
              76.95715668685669,
              11.004068986574312
            ],
            [
              76.95714182173246,
              11.004194490772894
            ],
            [
              76.957141982067,
              11.004300398338689
            ],
            [
              76.95700536431104,
              11.00427477669925
            ],
            [
              76.95689376903951,
              11.004276354214042
            ],
            [
              76.95686145094948,
              11.004150420745523
            ],
            [
              76.95683347255721,
              11.004018186270082
            ]
          ]
        ]
      }
    },
    {
      "type": "Feature",
      "id": "FE_099",
      "properties": {
        "feature_id": "FE_099",
        "survey_candidate": "297/2",
        "area": 1005.7,
        "feature_type": "Cadastral Boundary"
      },
      "geometry": {
        "type": "Polygon",
        "coordinates": [
          [
            [
              76.95715511666087,
              11.004065041562116
            ],
            [
              76.95730168977943,
              11.004029577454647
            ],
            [
              76.95742951892905,
              11.004023617944997
            ],
            [
              76.95746832494186,
              11.004174543015775
            ],
            [
              76.95750424100903,
              11.004288133449846
            ],
            [
              76.9573288915443,
              11.004297393746516
            ],
            [
              76.95714041187118,
              11.004296453326493
            ],
            [
              76.95714025153664,
              11.004190545760698
            ],
            [
              76.95715511666087,
              11.004065041562116
            ]
          ]
        ]
      }
    },
    {
      "type": "Feature",
      "id": "FE_100",
      "properties": {
        "feature_id": "FE_100",
        "survey_candidate": "298/3",
        "area": 1037.8,
        "feature_type": "Cadastral Boundary"
      },
      "geometry": {
        "type": "Polygon",
        "coordinates": [
          [
            [
              76.95742845850422,
              11.004024364626089
            ],
            [
              76.95761542822083,
              11.00402807516126
            ],
            [
              76.95782856336399,
              11.00405826498649
            ],
            [
              76.9577982661481,
              11.004174385128543
            ],
            [
              76.95774373391015,
              11.004309749457455
            ],
            [
              76.9576350248024,
              11.004290085088593
            ],
            [
              76.95750318058421,
              11.004288880130938
            ],
            [
              76.95746726451704,
              11.004175289696867
            ],
            [
              76.95742845850422,
              11.004024364626089
            ]
          ]
        ]
      }
    },
    {
      "type": "Feature",
      "id": "FE_101",
      "properties": {
        "feature_id": "FE_101",
        "survey_candidate": "299/4",
        "area": 967.8,
        "feature_type": "Cadastral Boundary"
      },
      "geometry": {
        "type": "Polygon",
        "coordinates": [
          [
            [
              76.95782839489026,
              11.004059424675736
            ],
            [
              76.95795934823883,
              11.00406732439528
            ],
            [
              76.95808781279194,
              11.004045458903011
            ],
            [
              76.95810232771284,
              11.004180738274457
            ],
            [
              76.95809303169054,
              11.00431745501526
            ],
            [
              76.95790089891214,
              11.00432372587068
            ],
            [
              76.95774356543642,
              11.004310909146701
            ],
            [
              76.95779809767437,
              11.00417554481779
            ],
            [
              76.95782839489026,
              11.004059424675736
            ]
          ]
        ]
      }
    },
    {
      "type": "Feature",
      "id": "FE_102",
      "properties": {
        "feature_id": "FE_102",
        "survey_candidate": "300/1",
        "area": 989.1,
        "feature_type": "Cadastral Boundary"
      },
      "geometry": {
        "type": "Polygon",
        "coordinates": [
          [
            [
              76.9519145262236,
              11.004334266963866
            ],
            [
              76.95207923372391,
              11.00434397761418
            ],
            [
              76.95221921744843,
              11.004335939479766
            ],
            [
              76.95223422261165,
              11.004472867678565
            ],
            [
              76.9522150172467,
              11.004581278347212
            ],
            [
              76.95205020937424,
              11.004607026228262
            ],
            [
              76.95191383255744,
              11.00460394154179
            ],
            [
              76.95190826552785,
              11.004453867967934
            ],
            [
              76.9519145262236,
              11.004334266963866
            ]
          ]
        ]
      }
    },
    {
      "type": "Feature",
      "id": "FE_103",
      "properties": {
        "feature_id": "FE_103",
        "survey_candidate": "301/2",
        "area": 1006.7,
        "feature_type": "Cadastral Boundary"
      },
      "geometry": {
        "type": "Polygon",
        "coordinates": [
          [
            [
              76.95221458818216,
              11.00433864906989
            ],
            [
              76.95237098826635,
              11.00431096297738
            ],
            [
              76.95249004773183,
              11.004309137296927
            ],
            [
              76.9525122442918,
              11.004489948808889
            ],
            [
              76.95250017388996,
              11.004646641719956
            ],
            [
              76.95234094980223,
              11.004601997162965
            ],
            [
              76.95221038798043,
              11.004583987937336
            ],
            [
              76.95222959334538,
              11.004475577268689
            ],
            [
              76.95221458818216,
              11.00433864906989
            ]
          ]
        ]
      }
    },
    {
      "type": "Feature",
      "id": "FE_104",
      "properties": {
        "feature_id": "FE_104",
        "survey_candidate": "302/3",
        "area": 1134.7,
        "feature_type": "Cadastral Boundary"
      },
      "geometry": {
        "type": "Polygon",
        "coordinates": [
          [
            [
              76.95249214867597,
              11.004306566366129
            ],
            [
              76.95266774886024,
              11.004341357609476
            ],
            [
              76.9528252619586,
              11.004341599801961
            ],
            [
              76.95281046262843,
              11.004490452889385
            ],
            [
              76.95283130979792,
              11.004636410019193
            ],
            [
              76.95267328840497,
              11.004623171844393
            ],
            [
              76.9525022748341,
              11.004644070789158
            ],
            [
              76.95251434523594,
              11.00448737787809
            ],
            [
              76.95249214867597,
              11.004306566366129
            ]
          ]
        ]
      }
    },
    {
      "type": "Feature",
      "id": "FE_105",
      "properties": {
        "feature_id": "FE_105",
        "survey_candidate": "303/4",
        "area": 1035.0,
        "feature_type": "Cadastral Boundary"
      },
      "geometry": {
        "type": "Polygon",
        "coordinates": [
          [
            [
              76.9528282358148,
              11.004342330060828
            ],
            [
              76.95297099575859,
              11.004333898923875
            ],
            [
              76.95312458334405,
              11.004304542797989
            ],
            [
              76.95314513807364,
              11.004433143488813
            ],
            [
              76.95315305428863,
              11.004555048336446
            ],
            [
              76.95298309872103,
              11.004589751326597
            ],
            [
              76.95283428365413,
              11.00463714027806
            ],
            [
              76.95281343648465,
              11.004491183148252
            ],
            [
              76.9528282358148,
              11.004342330060828
            ]
          ]
        ]
      }
    },
    {
      "type": "Feature",
      "id": "FE_106",
      "properties": {
        "feature_id": "FE_106",
        "survey_candidate": "304/1",
        "area": 967.7,
        "feature_type": "Cadastral Boundary"
      },
      "geometry": {
        "type": "Polygon",
        "coordinates": [
          [
            [
              76.95312465829602,
              11.004304967066506
            ],
            [
              76.95326775903537,
              11.004330674608818
            ],
            [
              76.95341450708982,
              11.004343940952953
            ],
            [
              76.95344733842317,
              11.004477000248748
            ],
            [
              76.95350889147292,
              11.00463113670717
            ],
            [
              76.95334075979787,
              11.004594243550484
            ],
            [
              76.9531531292406,
              11.004555472604963
            ],
            [
              76.9531452130256,
              11.00443356775733
            ],
            [
              76.95312465829602,
              11.004304967066506
            ]
          ]
        ]
      }
    },
    {
      "type": "Feature",
      "id": "FE_107",
      "properties": {
        "feature_id": "FE_107",
        "survey_candidate": "305/2",
        "area": 1026.4,
        "feature_type": "Cadastral Boundary"
      },
      "geometry": {
        "type": "Polygon",
        "coordinates": [
          [
            [
              76.95341430599213,
              11.004346166670583
            ],
            [
              76.9535893239387,
              11.004374604791993
            ],
            [
              76.95373833316643,
              11.004371348126806
            ],
            [
              76.95377708986933,
              11.00452215063871
            ],
            [
              76.9538113432967,
              11.004640071345559
            ],
            [
              76.95367123035798,
              11.004637193358002
            ],
            [
              76.95350869037523,
              11.0046333624248
            ],
            [
              76.95344713732548,
              11.004479225966378
            ],
            [
              76.95341430599213,
              11.004346166670583
            ]
          ]
        ]
      }
    },
    {
      "type": "Feature",
      "id": "FE_108",
      "properties": {
        "feature_id": "FE_108",
        "survey_candidate": "306/3",
        "area": 1116.1,
        "feature_type": "Cadastral Boundary"
      },
      "geometry": {
        "type": "Polygon",
        "coordinates": [
          [
            [
              76.9537340320161,
              11.004368365905353
            ],
            [
              76.95390263943861,
              11.004339809488746
            ],
            [
              76.95410956211373,
              11.004283593599753
            ],
            [
              76.95411647008761,
              11.004437785693732
            ],
            [
              76.95409962831305,
              11.004559560658334
            ],
            [
              76.95397130059662,
              11.00458188926297
            ],
            [
              76.95380704214638,
              11.004637089124106
            ],
            [
              76.95377278871901,
              11.004519168417257
            ],
            [
              76.9537340320161,
              11.004368365905353
            ]
          ]
        ]
      }
    },
    {
      "type": "Feature",
      "id": "FE_109",
      "properties": {
        "feature_id": "FE_109",
        "survey_candidate": "307/4",
        "area": 733.2,
        "feature_type": "Cadastral Boundary"
      },
      "geometry": {
        "type": "Polygon",
        "coordinates": [
          [
            [
              76.95411094460177,
              11.004287178388507
            ],
            [
              76.95421845252451,
              11.004299920087293
            ],
            [
              76.95434843716339,
              11.004344103979154
            ],
            [
              76.95434449114916,
              11.004472505368483
            ],
            [
              76.95436696188334,
              11.004565569789891
            ],
            [
              76.95423485155418,
              11.00456284744611
            ],
            [
              76.95410101080108,
              11.004563145447088
            ],
            [
              76.95411785257565,
              11.004441370482485
            ],
            [
              76.95411094460177,
              11.004287178388507
            ]
          ]
        ]
      }
    },
    {
      "type": "Feature",
      "id": "FE_110",
      "properties": {
        "feature_id": "FE_110",
        "survey_candidate": "308/1",
        "area": 901.7,
        "feature_type": "Cadastral Boundary"
      },
      "geometry": {
        "type": "Polygon",
        "coordinates": [
          [
            [
              76.95440968546036,
              11.004321999045235
            ],
            [
              76.95455331193337,
              11.004290990707403
            ],
            [
              76.95471289530482,
              11.004266583770452
            ],
            [
              76.95470422304346,
              11.004411603448682
            ],
            [
              76.95472509047836,
              11.004525958216867
            ],
            [
              76.95457580258704,
              11.004531170453582
            ],
            [
              76.95442821018031,
              11.004543464855972
            ],
            [
              76.95440573944613,
              11.004450400434564
            ],
            [
              76.95440968546036,
              11.004321999045235
            ]
          ]
        ]
      }
    },
    {
      "type": "Feature",
      "id": "FE_111",
      "properties": {
        "feature_id": "FE_111",
        "survey_candidate": "309/2",
        "area": 1209.7,
        "feature_type": "Cadastral Boundary"
      },
      "geometry": {
        "type": "Polygon",
        "coordinates": [
          [
            [
              76.9546525963588,
              11.004285940759697
            ],
            [
              76.95483738087535,
              11.004306276549395
            ],
            [
              76.95503794688533,
              11.004327143262174
            ],
            [
              76.95500975876739,
              11.004490741820277
            ],
            [
              76.95496906813932,
              11.004635087464914
            ],
            [
              76.95483345468364,
              11.004574850018582
            ],
            [
              76.95466479153234,
              11.004545315206112
            ],
            [
              76.95464392409744,
              11.004430960437928
            ],
            [
              76.9546525963588,
              11.004285940759697
            ]
          ]
        ]
      }
    },
    {
      "type": "Feature",
      "id": "FE_112",
      "properties": {
        "feature_id": "FE_112",
        "survey_candidate": "310/3",
        "area": 939.2,
        "feature_type": "Cadastral Boundary"
      },
      "geometry": {
        "type": "Polygon",
        "coordinates": [
          [
            [
              76.95503990898682,
              11.004329052611485
            ],
            [
              76.95515296664539,
              11.004336922923425
            ],
            [
              76.95529541451124,
              11.004348130228985
            ],
            [
              76.95528955804255,
              11.004468091264672
            ],
            [
              76.95526593491311,
              11.004615408709585
            ],
            [
              76.9551009648311,
              11.004618104929518
            ],
            [
              76.95497103024081,
              11.004636996814225
            ],
            [
              76.95501172086888,
              11.004492651169588
            ],
            [
              76.95503990898682,
              11.004329052611485
            ]
          ]
        ]
      }
    },
    {
      "type": "Feature",
      "id": "FE_113",
      "properties": {
        "feature_id": "FE_113",
        "survey_candidate": "311/4",
        "area": 1136.5,
        "feature_type": "Cadastral Boundary"
      },
      "geometry": {
        "type": "Polygon",
        "coordinates": [
          [
            [
              76.95529102601954,
              11.004349096993941
            ],
            [
              76.95548094894284,
              11.00431586904037
            ],
            [
              76.95563489608392,
              11.004288462816294
            ],
            [
              76.95561242238942,
              11.00443025117329
            ],
            [
              76.95559072992386,
              11.004579315322081
            ],
            [
              76.95541908721316,
              11.004615648498323
            ],
            [
              76.95526154642141,
              11.00461637547454
            ],
            [
              76.95528516955085,
              11.004469058029628
            ],
            [
              76.95529102601954,
              11.004349096993941
            ]
          ]
        ]
      }
    },
    {
      "type": "Feature",
      "id": "FE_114",
      "properties": {
        "feature_id": "FE_114",
        "survey_candidate": "312/1",
        "area": 1076.8,
        "feature_type": "Cadastral Boundary"
      },
      "geometry": {
        "type": "Polygon",
        "coordinates": [
          [
            [
              76.95563540171234,
              11.004286357979206
            ],
            [
              76.95574680842425,
              11.00428308340136
            ],
            [
              76.95586508122055,
              11.004308673592444
            ],
            [
              76.95590570043727,
              11.004468568573108
            ],
            [
              76.95595581426602,
              11.004632946732187
            ],
            [
              76.95577777718681,
              11.004590651868787
            ],
            [
              76.95559123555228,
              11.004577210484992
            ],
            [
              76.95561292801784,
              11.0044281463362
            ],
            [
              76.95563540171234,
              11.004286357979206
            ]
          ]
        ]
      }
    },
    {
      "type": "Feature",
      "id": "FE_115",
      "properties": {
        "feature_id": "FE_115",
        "survey_candidate": "313/2",
        "area": 1186.2,
        "feature_type": "Cadastral Boundary"
      },
      "geometry": {
        "type": "Polygon",
        "coordinates": [
          [
            [
              76.9558672743022,
              11.004307514487099
            ],
            [
              76.95605785178724,
              11.00429191218796
            ],
            [
              76.95621200598991,
              11.004309947704655
            ],
            [
              76.95620344893041,
              11.004464267255834
            ],
            [
              76.95622427297221,
              11.00460388381986
            ],
            [
              76.95609722722334,
              11.004627516478882
            ],
            [
              76.95595800734766,
              11.004631787626842
            ],
            [
              76.95590789351891,
              11.004467409467763
            ],
            [
              76.9558672743022,
              11.004307514487099
            ]
          ]
        ]
      }
    },
    {
      "type": "Feature",
      "id": "FE_116",
      "properties": {
        "feature_id": "FE_116",
        "survey_candidate": "314/3",
        "area": 948.4,
        "feature_type": "Cadastral Boundary"
      },
      "geometry": {
        "type": "Polygon",
        "coordinates": [
          [
            [
              76.95621011316402,
              11.004309111559236
            ],
            [
              76.95640002407549,
              11.004331763680261
            ],
            [
              76.95655358965844,
              11.004328828416568
            ],
            [
              76.95651654849183,
              11.0044410208526
            ],
            [
              76.95648987139889,
              11.004561279043601
            ],
            [
              76.95635417179159,
              11.004572391048447
            ],
            [
              76.95622238014631,
              11.00460304767444
            ],
            [
              76.95620155610452,
              11.004463431110414
            ],
            [
              76.95621011316402,
              11.004309111559236
            ]
          ]
        ]
      }
    },
    {
      "type": "Feature",
      "id": "FE_117",
      "properties": {
        "feature_id": "FE_117",
        "survey_candidate": "315/4",
        "area": 1193.8,
        "feature_type": "Cadastral Boundary"
      },
      "geometry": {
        "type": "Polygon",
        "coordinates": [
          [
            [
              76.95655486391023,
              11.004329745990841
            ],
            [
              76.95672619475047,
              11.004318361714526
            ],
            [
              76.95689393862412,
              11.004272579536998
            ],
            [
              76.95690645127546,
              11.004429789339122
            ],
            [
              76.95689344111038,
              11.004590584820889
            ],
            [
              76.9566889049123,
              11.004561816674125
            ],
            [
              76.95649114565067,
              11.004562196617874
            ],
            [
              76.95651782274362,
              11.004441938426872
            ],
            [
              76.95655486391023,
              11.004329745990841
            ]
          ]
        ]
      }
    },
    {
      "type": "Feature",
      "id": "FE_118",
      "properties": {
        "feature_id": "FE_118",
        "survey_candidate": "316/1",
        "area": 963.9,
        "feature_type": "Cadastral Boundary"
      },
      "geometry": {
        "type": "Polygon",
        "coordinates": [
          [
            [
              76.95689417772729,
              11.004275661473503
            ],
            [
              76.95700577299883,
              11.00427408395871
            ],
            [
              76.95714239075478,
              11.00429970559815
            ],
            [
              76.95715508149914,
              11.004436524001205
            ],
            [
              76.95716064809966,
              11.004611243444394
            ],
            [
              76.95702209422188,
              11.004589952559561
            ],
            [
              76.95689368021355,
              11.004593666757394
            ],
            [
              76.95690669037863,
              11.004432871275627
            ],
            [
              76.95689417772729,
              11.004275661473503
            ]
          ]
        ]
      }
    },
    {
      "type": "Feature",
      "id": "FE_119",
      "properties": {
        "feature_id": "FE_119",
        "survey_candidate": "317/2",
        "area": 1097.4,
        "feature_type": "Cadastral Boundary"
      },
      "geometry": {
        "type": "Polygon",
        "coordinates": [
          [
            [
              76.95714371442894,
              11.004299329496439
            ],
            [
              76.95733219410205,
              11.004300269916461
            ],
            [
              76.95750754356679,
              11.004291009619791
            ],
            [
              76.95745182344402,
              11.004446026310626
            ],
            [
              76.95742353598088,
              11.00459592943084
            ],
            [
              76.95730613554412,
              11.00458875754808
            ],
            [
              76.95716197177381,
              11.004610867342683
            ],
            [
              76.9571564051733,
              11.004436147899494
            ],
            [
              76.95714371442894,
              11.004299329496439
            ]
          ]
        ]
      }
    },
    {
      "type": "Feature",
      "id": "FE_120",
      "properties": {
        "feature_id": "FE_120",
        "survey_candidate": "318/3",
        "area": 1162.7,
        "feature_type": "Cadastral Boundary"
      },
      "geometry": {
        "type": "Polygon",
        "coordinates": [
          [
            [
              76.95750784625541,
              11.004288528729559
            ],
            [
              76.9576396904736,
              11.004289733687214
            ],
            [
              76.95774839958135,
              11.004309398056076
            ],
            [
              76.95775780545216,
              11.004454282281289
            ],
            [
              76.95778868677105,
              11.004621658738582
            ],
            [
              76.95761883760329,
              11.004609582587287
            ],
            [
              76.9574238386695,
              11.004593448540607
            ],
            [
              76.95745212613264,
              11.004443545420393
            ],
            [
              76.95750784625541,
              11.004288528729559
            ]
          ]
        ]
      }
    },
    {
      "type": "Feature",
      "id": "FE_121",
      "properties": {
        "feature_id": "FE_121",
        "survey_candidate": "319/4",
        "area": 1176.0,
        "feature_type": "Cadastral Boundary"
      },
      "geometry": {
        "type": "Polygon",
        "coordinates": [
          [
            [
              76.95774655403653,
              11.004312775330165
            ],
            [
              76.95790388751226,
              11.004325592054144
            ],
            [
              76.95809602029065,
              11.004319321198723
            ],
            [
              76.95811310980528,
              11.00444889449313
            ],
            [
              76.95810308791555,
              11.004592043202656
            ],
            [
              76.95793809352249,
              11.004594942606428
            ],
            [
              76.95778684122624,
              11.004625036012671
            ],
            [
              76.95775595990735,
              11.004457659555378
            ],
            [
              76.95774655403653,
              11.004312775330165
            ]
          ]
        ]
      }
    },
    {
      "type": "Feature",
      "id": "FE_122",
      "properties": {
        "feature_id": "FE_122",
        "survey_candidate": "320/1",
        "area": 1058.6,
        "feature_type": "Cadastral Boundary"
      },
      "geometry": {
        "type": "Polygon",
        "coordinates": [
          [
            [
              76.95190956389213,
              11.0046085787404
            ],
            [
              76.95204594070893,
              11.004611663426873
            ],
            [
              76.9522107485814,
              11.004585915545823
            ],
            [
              76.95218466146824,
              11.004740823464553
            ],
            [
              76.95217685998811,
              11.00492150614528
            ],
            [
              76.95205050546896,
              11.004916237799502
            ],
            [
              76.95190631845439,
              11.00487725137999
            ],
            [
              76.95188971153688,
              11.004757105153736
            ],
            [
              76.95190956389213,
              11.0046085787404
            ]
          ]
        ]
      }
    },
    {
      "type": "Feature",
      "id": "FE_123",
      "properties": {
        "feature_id": "FE_123",
        "survey_candidate": "321/2",
        "area": 945.7,
        "feature_type": "Cadastral Boundary"
      },
      "geometry": {
        "type": "Polygon",
        "coordinates": [
          [
            [
              76.95221352739112,
              11.004581481476736
            ],
            [
              76.95234408921293,
              11.004599490702365
            ],
            [
              76.95250331330065,
              11.004644135259356
            ],
            [
              76.95247311081339,
              11.004752884226118
            ],
            [
              76.95247848576876,
              11.004838670920709
            ],
            [
              76.95233220504399,
              11.004867532127658
            ],
            [
              76.95217963879784,
              11.004917072076193
            ],
            [
              76.95218744027797,
              11.004736389395466
            ],
            [
              76.95221352739112,
              11.004581481476736
            ]
          ]
        ]
      }
    },
    {
      "type": "Feature",
      "id": "FE_124",
      "properties": {
        "feature_id": "FE_124",
        "survey_candidate": "322/3",
        "area": 999.6,
        "feature_type": "Cadastral Boundary"
      },
      "geometry": {
        "type": "Polygon",
        "coordinates": [
          [
            [
              76.95250430392149,
              11.004649121570335
            ],
            [
              76.95267531749235,
              11.00462822262557
            ],
            [
              76.9528333388853,
              11.00464146080037
            ],
            [
              76.9528261106558,
              11.004748072127928
            ],
            [
              76.9528427713963,
              11.004890126486945
            ],
            [
              76.95264532179748,
              11.004879322859072
            ],
            [
              76.9524794763896,
              11.004843657231687
            ],
            [
              76.95247410143422,
              11.004757870537096
            ],
            [
              76.95250430392149,
              11.004649121570335
            ]
          ]
        ]
      }
    },
    {
      "type": "Feature",
      "id": "FE_125",
      "properties": {
        "feature_id": "FE_125",
        "survey_candidate": "323/4",
        "area": 980.6,
        "feature_type": "Cadastral Boundary"
      },
      "geometry": {
        "type": "Polygon",
        "coordinates": [
          [
            [
              76.9528294777377,
              11.004637892437454
            ],
            [
              76.9529782928046,
              11.004590503485991
            ],
            [
              76.9531482483722,
              11.00455580049584
            ],
            [
              76.95313587253885,
              11.004691672183805
            ],
            [
              76.95310548098193,
              11.004829424821606
            ],
            [
              76.9529751843603,
              11.00486904926877
            ],
            [
              76.9528389102487,
              11.00488655812403
            ],
            [
              76.9528222495082,
              11.004744503765012
            ],
            [
              76.9528294777377,
              11.004637892437454
            ]
          ]
        ]
      }
    },
    {
      "type": "Feature",
      "id": "FE_126",
      "properties": {
        "feature_id": "FE_126",
        "survey_candidate": "324/1",
        "area": 1066.2,
        "feature_type": "Cadastral Boundary"
      },
      "geometry": {
        "type": "Polygon",
        "coordinates": [
          [
            [
              76.95315380876421,
              11.00455554339526
            ],
            [
              76.95334143932148,
              11.00459431434078
            ],
            [
              76.95350957099653,
              11.004631207497466
            ],
            [
              76.95348493789766,
              11.004735453287196
            ],
            [
              76.95348897460117,
              11.004839395112441
            ],
            [
              76.95331285139675,
              11.004838369251368
            ],
            [
              76.95311104137394,
              11.004829167721025
            ],
            [
              76.95314143293086,
              11.004691415083224
            ],
            [
              76.95315380876421,
              11.00455554339526
            ]
          ]
        ]
      }
    },
    {
      "type": "Feature",
      "id": "FE_127",
      "properties": {
        "feature_id": "FE_127",
        "survey_candidate": "325/2",
        "area": 837.7,
        "feature_type": "Cadastral Boundary"
      },
      "geometry": {
        "type": "Polygon",
        "coordinates": [
          [
            [
              76.9535534501043,
              11.004589178735818
            ],
            [
              76.95371599008705,
              11.004593009669021
            ],
            [
              76.95385610302577,
              11.004595887656578
            ],
            [
              76.9538415081925,
              11.004728476792788
            ],
            [
              76.95380614306818,
              11.004832006752686
            ],
            [
              76.95368680504772,
              11.004826544809438
            ],
            [
              76.95353285370894,
              11.004797366350793
            ],
            [
              76.95352881700542,
              11.004693424525549
            ],
            [
              76.9535534501043,
              11.004589178735818
            ]
          ]
        ]
      }
    },
    {
      "type": "Feature",
      "id": "FE_128",
      "properties": {
        "feature_id": "FE_128",
        "survey_candidate": "326/3",
        "area": 944.1,
        "feature_type": "Cadastral Boundary"
      },
      "geometry": {
        "type": "Polygon",
        "coordinates": [
          [
            [
              76.95381008391159,
              11.004639874292515
            ],
            [
              76.95397434236183,
              11.00458467443138
            ],
            [
              76.95410267007826,
              11.004562345826743
            ],
            [
              76.9540917746467,
              11.004698902774631
            ],
            [
              76.95404685011826,
              11.004870235515064
            ],
            [
              76.95391166267585,
              11.004866239251962
            ],
            [
              76.953760123954,
              11.004875993388623
            ],
            [
              76.95379548907832,
              11.004772463428726
            ],
            [
              76.95381008391159,
              11.004639874292515
            ]
          ]
        ]
      }
    },
    {
      "type": "Feature",
      "id": "FE_129",
      "properties": {
        "feature_id": "FE_129",
        "survey_candidate": "327/4",
        "area": 1141.6,
        "feature_type": "Cadastral Boundary"
      },
      "geometry": {
        "type": "Polygon",
        "coordinates": [
          [
            [
              76.95409848207936,
              11.004560880129006
            ],
            [
              76.95423232283245,
              11.004560582128027
            ],
            [
              76.95436443316162,
              11.004563304471809
            ],
            [
              76.95436927660263,
              11.00473199349163
            ],
            [
              76.95436047268936,
              11.004901453066749
            ],
            [
              76.95421648542381,
              11.004887498532266
            ],
            [
              76.95404266211936,
              11.004868769817326
            ],
            [
              76.9540875866478,
              11.004697437076894
            ],
            [
              76.95409848207936,
              11.004560880129006
            ]
          ]
        ]
      }
    },
    {
      "type": "Feature",
      "id": "FE_131",
      "properties": {
        "feature_id": "FE_131",
        "survey_candidate": "329/2",
        "area": 1081.8,
        "feature_type": "Cadastral Boundary"
      },
      "geometry": {
        "type": "Polygon",
        "coordinates": [
          [
            [
              76.95466228283395,
              11.004546599459179
            ],
            [
              76.95483094598525,
              11.004576134271648
            ],
            [
              76.95496655944093,
              11.00463637171798
            ],
            [
              76.95496069555688,
              11.004742895332495
            ],
            [
              76.95494507256674,
              11.004845589870035
            ],
            [
              76.95478602411568,
              11.004856471824338
            ],
            [
              76.95463344260705,
              11.004878807016818
            ],
            [
              76.95463249147424,
              11.00471699097322
            ],
            [
              76.95466228283395,
              11.004546599459179
            ]
          ]
        ]
      }
    },
    {
      "type": "Feature",
      "id": "FE_132",
      "properties": {
        "feature_id": "FE_132",
        "survey_candidate": "330/3",
        "area": 867.8,
        "feature_type": "Cadastral Boundary"
      },
      "geometry": {
        "type": "Polygon",
        "coordinates": [
          [
            [
              76.95496648738641,
              11.004633486531697
            ],
            [
              76.9550964219767,
              11.00461459464699
            ],
            [
              76.95526139205872,
              11.004611898427056
            ],
            [
              76.95528253225658,
              11.004720164705086
            ],
            [
              76.9553014315861,
              11.004832096001685
            ],
            [
              76.95513438191988,
              11.004839833232571
            ],
            [
              76.95494500051223,
              11.004842704683751
            ],
            [
              76.95496062350236,
              11.004740010146211
            ],
            [
              76.95496648738641,
              11.004633486531697
            ]
          ]
        ]
      }
    },
    {
      "type": "Feature",
      "id": "FE_133",
      "properties": {
        "feature_id": "FE_133",
        "survey_candidate": "331/4",
        "area": 937.6,
        "feature_type": "Cadastral Boundary"
      },
      "geometry": {
        "type": "Polygon",
        "coordinates": [
          [
            [
              76.95526565300692,
              11.004616837020361
            ],
            [
              76.95542319379867,
              11.004616110044143
            ],
            [
              76.95559483650936,
              11.004579776867901
            ],
            [
              76.95559304534973,
              11.004744383231706
            ],
            [
              76.9555764568109,
              11.00488105390148
            ],
            [
              76.95542725666465,
              11.004863285589149
            ],
            [
              76.9553056925343,
              11.00483703459499
            ],
            [
              76.95528679320478,
              11.00472510329839
            ],
            [
              76.95526565300692,
              11.004616837020361
            ]
          ]
        ]
      }
    },
    {
      "type": "Feature",
      "id": "FE_134",
      "properties": {
        "feature_id": "FE_134",
        "survey_candidate": "332/1",
        "area": 1049.4,
        "feature_type": "Cadastral Boundary"
      },
      "geometry": {
        "type": "Polygon",
        "coordinates": [
          [
            [
              76.95559387512823,
              11.00457534488152
            ],
            [
              76.95578041676276,
              11.004588786265314
            ],
            [
              76.95595845384197,
              11.004631081128714
            ],
            [
              76.95591717937722,
              11.00472791039057
            ],
            [
              76.95585970974247,
              11.00484730539028
            ],
            [
              76.95572413421131,
              11.0048614475755
            ],
            [
              76.95557549542977,
              11.004876621915098
            ],
            [
              76.9555920839686,
              11.004739951245325
            ],
            [
              76.95559387512823,
              11.00457534488152
            ]
          ]
        ]
      }
    },
    {
      "type": "Feature",
      "id": "FE_135",
      "properties": {
        "feature_id": "FE_135",
        "survey_candidate": "333/2",
        "area": 994.4,
        "feature_type": "Cadastral Boundary"
      },
      "geometry": {
        "type": "Polygon",
        "coordinates": [
          [
            [
              76.95595594153855,
              11.004632436642533
            ],
            [
              76.95609516141423,
              11.004628165494573
            ],
            [
              76.9562222071631,
              11.00460453283555
            ],
            [
              76.95624081416757,
              11.004751472808728
            ],
            [
              76.9562712330304,
              11.004902094945065
            ],
            [
              76.95607449809566,
              11.004861478086887
            ],
            [
              76.95585719743904,
              11.004848660904099
            ],
            [
              76.9559146670738,
              11.00472926590439
            ],
            [
              76.95595594153855,
              11.004632436642533
            ]
          ]
        ]
      }
    },
    {
      "type": "Feature",
      "id": "FE_136",
      "properties": {
        "feature_id": "FE_136",
        "survey_candidate": "334/3",
        "area": 853.5,
        "feature_type": "Cadastral Boundary"
      },
      "geometry": {
        "type": "Polygon",
        "coordinates": [
          [
            [
              76.95622112837702,
              11.004607842905965
            ],
            [
              76.9563529200223,
              11.004577186279972
            ],
            [
              76.9564886196296,
              11.004566074275127
            ],
            [
              76.95648248153101,
              11.004703854782418
            ],
            [
              76.95648171415246,
              11.004828561316643
            ],
            [
              76.95638313325192,
              11.004866502039748
            ],
            [
              76.95627015424434,
              11.00490540501548
            ],
            [
              76.9562397353815,
              11.004754782879143
            ],
            [
              76.95622112837702,
              11.004607842905965
            ]
          ]
        ]
      }
    },
    {
      "type": "Feature",
      "id": "FE_137",
      "properties": {
        "feature_id": "FE_137",
        "survey_candidate": "335/4",
        "area": 1366.1,
        "feature_type": "Cadastral Boundary"
      },
      "geometry": {
        "type": "Polygon",
        "coordinates": [
          [
            [
              76.95649420049021,
              11.004561157641472
            ],
            [
              76.95669195975184,
              11.004560777697723
            ],
            [
              76.95689649594992,
              11.004589545844487
            ],
            [
              76.95687516972284,
              11.004725634033527
            ],
            [
              76.95682282412812,
              11.004895998527553
            ],
            [
              76.95665083513092,
              11.004863396601056
            ],
            [
              76.95648729501308,
              11.004823644682988
            ],
            [
              76.95648806239163,
              11.004698938148763
            ],
            [
              76.95649420049021,
              11.004561157641472
            ]
          ]
        ]
      }
    },
    {
      "type": "Feature",
      "id": "FE_138",
      "properties": {
        "feature_id": "FE_138",
        "survey_candidate": "336/1",
        "area": 1106.6,
        "feature_type": "Cadastral Boundary"
      },
      "geometry": {
        "type": "Polygon",
        "coordinates": [
          [
            [
              76.95689394980683,
              11.004592281755189
            ],
            [
              76.95702236381516,
              11.004588567557356
            ],
            [
              76.95716091769293,
              11.004609858442189
            ],
            [
              76.9571673613557,
              11.004761808771198
            ],
            [
              76.95720339073692,
              11.004894850173676
            ],
            [
              76.9570001872902,
              11.004883735325304
            ],
            [
              76.95682027798503,
              11.004898734438255
            ],
            [
              76.95687262357974,
              11.004728369944228
            ],
            [
              76.95689394980683,
              11.004592281755189
            ]
          ]
        ]
      }
    },
    {
      "type": "Feature",
      "id": "FE_139",
      "properties": {
        "feature_id": "FE_139",
        "survey_candidate": "337/2",
        "area": 895.3,
        "feature_type": "Cadastral Boundary"
      },
      "geometry": {
        "type": "Polygon",
        "coordinates": [
          [
            [
              76.9571614763468,
              11.004610339618646
            ],
            [
              76.9573056401171,
              11.004588229824043
            ],
            [
              76.95742304055386,
              11.004595401706803
            ],
            [
              76.95744664835185,
              11.004712988269157
            ],
            [
              76.95746391528205,
              11.004825698146036
            ],
            [
              76.95731407714501,
              11.004869405509048
            ],
            [
              76.95720394939079,
              11.004895331350133
            ],
            [
              76.95716792000957,
              11.004762289947655
            ],
            [
              76.9571614763468,
              11.004610339618646
            ]
          ]
        ]
      }
    },
    {
      "type": "Feature",
      "id": "FE_140",
      "properties": {
        "feature_id": "FE_140",
        "survey_candidate": "338/3",
        "area": 1044.1,
        "feature_type": "Cadastral Boundary"
      },
      "geometry": {
        "type": "Polygon",
        "coordinates": [
          [
            [
              76.95742436051401,
              11.004591833211165
            ],
            [
              76.9576193594478,
              11.004607967257845
            ],
            [
              76.95778920861557,
              11.00462004340914
            ],
            [
              76.95780581504847,
              11.004755662395702
            ],
            [
              76.95783315778314,
              11.004878188986387
            ],
            [
              76.95765741137677,
              11.004850168761013
            ],
            [
              76.9574652352422,
              11.004822129650398
            ],
            [
              76.957447968312,
              11.00470941977352
            ],
            [
              76.95742436051401,
              11.004591833211165
            ]
          ]
        ]
      }
    },
    {
      "type": "Feature",
      "id": "FE_141",
      "properties": {
        "feature_id": "FE_141",
        "survey_candidate": "339/4",
        "area": 1041.5,
        "feature_type": "Cadastral Boundary"
      },
      "geometry": {
        "type": "Polygon",
        "coordinates": [
          [
            [
              76.9577864800363,
              11.004623181261431
            ],
            [
              76.95793773233255,
              11.004593087855188
            ],
            [
              76.95810272672561,
              11.004590188451417
            ],
            [
              76.95811604646303,
              11.004741362039873
            ],
            [
              76.95811101174695,
              11.004863388459013
            ],
            [
              76.95795346059505,
              11.004885378606609
            ],
            [
              76.95783042920388,
              11.004881326838678
            ],
            [
              76.95780308646921,
              11.004758800247993
            ],
            [
              76.9577864800363,
              11.004623181261431
            ]
          ]
        ]
      }
    },
    {
      "type": "Feature",
      "id": "FE_142",
      "properties": {
        "feature_id": "FE_142",
        "survey_candidate": "340/1",
        "area": 936.3,
        "feature_type": "Cadastral Boundary"
      },
      "geometry": {
        "type": "Polygon",
        "coordinates": [
          [
            [
              76.951905400508,
              11.004872391895223
            ],
            [
              76.95204958752257,
              11.004911378314736
            ],
            [
              76.95217594204172,
              11.004916646660513
            ],
            [
              76.95220329660364,
              11.005040685884238
            ],
            [
              76.9522191569977,
              11.005186560622558
            ],
            [
              76.95206258076612,
              11.005166010393586
            ],
            [
              76.95189989320399,
              11.00514017642611
            ],
            [
              76.95190632861453,
              11.005000410504087
            ],
            [
              76.951905400508,
              11.004872391895223
            ]
          ]
        ]
      }
    },
    {
      "type": "Feature",
      "id": "FE_143",
      "properties": {
        "feature_id": "FE_143",
        "survey_candidate": "341/2",
        "area": 965.1,
        "feature_type": "Cadastral Boundary"
      },
      "geometry": {
        "type": "Polygon",
        "coordinates": [
          [
            [
              76.95218118080865,
              11.004921392285684
            ],
            [
              76.9523337470548,
              11.00487185233715
            ],
            [
              76.95248002777957,
              11.0048429911302
            ],
            [
              76.95250287016215,
              11.00497803501078
            ],
            [
              76.95253542487994,
              11.005092284612427
            ],
            [
              76.95236438874898,
              11.00512454965586
            ],
            [
              76.95222439576463,
              11.00519130624773
            ],
            [
              76.95220853537057,
              11.005045431509409
            ],
            [
              76.95218118080865,
              11.004921392285684
            ]
          ]
        ]
      }
    },
    {
      "type": "Feature",
      "id": "FE_144",
      "properties": {
        "feature_id": "FE_144",
        "survey_candidate": "342/3",
        "area": 998.8,
        "feature_type": "Cadastral Boundary"
      },
      "geometry": {
        "type": "Polygon",
        "coordinates": [
          [
            [
              76.95247697833128,
              11.00484290021668
            ],
            [
              76.95264282373915,
              11.004878565844065
            ],
            [
              76.95284027333798,
              11.004889369471938
            ],
            [
              76.95286094465555,
              11.005022882645335
            ],
            [
              76.9528563042152,
              11.005118819113545
            ],
            [
              76.95269910428047,
              11.005117456990208
            ],
            [
              76.95253237543164,
              11.005092193698907
            ],
            [
              76.95249982071385,
              11.00497794409726
            ],
            [
              76.95247697833128,
              11.00484290021668
            ]
          ]
        ]
      }
    },
    {
      "type": "Feature",
      "id": "FE_145",
      "properties": {
        "feature_id": "FE_145",
        "survey_candidate": "343/4",
        "area": 930.2,
        "feature_type": "Cadastral Boundary"
      },
      "geometry": {
        "type": "Polygon",
        "coordinates": [
          [
            [
              76.95284070873872,
              11.004885743938718
            ],
            [
              76.95297698285032,
              11.004868235083459
            ],
            [
              76.95310727947195,
              11.004828610636295
            ],
            [
              76.95313169716148,
              11.004983648151999
            ],
            [
              76.9531456500888,
              11.005176198991007
            ],
            [
              76.95301508926316,
              11.005136457494643
            ],
            [
              76.95285673961594,
              11.005115193580325
            ],
            [
              76.95286138005629,
              11.005019257112115
            ],
            [
              76.95284070873872,
              11.004885743938718
            ]
          ]
        ]
      }
    },
    {
      "type": "Feature",
      "id": "FE_146",
      "properties": {
        "feature_id": "FE_146",
        "survey_candidate": "344/1",
        "area": 1071.5,
        "feature_type": "Cadastral Boundary"
      },
      "geometry": {
        "type": "Polygon",
        "coordinates": [
          [
            [
              76.95311059960626,
              11.004832283928945
            ],
            [
              76.95331240962906,
              11.004841485459288
            ],
            [
              76.95348853283349,
              11.00484251132036
            ],
            [
              76.95343406752343,
              11.004956648001352
            ],
            [
              76.9533966563025,
              11.005096090755536
            ],
            [
              76.95326860912323,
              11.005131152746017
            ],
            [
              76.95314897022311,
              11.005179872283657
            ],
            [
              76.95313501729579,
              11.004987321444649
            ],
            [
              76.95311059960626,
              11.004832283928945
            ]
          ]
        ]
      }
    },
    {
      "type": "Feature",
      "id": "FE_147",
      "properties": {
        "feature_id": "FE_147",
        "survey_candidate": "345/2",
        "area": 924.5,
        "feature_type": "Cadastral Boundary"
      },
      "geometry": {
        "type": "Polygon",
        "coordinates": [
          [
            [
              76.95348613681294,
              11.004839962489429
            ],
            [
              76.95364008815173,
              11.004869140948074
            ],
            [
              76.95375942617218,
              11.004874602891322
            ],
            [
              76.9537225642527,
              11.00498510784374
            ],
            [
              76.95369744870113,
              11.005134721530817
            ],
            [
              76.95353246897677,
              11.005114509051792
            ],
            [
              76.95339426028195,
              11.005093541924605
            ],
            [
              76.95343167150288,
              11.004954099170421
            ],
            [
              76.95348613681294,
              11.004839962489429
            ]
          ]
        ]
      }
    },
    {
      "type": "Feature",
      "id": "FE_148",
      "properties": {
        "feature_id": "FE_148",
        "survey_candidate": "346/3",
        "area": 989.5,
        "feature_type": "Cadastral Boundary"
      },
      "geometry": {
        "type": "Polygon",
        "coordinates": [
          [
            [
              76.95375972981144,
              11.004877436612901
            ],
            [
              76.95391126853329,
              11.00486768247624
            ],
            [
              76.9540464559757,
              11.004871678739342
            ],
            [
              76.95403091052155,
              11.00499201683125
            ],
            [
              76.95402264099125,
              11.005140712876797
            ],
            [
              76.95387656912808,
              11.005133712639735
            ],
            [
              76.95369775234039,
              11.005137555252396
            ],
            [
              76.95372286789195,
              11.00498794156532
            ],
            [
              76.95375972981144,
              11.004877436612901
            ]
          ]
        ]
      }
    },
    {
      "type": "Feature",
      "id": "FE_149",
      "properties": {
        "feature_id": "FE_149",
        "survey_candidate": "347/4",
        "area": 948.6,
        "feature_type": "Cadastral Boundary"
      },
      "geometry": {
        "type": "Polygon",
        "coordinates": [
          [
            [
              76.9540477666047,
              11.004866989211164
            ],
            [
              76.95422158990915,
              11.004885717926104
            ],
            [
              76.9543655771747,
              11.004899672460587
            ],
            [
              76.95438198829972,
              11.004985877560024
            ],
            [
              76.9543803509583,
              11.005094639701777
            ],
            [
              76.95421485797232,
              11.005105839069502
            ],
            [
              76.95402395162026,
              11.00513602334862
            ],
            [
              76.95403222115056,
              11.004987327303073
            ],
            [
              76.9540477666047,
              11.004866989211164
            ]
          ]
        ]
      }
    },
    {
      "type": "Feature",
      "id": "FE_150",
      "properties": {
        "feature_id": "FE_150",
        "survey_candidate": "348/1",
        "area": 750.5,
        "feature_type": "Cadastral Boundary"
      },
      "geometry": {
        "type": "Polygon",
        "coordinates": [
          [
            [
              76.9543617020419,
              11.0049027335807
            ],
            [
              76.9545030736653,
              11.004874116718362
            ],
            [
              76.9546337025853,
              11.004879285904293
            ],
            [
              76.95464989106547,
              11.004999594423595
            ],
            [
              76.95467560912837,
              11.005102355991106
            ],
            [
              76.95453017263125,
              11.005109394316268
            ],
            [
              76.9543764758255,
              11.00509770082189
            ],
            [
              76.95437811316691,
              11.004988938680137
            ],
            [
              76.9543617020419,
              11.0049027335807
            ]
          ]
        ]
      }
    },
    {
      "type": "Feature",
      "id": "FE_151",
      "properties": {
        "feature_id": "FE_151",
        "survey_candidate": "349/2",
        "area": 976.5,
        "feature_type": "Cadastral Boundary"
      },
      "geometry": {
        "type": "Polygon",
        "coordinates": [
          [
            [
              76.95463697169268,
              11.004880146362014
            ],
            [
              76.95478955320131,
              11.004857811169535
            ],
            [
              76.95494860165238,
              11.004846929215232
            ],
            [
              76.95494516945074,
              11.004988639476712
            ],
            [
              76.95497217418911,
              11.00516577615608
            ],
            [
              76.95483653125034,
              11.005134284556972
            ],
            [
              76.95467887823575,
              11.005103216448827
            ],
            [
              76.95465316017285,
              11.005000454881316
            ],
            [
              76.95463697169268,
              11.004880146362014
            ]
          ]
        ]
      }
    },
    {
      "type": "Feature",
      "id": "FE_152",
      "properties": {
        "feature_id": "FE_152",
        "survey_candidate": "350/3",
        "area": 1288.4,
        "feature_type": "Cadastral Boundary"
      },
      "geometry": {
        "type": "Polygon",
        "coordinates": [
          [
            [
              76.95494923018747,
              11.004845429826194
            ],
            [
              76.95513861159512,
              11.004842558375014
            ],
            [
              76.95530566126133,
              11.004834821144128
            ],
            [
              76.9553204960441,
              11.004950046143573
            ],
            [
              76.95532257293016,
              11.00508331705089
            ],
            [
              76.95514562697498,
              11.005139063461627
            ],
            [
              76.9549728027242,
              11.005164276767042
            ],
            [
              76.95494579798583,
              11.004987140087675
            ],
            [
              76.95494923018747,
              11.004845429826194
            ]
          ]
        ]
      }
    },
    {
      "type": "Feature",
      "id": "FE_153",
      "properties": {
        "feature_id": "FE_153",
        "survey_candidate": "351/4",
        "area": 757.1,
        "feature_type": "Cadastral Boundary"
      },
      "geometry": {
        "type": "Polygon",
        "coordinates": [
          [
            [
              76.95530490594464,
              11.00483338761254
            ],
            [
              76.955426470075,
              11.0048596386067
            ],
            [
              76.95557567022125,
              11.00487740691903
            ],
            [
              76.95557917884318,
              11.004979775249614
            ],
            [
              76.9555869376218,
              11.005100105235762
            ],
            [
              76.95545940007136,
              11.005104104688195
            ],
            [
              76.95532181761347,
              11.005081883519303
            ],
            [
              76.9553197407274,
              11.004948612611987
            ],
            [
              76.95530490594464,
              11.00483338761254
            ]
          ]
        ]
      }
    },
    {
      "type": "Feature",
      "id": "FE_154",
      "properties": {
        "feature_id": "FE_154",
        "survey_candidate": "352/1",
        "area": 873.4,
        "feature_type": "Cadastral Boundary"
      },
      "geometry": {
        "type": "Polygon",
        "coordinates": [
          [
            [
              76.95557373423135,
              11.004878766076835
            ],
            [
              76.95572237301289,
              11.004863591737237
            ],
            [
              76.95585794854405,
              11.004849449552017
            ],
            [
              76.95585218508424,
              11.004991559602813
            ],
            [
              76.95585156136835,
              11.005150833159691
            ],
            [
              76.95570086878486,
              11.005124068675771
            ],
            [
              76.9555850016319,
              11.005101464393567
            ],
            [
              76.95557724285328,
              11.00498113440742
            ],
            [
              76.95557373423135,
              11.004878766076835
            ]
          ]
        ]
      }
    },
    {
      "type": "Feature",
      "id": "FE_155",
      "properties": {
        "feature_id": "FE_155",
        "survey_candidate": "353/2",
        "area": 1250.6,
        "feature_type": "Cadastral Boundary"
      },
      "geometry": {
        "type": "Polygon",
        "coordinates": [
          [
            [
              76.95585579838647,
              11.004850915574144
            ],
            [
              76.95607309904308,
              11.004863732756933
            ],
            [
              76.95626983397783,
              11.00490434961511
            ],
            [
              76.95625754019889,
              11.004985562419847
            ],
            [
              76.95623298984859,
              11.005102771094476
            ],
            [
              76.95602329920351,
              11.005127799214113
            ],
            [
              76.95584941121076,
              11.005152299181818
            ],
            [
              76.95585003492666,
              11.00499302562494
            ],
            [
              76.95585579838647,
              11.004850915574144
            ]
          ]
        ]
      }
    },
    {
      "type": "Feature",
      "id": "FE_156",
      "properties": {
        "feature_id": "FE_156",
        "survey_candidate": "354/3",
        "area": 818.1,
        "feature_type": "Cadastral Boundary"
      },
      "geometry": {
        "type": "Polygon",
        "coordinates": [
          [
            [
              76.95627299624164,
              11.004903466005954
            ],
            [
              76.95638597524922,
              11.004864563030223
            ],
            [
              76.95648455614976,
              11.004826622307117
            ],
            [
              76.95650548808652,
              11.004971368675466
            ],
            [
              76.95656252351151,
              11.005131839539692
            ],
            [
              76.95638146544276,
              11.005128802244688
            ],
            [
              76.9562361521124,
              11.00510188748532
            ],
            [
              76.9562607024627,
              11.004984678810692
            ],
            [
              76.95627299624164,
              11.004903466005954
            ]
          ]
        ]
      }
    },
    {
      "type": "Feature",
      "id": "FE_157",
      "properties": {
        "feature_id": "FE_157",
        "survey_candidate": "355/4",
        "area": 925.8,
        "feature_type": "Cadastral Boundary"
      },
      "geometry": {
        "type": "Polygon",
        "coordinates": [
          [
            [
              76.95648130939028,
              11.00482457977777
            ],
            [
              76.95664484950812,
              11.004864331695838
            ],
            [
              76.95681683850533,
              11.004896933622335
            ],
            [
              76.95681975903379,
              11.004980550908206
            ],
            [
              76.95684060840071,
              11.005077778228435
            ],
            [
              76.95671427295717,
              11.005107927107757
            ],
            [
              76.95655927675203,
              11.005129797010344
            ],
            [
              76.95650224132704,
              11.004969326146119
            ],
            [
              76.95648130939028,
              11.00482457977777
            ]
          ]
        ]
      }
    },
    {
      "type": "Feature",
      "id": "FE_158",
      "properties": {
        "feature_id": "FE_158",
        "survey_candidate": "356/1",
        "area": 958.0,
        "feature_type": "Cadastral Boundary"
      },
      "geometry": {
        "type": "Polygon",
        "coordinates": [
          [
            [
              76.9568169040924,
              11.004901048412176
            ],
            [
              76.95699681339758,
              11.004886049299225
            ],
            [
              76.9572000168443,
              11.004897164147597
            ],
            [
              76.95714734950643,
              11.005028972148772
            ],
            [
              76.95711846490626,
              11.00517026585583
            ],
            [
              76.95698176024017,
              11.005136582813316
            ],
            [
              76.95684067398778,
              11.005081893018275
            ],
            [
              76.95681982462087,
              11.004984665698046
            ],
            [
              76.9568169040924,
              11.004901048412176
            ]
          ]
        ]
      }
    },
    {
      "type": "Feature",
      "id": "FE_159",
      "properties": {
        "feature_id": "FE_159",
        "survey_candidate": "357/2",
        "area": 1229.8,
        "feature_type": "Cadastral Boundary"
      },
      "geometry": {
        "type": "Polygon",
        "coordinates": [
          [
            [
              76.95720303112408,
              11.004896243749656
            ],
            [
              76.9573131588783,
              11.004870317908571
            ],
            [
              76.95746299701534,
              11.004826610545559
            ],
            [
              76.95750859139511,
              11.00499446384795
            ],
            [
              76.95752973943358,
              11.005138070861173
            ],
            [
              76.95733810540581,
              11.005159173233737
            ],
            [
              76.95712147918604,
              11.005169345457888
            ],
            [
              76.95715036378621,
              11.00502805175083
            ],
            [
              76.95720303112408,
              11.004896243749656
            ]
          ]
        ]
      }
    },
    {
      "type": "Feature",
      "id": "FE_160",
      "properties": {
        "feature_id": "FE_160",
        "survey_candidate": "358/3",
        "area": 1092.3,
        "feature_type": "Cadastral Boundary"
      },
      "geometry": {
        "type": "Polygon",
        "coordinates": [
          [
            [
              76.95746306049385,
              11.004827935634024
            ],
            [
              76.95765523662843,
              11.00485597474464
            ],
            [
              76.9578309830348,
              11.004883994970013
            ],
            [
              76.95781851223089,
              11.004995599130943
            ],
            [
              76.95783960643094,
              11.005145311472013
            ],
            [
              76.95767062252385,
              11.005126584263515
            ],
            [
              76.95752980291209,
              11.005139395949639
            ],
            [
              76.95750865487362,
              11.004995788936416
            ],
            [
              76.95746306049385,
              11.004827935634024
            ]
          ]
        ]
      }
    },
    {
      "type": "Feature",
      "id": "FE_161",
      "properties": {
        "feature_id": "FE_161",
        "survey_candidate": "359/4",
        "area": 954.0,
        "feature_type": "Cadastral Boundary"
      },
      "geometry": {
        "type": "Polygon",
        "coordinates": [
          [
            [
              76.95783195871941,
              11.004879738933884
            ],
            [
              76.95795499011058,
              11.004883790701815
            ],
            [
              76.95811254126248,
              11.004861800554218
            ],
            [
              76.95813236528731,
              11.005012831005168
            ],
            [
              76.95812130360396,
              11.00513518797881
            ],
            [
              76.95797462808872,
              11.00514583555096
            ],
            [
              76.95784058211555,
              11.005141055435884
            ],
            [
              76.9578194879155,
              11.004991343094813
            ],
            [
              76.95783195871941,
              11.004879738933884
            ]
          ]
        ]
      }
    },
    {
      "type": "Feature",
      "id": "FE_162",
      "properties": {
        "feature_id": "FE_162",
        "survey_candidate": "360/1",
        "area": 780.9,
        "feature_type": "Cadastral Boundary"
      },
      "geometry": {
        "type": "Polygon",
        "coordinates": [
          [
            [
              76.95190275114791,
              11.00513988010787
            ],
            [
              76.95206543871005,
              11.005165714075346
            ],
            [
              76.95222201494163,
              11.005186264304319
            ],
            [
              76.95218604042007,
              11.005289025768652
            ],
            [
              76.95216291642465,
              11.005367927208054
            ],
            [
              76.95202675181898,
              11.005388267218263
            ],
            [
              76.95189547392869,
              11.005406969691792
            ],
            [
              76.95190679428204,
              11.005270166221134
            ],
            [
              76.95190275114791,
              11.00513988010787
            ]
          ]
        ]
      }
    },
    {
      "type": "Feature",
      "id": "FE_163",
      "properties": {
        "feature_id": "FE_163",
        "survey_candidate": "361/2",
        "area": 1094.3,
        "feature_type": "Cadastral Boundary"
      },
      "geometry": {
        "type": "Polygon",
        "coordinates": [
          [
            [
              76.95222050844342,
              11.00518995325504
            ],
            [
              76.95236050142776,
              11.005123196663172
            ],
            [
              76.95253153755873,
              11.005090931619739
            ],
            [
              76.95252361119942,
              11.005252012215406
            ],
            [
              76.95248490126355,
              11.005445706514251
            ],
            [
              76.95231439883807,
              11.005405377680217
            ],
            [
              76.95216140992645,
              11.005371616158776
            ],
            [
              76.95218453392187,
              11.005292714719374
            ],
            [
              76.95222050844342,
              11.00518995325504
            ]
          ]
        ]
      }
    },
    {
      "type": "Feature",
      "id": "FE_164",
      "properties": {
        "feature_id": "FE_164",
        "survey_candidate": "362/3",
        "area": 1372.8,
        "feature_type": "Cadastral Boundary"
      },
      "geometry": {
        "type": "Polygon",
        "coordinates": [
          [
            [
              76.9525349776453,
              11.005087934921328
            ],
            [
              76.95270170649412,
              11.005113198212628
            ],
            [
              76.95285890642886,
              11.005114560335965
            ],
            [
              76.95285662764431,
              11.005276541478404
            ],
            [
              76.95284783153424,
              11.005436625160383
            ],
            [
              76.9526797521033,
              11.005444969438864
            ],
            [
              76.95248834135012,
              11.00544270981584
            ],
            [
              76.952527051286,
              11.005249015516995
            ],
            [
              76.9525349776453,
              11.005087934921328
            ]
          ]
        ]
      }
    },
    {
      "type": "Feature",
      "id": "FE_165",
      "properties": {
        "feature_id": "FE_165",
        "survey_candidate": "363/4",
        "area": 945.7,
        "feature_type": "Cadastral Boundary"
      },
      "geometry": {
        "type": "Polygon",
        "coordinates": [
          [
            [
              76.95285672949042,
              11.005116433405657
            ],
            [
              76.95301507913764,
              11.005137697319975
            ],
            [
              76.95314563996328,
              11.00517743881634
            ],
            [
              76.95314842130107,
              11.005268048001682
            ],
            [
              76.95316297184134,
              11.005371875554054
            ],
            [
              76.95301150796,
              11.005397417710158
            ],
            [
              76.9528456545958,
              11.005438498230076
            ],
            [
              76.95285445070587,
              11.005278414548096
            ],
            [
              76.95285672949042,
              11.005116433405657
            ]
          ]
        ]
      }
    },
    {
      "type": "Feature",
      "id": "FE_166",
      "properties": {
        "feature_id": "FE_166",
        "survey_candidate": "364/1",
        "area": 695.6,
        "feature_type": "Cadastral Boundary"
      },
      "geometry": {
        "type": "Polygon",
        "coordinates": [
          [
            [
              76.9531475216742,
              11.005175054506797
            ],
            [
              76.95326716057431,
              11.005126334969157
            ],
            [
              76.95339520775359,
              11.005091272978676
            ],
            [
              76.95338337035005,
              11.005224435532906
            ],
            [
              76.95339983808391,
              11.005356810038693
            ],
            [
              76.95329873521922,
              11.005376586068703
            ],
            [
              76.95316485355225,
              11.005369491244512
            ],
            [
              76.95315030301198,
              11.005265663692139
            ],
            [
              76.9531475216742,
              11.005175054506797
            ]
          ]
        ]
      }
    },
    {
      "type": "Feature",
      "id": "FE_167",
      "properties": {
        "feature_id": "FE_167",
        "survey_candidate": "365/2",
        "area": 1143.9,
        "feature_type": "Cadastral Boundary"
      },
      "geometry": {
        "type": "Polygon",
        "coordinates": [
          [
            [
              76.95339090811899,
              11.005091800399397
            ],
            [
              76.95352911681381,
              11.005112767526583
            ],
            [
              76.95369409653817,
              11.005132980005609
            ],
            [
              76.95373585687541,
              11.005295545900077
            ],
            [
              76.95376094249494,
              11.005432856029326
            ],
            [
              76.95356377786668,
              11.00538969135515
            ],
            [
              76.95339553844931,
              11.005357337459413
            ],
            [
              76.95337907071546,
              11.005224962953626
            ],
            [
              76.95339090811899,
              11.005091800399397
            ]
          ]
        ]
      }
    },
    {
      "type": "Feature",
      "id": "FE_168",
      "properties": {
        "feature_id": "FE_168",
        "survey_candidate": "366/3",
        "area": 1011.1,
        "feature_type": "Cadastral Boundary"
      },
      "geometry": {
        "type": "Polygon",
        "coordinates": [
          [
            [
              76.95369805646021,
              11.00513802574337
            ],
            [
              76.9538768732479,
              11.005134183130709
            ],
            [
              76.95402294511108,
              11.00514118336777
            ],
            [
              76.95401432539273,
              11.005263765931167
            ],
            [
              76.95403163348705,
              11.005410319856207
            ],
            [
              76.95389391019206,
              11.0054275316235
            ],
            [
              76.95376490241698,
              11.005437901767088
            ],
            [
              76.95373981679745,
              11.00530059163784
            ],
            [
              76.95369805646021,
              11.00513802574337
            ]
          ]
        ]
      }
    },
    {
      "type": "Feature",
      "id": "FE_169",
      "properties": {
        "feature_id": "FE_169",
        "survey_candidate": "367/4",
        "area": 484.0,
        "feature_type": "Plot Division A"
      },
      "geometry": {
        "type": "Polygon",
        "coordinates": [
          [
            [
              76.95402199581127,
              11.005138302366642
            ],
            [
              76.95421290216333,
              11.005108118087525
            ],
            [
              76.95437839514932,
              11.0050969187198
            ],
            [
              76.95435079116542,
              11.005254135915362
            ],
            [
              76.95419012924252,
              11.00526472970859
            ],
            [
              76.95402199581127,
              11.005138302366642
            ]
          ]
        ]
      }
    },
    {
      "type": "Feature",
      "id": "FE_170",
      "properties": {
        "feature_id": "FE_170",
        "survey_candidate": "367/4",
        "area": 578.6,
        "feature_type": "Plot Division B"
      },
      "geometry": {
        "type": "Polygon",
        "coordinates": [
          [
            [
              76.95431178301646,
              11.005436918112707
            ],
            [
              76.95416625959264,
              11.00543267625104
            ],
            [
              76.95403068418725,
              11.005407438855078
            ],
            [
              76.95401337609293,
              11.005260884930038
            ],
            [
              76.95402199581127,
              11.005138302366642
            ],
            [
              76.95419012924252,
              11.00526472970859
            ],
            [
              76.95431178301646,
              11.005436918112707
            ]
          ]
        ]
      }
    },
    {
      "type": "Feature",
      "id": "FE_171",
      "properties": {
        "feature_id": "FE_171",
        "survey_candidate": "368/1",
        "area": 1429.9,
        "feature_type": "Cadastral Boundary"
      },
      "geometry": {
        "type": "Polygon",
        "coordinates": [
          [
            [
              76.95437643371314,
              11.005094911669591
            ],
            [
              76.95453013051889,
              11.005106605163968
            ],
            [
              76.95467556701601,
              11.005099566838807
            ],
            [
              76.95469601323126,
              11.005279467312963
            ],
            [
              76.95469779980627,
              11.005438789561522
            ],
            [
              76.95451707890408,
              11.005445444511016
            ],
            [
              76.95430982158028,
              11.005434911062498
            ],
            [
              76.95434882972924,
              11.005252128865152
            ],
            [
              76.95437643371314,
              11.005094911669591
            ]
          ]
        ]
      }
    },
    {
      "type": "Feature",
      "id": "FE_172",
      "properties": {
        "feature_id": "FE_172",
        "survey_candidate": "369/2",
        "area": 1075.2,
        "feature_type": "Cadastral Boundary"
      },
      "geometry": {
        "type": "Polygon",
        "coordinates": [
          [
            [
              76.95467592867374,
              11.005099667994452
            ],
            [
              76.95483358168832,
              11.005130736102597
            ],
            [
              76.95496922462709,
              11.005162227701705
            ],
            [
              76.95498860409836,
              11.005301095836412
            ],
            [
              76.95500325410127,
              11.005429250449993
            ],
            [
              76.9548565975387,
              11.005431313754622
            ],
            [
              76.954698161464,
              11.005438890717167
            ],
            [
              76.95469637488898,
              11.005279568468609
            ],
            [
              76.95467592867374,
              11.005099667994452
            ]
          ]
        ]
      }
    },
    {
      "type": "Feature",
      "id": "FE_173",
      "properties": {
        "feature_id": "FE_173",
        "survey_candidate": "370/3",
        "area": 984.6,
        "feature_type": "Cadastral Boundary"
      },
      "geometry": {
        "type": "Polygon",
        "coordinates": [
          [
            [
              76.9549705077125,
              11.005164866409546
            ],
            [
              76.95514333196328,
              11.00513965310413
            ],
            [
              76.95532027791846,
              11.005083906693393
            ],
            [
              76.95527993432736,
              11.005237010414284
            ],
            [
              76.9552302613199,
              11.00541775287659
            ],
            [
              76.95510450299786,
              11.005414533974934
            ],
            [
              76.95500453718668,
              11.005431889157833
            ],
            [
              76.95498988718377,
              11.005303734544253
            ],
            [
              76.9549705077125,
              11.005164866409546
            ]
          ]
        ]
      }
    },
    {
      "type": "Feature",
      "id": "FE_174",
      "properties": {
        "feature_id": "FE_174",
        "survey_candidate": "371/4",
        "area": 1189.8,
        "feature_type": "Cadastral Boundary"
      },
      "geometry": {
        "type": "Polygon",
        "coordinates": [
          [
            [
              76.95532195624298,
              11.005084060988585
            ],
            [
              76.95545953870088,
              11.005106282157477
            ],
            [
              76.95558707625132,
              11.005102282705044
            ],
            [
              76.95557585149785,
              11.005261113494935
            ],
            [
              76.9555790867959,
              11.005437786623448
            ],
            [
              76.95539448362436,
              11.005414801814341
            ],
            [
              76.95523193964442,
              11.005417907171783
            ],
            [
              76.95528161265189,
              11.005237164709476
            ],
            [
              76.95532195624298,
              11.005084060988585
            ]
          ]
        ]
      }
    },
    {
      "type": "Feature",
      "id": "FE_175",
      "properties": {
        "feature_id": "FE_175",
        "survey_candidate": "372/1",
        "area": 1193.9,
        "feature_type": "Cadastral Boundary"
      },
      "geometry": {
        "type": "Polygon",
        "coordinates": [
          [
            [
              76.95558363411385,
              11.005102067218864
            ],
            [
              76.9556995012668,
              11.005124671501068
            ],
            [
              76.9558501938503,
              11.005151435984988
            ],
            [
              76.95588902827357,
              11.005289834882907
            ],
            [
              76.95594176632956,
              11.005432041454423
            ],
            [
              76.9557426179303,
              11.0054445558695
            ],
            [
              76.95557564465842,
              11.005437571137268
            ],
            [
              76.95557240936039,
              11.005260898008755
            ],
            [
              76.95558363411385,
              11.005102067218864
            ]
          ]
        ]
      }
    },
    {
      "type": "Feature",
      "id": "FE_176",
      "properties": {
        "feature_id": "FE_176",
        "survey_candidate": "373/2",
        "area": 1180.9,
        "feature_type": "Cadastral Boundary"
      },
      "geometry": {
        "type": "Polygon",
        "coordinates": [
          [
            [
              76.95585451757492,
              11.005151593446659
            ],
            [
              76.95602840556766,
              11.005127093478954
            ],
            [
              76.95623809621274,
              11.005102065359317
            ],
            [
              76.95623473568592,
              11.005252724932197
            ],
            [
              76.95626241535098,
              11.00537454157147
            ],
            [
              76.95608560823862,
              11.005397494915968
            ],
            [
              76.95594609005418,
              11.005432198916093
            ],
            [
              76.9558933519982,
              11.005289992344577
            ],
            [
              76.95585451757492,
              11.005151593446659
            ]
          ]
        ]
      }
    },
    {
      "type": "Feature",
      "id": "FE_177",
      "properties": {
        "feature_id": "FE_177",
        "survey_candidate": "374/3",
        "area": 1516.9,
        "feature_type": "Consolidated Compound"
      },
      "geometry": {
        "type": "Polygon",
        "coordinates": [
          [
            [
              76.95613814487912,
              11.005101236275358
            ],
            [
              76.9563706462077,
              11.005128151034725
            ],
            [
              76.95666033911769,
              11.00513118832973
            ],
            [
              76.95667002599762,
              11.005244011263459
            ],
            [
              76.95667888357455,
              11.005359786853457
            ],
            [
              76.9564200137405,
              11.00535459295952
            ],
            [
              76.95617705550029,
              11.005373712487511
            ],
            [
              76.9561327680362,
              11.005251895848238
            ],
            [
              76.95613814487912,
              11.005101236275358
            ]
          ]
        ]
      }
    },
    {
      "type": "Feature",
      "id": "FE_178",
      "properties": {
        "feature_id": "FE_178",
        "survey_candidate": "375/4",
        "area": 1063.6,
        "feature_type": "Cadastral Boundary"
      },
      "geometry": {
        "type": "Polygon",
        "coordinates": [
          [
            [
              76.95656135085079,
              11.005128105663232
            ],
            [
              76.95671634705593,
              11.005106235760644
            ],
            [
              76.95684268249947,
              11.005076086881322
            ],
            [
              76.95688542006698,
              11.005252565931084
            ],
            [
              76.95689912623648,
              11.005433025289188
            ],
            [
              76.95674849863663,
              11.005382826514154
            ],
            [
              76.95657294113633,
              11.00535670418696
            ],
            [
              76.95656740515075,
              11.005240928596962
            ],
            [
              76.95656135085079,
              11.005128105663232
            ]
          ]
        ]
      }
    },
    {
      "type": "Feature",
      "id": "FE_179",
      "properties": {
        "feature_id": "FE_179",
        "survey_candidate": "376/1",
        "area": 895.4,
        "feature_type": "Cadastral Boundary"
      },
      "geometry": {
        "type": "Polygon",
        "coordinates": [
          [
            [
              76.95684457895929,
              11.00508211570278
            ],
            [
              76.95698566521168,
              11.005136805497822
            ],
            [
              76.95712236987777,
              11.005170488540335
            ],
            [
              76.95712806383516,
              11.00530283156086
            ],
            [
              76.95714684602613,
              11.005437104383066
            ],
            [
              76.95703104777238,
              11.005428632190927
            ],
            [
              76.9569010226963,
              11.005439054110646
            ],
            [
              76.9568873165268,
              11.005258594752542
            ],
            [
              76.95684457895929,
              11.00508211570278
            ]
          ]
        ]
      }
    },
    {
      "type": "Feature",
      "id": "FE_180",
      "properties": {
        "feature_id": "FE_180",
        "survey_candidate": "377/2",
        "area": 1148.1,
        "feature_type": "Cadastral Boundary"
      },
      "geometry": {
        "type": "Polygon",
        "coordinates": [
          [
            [
              76.95712146172566,
              11.00516937822542
            ],
            [
              76.95733808794543,
              11.005159206001268
            ],
            [
              76.9575297219732,
              11.005138103628704
            ],
            [
              76.95749512849446,
              11.005278687929438
            ],
            [
              76.95748961198058,
              11.005387667596814
            ],
            [
              76.9573277993838,
              11.005409992600457
            ],
            [
              76.95714593787403,
              11.00543599406815
            ],
            [
              76.95712715568305,
              11.005301721245944
            ],
            [
              76.95712146172566,
              11.00516937822542
            ]
          ]
        ]
      }
    },
    {
      "type": "Feature",
      "id": "FE_181",
      "properties": {
        "feature_id": "FE_181",
        "survey_candidate": "378/3",
        "area": 1027.9,
        "feature_type": "Cadastral Boundary"
      },
      "geometry": {
        "type": "Polygon",
        "coordinates": [
          [
            [
              76.95753175600383,
              11.005134776972916
            ],
            [
              76.95767257561559,
              11.005121965286792
            ],
            [
              76.95784155952268,
              11.00514069249529
            ],
            [
              76.95784394136919,
              11.005246854401237
            ],
            [
              76.95784598961727,
              11.005378944545203
            ],
            [
              76.9576812658303,
              11.005380527524093
            ],
            [
              76.9574916460112,
              11.005384340941026
            ],
            [
              76.95749716252509,
              11.00527536127365
            ],
            [
              76.95753175600383,
              11.005134776972916
            ]
          ]
        ]
      }
    },
    {
      "type": "Feature",
      "id": "FE_182",
      "properties": {
        "feature_id": "FE_182",
        "survey_candidate": "379/4",
        "area": 874.0,
        "feature_type": "Cadastral Boundary"
      },
      "geometry": {
        "type": "Polygon",
        "coordinates": [
          [
            [
              76.9578395157806,
              11.005141256750598
            ],
            [
              76.95797356175378,
              11.005146036865675
            ],
            [
              76.95812023726901,
              11.005135389293525
            ],
            [
              76.95811521620745,
              11.0052695587623
            ],
            [
              76.95812869421678,
              11.00540865680704
            ],
            [
              76.95800435456654,
              11.005411519209217
            ],
            [
              76.9578439458752,
              11.00537950880051
            ],
            [
              76.95784189762712,
              11.005247418656545
            ],
            [
              76.9578395157806,
              11.005141256750598
            ]
          ]
        ]
      }
    },
    {
      "type": "Feature",
      "id": "FE_183",
      "properties": {
        "feature_id": "FE_183",
        "survey_candidate": "380/1",
        "area": 877.0,
        "feature_type": "Cadastral Boundary"
      },
      "geometry": {
        "type": "Polygon",
        "coordinates": [
          [
            [
              76.95189441678376,
              11.005407639809185
            ],
            [
              76.95202569467405,
              11.005388937335656
            ],
            [
              76.95216185927973,
              11.005368597325447
            ],
            [
              76.95214472372635,
              11.005508983072893
            ],
            [
              76.95213944142654,
              11.005641617783507
            ],
            [
              76.95203153699485,
              11.005669359577272
            ],
            [
              76.95188601970163,
              11.005674289685425
            ],
            [
              76.95187770541608,
              11.005535930675244
            ],
            [
              76.95189441678376,
              11.005407639809185
            ]
          ]
        ]
      }
    },
    {
      "type": "Feature",
      "id": "FE_184",
      "properties": {
        "feature_id": "FE_184",
        "survey_candidate": "381/2",
        "area": 1089.4,
        "feature_type": "Cadastral Boundary"
      },
      "geometry": {
        "type": "Polygon",
        "coordinates": [
          [
            [
              76.952161409429,
              11.005368666648689
            ],
            [
              76.95231439834062,
              11.00540242817013
            ],
            [
              76.9524849007661,
              11.005442757004165
            ],
            [
              76.95246572632551,
              11.005558251204876
            ],
            [
              76.95247838549281,
              11.005705854223555
            ],
            [
              76.95229860517937,
              11.005678852111696
            ],
            [
              76.95213899157581,
              11.005641687106749
            ],
            [
              76.95214427387562,
              11.005509052396135
            ],
            [
              76.952161409429,
              11.005368666648689
            ]
          ]
        ]
      }
    },
    {
      "type": "Feature",
      "id": "FE_185",
      "properties": {
        "feature_id": "FE_185",
        "survey_candidate": "382/3",
        "area": 1100.6,
        "feature_type": "Cadastral Boundary"
      },
      "geometry": {
        "type": "Polygon",
        "coordinates": [
          [
            [
              76.95248461610191,
              11.00544755162563
            ],
            [
              76.95267602685509,
              11.005449811248655
            ],
            [
              76.95284410628604,
              11.005441466970174
            ],
            [
              76.95285752553218,
              11.005552216746903
            ],
            [
              76.95285453739767,
              11.005650569084706
            ],
            [
              76.95265028999205,
              11.005693058639842
            ],
            [
              76.95247810082863,
              11.005710648845021
            ],
            [
              76.95246544166133,
              11.005563045826342
            ],
            [
              76.95248461610191,
              11.00544755162563
            ]
          ]
        ]
      }
    },
    {
      "type": "Feature",
      "id": "FE_186",
      "properties": {
        "feature_id": "FE_186",
        "survey_candidate": "383/4",
        "area": 855.9,
        "feature_type": "Cadastral Boundary"
      },
      "geometry": {
        "type": "Polygon",
        "coordinates": [
          [
            [
              76.95284592134438,
              11.00544190995551
            ],
            [
              76.95301177470857,
              11.005400829435592
            ],
            [
              76.95316323858991,
              11.005375287279488
            ],
            [
              76.95313913971553,
              11.005521416543877
            ],
            [
              76.95312726114169,
              11.005660994126442
            ],
            [
              76.95300241933676,
              11.005647825192394
            ],
            [
              76.95285635245601,
              11.005651012070041
            ],
            [
              76.95285934059052,
              11.005552659732238
            ],
            [
              76.95284592134438,
              11.00544190995551
            ]
          ]
        ]
      }
    },
    {
      "type": "Feature",
      "id": "FE_187",
      "properties": {
        "feature_id": "FE_187",
        "survey_candidate": "384/1",
        "area": 1099.2,
        "feature_type": "Cadastral Boundary"
      },
      "geometry": {
        "type": "Polygon",
        "coordinates": [
          [
            [
              76.95316143238885,
              11.005373352396433
            ],
            [
              76.95329531405582,
              11.005380447220624
            ],
            [
              76.95339641692051,
              11.005360671190614
            ],
            [
              76.95345047686011,
              11.005523646032719
            ],
            [
              76.95347023854168,
              11.005670904350852
            ],
            [
              76.95329532476327,
              11.005681049516479
            ],
            [
              76.95312545494063,
              11.005659059243387
            ],
            [
              76.95313733351448,
              11.005519481660821
            ],
            [
              76.95316143238885,
              11.005373352396433
            ]
          ]
        ]
      }
    },
    {
      "type": "Feature",
      "id": "FE_188",
      "properties": {
        "feature_id": "FE_188",
        "survey_candidate": "385/2",
        "area": 972.4,
        "feature_type": "Cadastral Boundary"
      },
      "geometry": {
        "type": "Polygon",
        "coordinates": [
          [
            [
              76.95339803441517,
              11.005357294865417
            ],
            [
              76.95356627383254,
              11.005389648761154
            ],
            [
              76.9537634384608,
              11.00543281343533
            ],
            [
              76.95378555464806,
              11.005521141522808
            ],
            [
              76.95377555019253,
              11.005624547761194
            ],
            [
              76.95361763628831,
              11.005629001368822
            ],
            [
              76.95347185603634,
              11.005667528025656
            ],
            [
              76.95345209435477,
              11.005520269707523
            ],
            [
              76.95339803441517,
              11.005357294865417
            ]
          ]
        ]
      }
    },
    {
      "type": "Feature",
      "id": "FE_189",
      "properties": {
        "feature_id": "FE_189",
        "survey_candidate": "386/3",
        "area": 759.4,
        "feature_type": "Cadastral Boundary"
      },
      "geometry": {
        "type": "Polygon",
        "coordinates": [
          [
            [
              76.95376653255802,
              11.005435268219037
            ],
            [
              76.95389554033311,
              11.005424898075448
            ],
            [
              76.95403326362809,
              11.005407686308155
            ],
            [
              76.9540738135224,
              11.005526747926396
            ],
            [
              76.95409139618828,
              11.005632338973399
            ],
            [
              76.95392436312824,
              11.005647470173319
            ],
            [
              76.95377864428976,
              11.0056270025449
            ],
            [
              76.95378864874529,
              11.005523596306514
            ],
            [
              76.95376653255802,
              11.005435268219037
            ]
          ]
        ]
      }
    },
    {
      "type": "Feature",
      "id": "FE_190",
      "properties": {
        "feature_id": "FE_190",
        "survey_candidate": "387/4",
        "area": 747.5,
        "feature_type": "Cadastral Boundary"
      },
      "geometry": {
        "type": "Polygon",
        "coordinates": [
          [
            [
              76.95403254219677,
              11.005406690792036
            ],
            [
              76.95416811760217,
              11.005431928187997
            ],
            [
              76.95431364102599,
              11.005436170049665
            ],
            [
              76.95436374222595,
              11.005538859972498
            ],
            [
              76.95440024616312,
              11.005639459953601
            ],
            [
              76.95426283736535,
              11.005647609652321
            ],
            [
              76.95409067475696,
              11.00563134345728
            ],
            [
              76.95407309209108,
              11.005525752410277
            ],
            [
              76.95403254219677,
              11.005406690792036
            ]
          ]
        ]
      }
    },
    {
      "type": "Feature",
      "id": "FE_191",
      "properties": {
        "feature_id": "FE_191",
        "survey_candidate": "388/1",
        "area": 723.9,
        "feature_type": "Cadastral Boundary"
      },
      "geometry": {
        "type": "Polygon",
        "coordinates": [
          [
            [
              76.95431039229007,
              11.005439291274035
            ],
            [
              76.95451764961386,
              11.005449824722554
            ],
            [
              76.95469837051606,
              11.00544316977306
            ],
            [
              76.95465143903034,
              11.005545789843525
            ],
            [
              76.95461464030278,
              11.00565929004012
            ],
            [
              76.95449120182924,
              11.00564326477505
            ],
            [
              76.9543969974272,
              11.005642581177971
            ],
            [
              76.95436049349003,
              11.005541981196869
            ],
            [
              76.95431039229007,
              11.005439291274035
            ]
          ]
        ]
      }
    },
    {
      "type": "Feature",
      "id": "FE_192",
      "properties": {
        "feature_id": "FE_192",
        "survey_candidate": "389/2",
        "area": 940.5,
        "feature_type": "Cadastral Boundary"
      },
      "geometry": {
        "type": "Polygon",
        "coordinates": [
          [
            [
              76.95470171378095,
              11.00544022244857
            ],
            [
              76.95486014985565,
              11.005432645486025
            ],
            [
              76.95500680641823,
              11.005430582181395
            ],
            [
              76.95501929996081,
              11.005537150642892
            ],
            [
              76.95499896400497,
              11.005644806233784
            ],
            [
              76.95479390487317,
              11.00565797232297
            ],
            [
              76.95461798356767,
              11.00565634271563
            ],
            [
              76.95465478229524,
              11.005542842519036
            ],
            [
              76.95470171378095,
              11.00544022244857
            ]
          ]
        ]
      }
    },
    {
      "type": "Feature",
      "id": "FE_193",
      "properties": {
        "feature_id": "FE_193",
        "survey_candidate": "390/3",
        "area": 688.3,
        "feature_type": "Cadastral Boundary"
      },
      "geometry": {
        "type": "Polygon",
        "coordinates": [
          [
            [
              76.9550042970854,
              11.005432943860248
            ],
            [
              76.95510426289657,
              11.005415588677348
            ],
            [
              76.95523002121861,
              11.005418807579005
            ],
            [
              76.9552479477475,
              11.00555684554017
            ],
            [
              76.95529688263501,
              11.00566761013353
            ],
            [
              76.95512969717194,
              11.005648604011201
            ],
            [
              76.95499645467214,
              11.005647167912636
            ],
            [
              76.95501679062798,
              11.005539512321745
            ],
            [
              76.9550042970854,
              11.005432943860248
            ]
          ]
        ]
      }
    },
    {
      "type": "Feature",
      "id": "FE_194",
      "properties": {
        "feature_id": "FE_194",
        "survey_candidate": "391/4",
        "area": 1004.9,
        "feature_type": "Cadastral Boundary"
      },
      "geometry": {
        "type": "Polygon",
        "coordinates": [
          [
            [
              76.95522813377663,
              11.005415317957082
            ],
            [
              76.95539067775657,
              11.00541221259964
            ],
            [
              76.9555752809281,
              11.005435197408747
            ],
            [
              76.95559272920092,
              11.00556871227107
            ],
            [
              76.95558560165139,
              11.005671845477401
            ],
            [
              76.95544946369594,
              11.00566898257225
            ],
            [
              76.95529499519303,
              11.005664120511607
            ],
            [
              76.95524606030551,
              11.005553355918247
            ],
            [
              76.95522813377663,
              11.005415317957082
            ]
          ]
        ]
      }
    },
    {
      "type": "Feature",
      "id": "FE_195",
      "properties": {
        "feature_id": "FE_195",
        "survey_candidate": "392/1",
        "area": 943.4,
        "feature_type": "Cadastral Boundary"
      },
      "geometry": {
        "type": "Polygon",
        "coordinates": [
          [
            [
              76.95557554820067,
              11.005439825732415
            ],
            [
              76.95574252147254,
              11.005446810464647
            ],
            [
              76.9559416698718,
              11.00543429604957
            ],
            [
              76.95592426904012,
              11.005548134683407
            ],
            [
              76.95588733869135,
              11.005691188490918
            ],
            [
              76.95572858345227,
              11.005667553325477
            ],
            [
              76.95558586892396,
              11.005676473801069
            ],
            [
              76.95559299647348,
              11.005573340594738
            ],
            [
              76.95557554820067,
              11.005439825732415
            ]
          ]
        ]
      }
    },
    {
      "type": "Feature",
      "id": "FE_196",
      "properties": {
        "feature_id": "FE_196",
        "survey_candidate": "393/2",
        "area": 1090.0,
        "feature_type": "Cadastral Boundary"
      },
      "geometry": {
        "type": "Polygon",
        "coordinates": [
          [
            [
              76.9559452873649,
              11.00543408261438
            ],
            [
              76.95608480554934,
              11.005399378614255
            ],
            [
              76.95626161266169,
              11.005376425269757
            ],
            [
              76.95623279711585,
              11.005556122315515
            ],
            [
              76.95617968256826,
              11.005714352633712
            ],
            [
              76.95603358959963,
              11.005688657481901
            ],
            [
              76.95589095618445,
              11.005690975055728
            ],
            [
              76.95592788653322,
              11.005547921248217
            ],
            [
              76.9559452873649,
              11.00543408261438
            ]
          ]
        ]
      }
    },
    {
      "type": "Feature",
      "id": "FE_197",
      "properties": {
        "feature_id": "FE_197",
        "survey_candidate": "394/3",
        "area": 1381.4,
        "feature_type": "Cadastral Boundary"
      },
      "geometry": {
        "type": "Polygon",
        "coordinates": [
          [
            [
              76.95625825805845,
              11.005374700663888
            ],
            [
              76.95641010695859,
              11.005355581135897
            ],
            [
              76.95657190060487,
              11.005360775029834
            ],
            [
              76.9565599030057,
              11.005524036508712
            ],
            [
              76.956552476092,
              11.00569435659819
            ],
            [
              76.95634489796201,
              11.005704045730528
            ],
            [
              76.95617632796503,
              11.005712628027842
            ],
            [
              76.95622944251261,
              11.005554397709645
            ],
            [
              76.95625825805845,
              11.005374700663888
            ]
          ]
        ]
      }
    },
    {
      "type": "Feature",
      "id": "FE_198",
      "properties": {
        "feature_id": "FE_198",
        "survey_candidate": "395/4",
        "area": 1232.7,
        "feature_type": "Cadastral Boundary"
      },
      "geometry": {
        "type": "Polygon",
        "coordinates": [
          [
            [
              76.95657480939968,
              11.005362782833773
            ],
            [
              76.95675036689998,
              11.005388905160967
            ],
            [
              76.95690099449983,
              11.005439103936
            ],
            [
              76.9568960513395,
              11.00555793440566
            ],
            [
              76.95689520033511,
              11.005693795235741
            ],
            [
              76.95672243853687,
              11.005699212151704
            ],
            [
              76.95655538488681,
              11.005696364402128
            ],
            [
              76.95656281180051,
              11.005526044312651
            ],
            [
              76.95657480939968,
              11.005362782833773
            ]
          ]
        ]
      }
    },
    {
      "type": "Feature",
      "id": "FE_199",
      "properties": {
        "feature_id": "FE_199",
        "survey_candidate": "396/1",
        "area": 719.0,
        "feature_type": "Cadastral Boundary"
      },
      "geometry": {
        "type": "Polygon",
        "coordinates": [
          [
            [
              76.9569003180032,
              11.00543753234959
            ],
            [
              76.95703034307928,
              11.005427110429872
            ],
            [
              76.95714614133304,
              11.005435582622011
            ],
            [
              76.95715956804135,
              11.005527782674914
            ],
            [
              76.95717050056129,
              11.005635069905022
            ],
            [
              76.95703914194178,
              11.005648731811092
            ],
            [
              76.95689452383849,
              11.005692223649332
            ],
            [
              76.95689537484287,
              11.00555636281925
            ],
            [
              76.9569003180032,
              11.00543753234959
            ]
          ]
        ]
      }
    },
    {
      "type": "Feature",
      "id": "FE_200",
      "properties": {
        "feature_id": "FE_200",
        "survey_candidate": "397/2",
        "area": 1023.5,
        "feature_type": "Cadastral Boundary"
      },
      "geometry": {
        "type": "Polygon",
        "coordinates": [
          [
            [
              76.95714429019226,
              11.005433573291219
            ],
            [
              76.95732615170203,
              11.005407571823525
            ],
            [
              76.9574879642988,
              11.005385246819882
            ],
            [
              76.95751579127123,
              11.005517922828396
            ],
            [
              76.95751904289313,
              11.005661063776136
            ],
            [
              76.95734489723688,
              11.005647325920421
            ],
            [
              76.95716864942051,
              11.00563306057423
            ],
            [
              76.95715771690057,
              11.005525773344122
            ],
            [
              76.95714429019226,
              11.005433573291219
            ]
          ]
        ]
      }
    },
    {
      "type": "Feature",
      "id": "FE_201",
      "properties": {
        "feature_id": "FE_201",
        "survey_candidate": "398/3",
        "area": 1147.6,
        "feature_type": "Cadastral Boundary"
      },
      "geometry": {
        "type": "Polygon",
        "coordinates": [
          [
            [
              76.9574878939325,
              11.005385471270058
            ],
            [
              76.95767751375159,
              11.005381657853125
            ],
            [
              76.95784223753856,
              11.005380074874235
            ],
            [
              76.95781844537512,
              11.005538719634703
            ],
            [
              76.95779746338874,
              11.005714644677502
            ],
            [
              76.95765379952543,
              11.005686891525997
            ],
            [
              76.95751897252681,
              11.005661288226312
            ],
            [
              76.95751572090492,
              11.005518147278572
            ],
            [
              76.9574878939325,
              11.005385471270058
            ]
          ]
        ]
      }
    },
    {
      "type": "Feature",
      "id": "FE_202",
      "properties": {
        "feature_id": "FE_202",
        "survey_candidate": "399/4",
        "area": 1077.7,
        "feature_type": "Cadastral Boundary"
      },
      "geometry": {
        "type": "Polygon",
        "coordinates": [
          [
            [
              76.95784137850605,
              11.005377711488165
            ],
            [
              76.95800178719739,
              11.005409721896871
            ],
            [
              76.95812612684763,
              11.005406859494695
            ],
            [
              76.95812549349867,
              11.005544372181465
            ],
            [
              76.95813352296773,
              11.005679710480365
            ],
            [
              76.95795512740689,
              11.00567858402852
            ],
            [
              76.95779660435623,
              11.005712281291432
            ],
            [
              76.95781758634261,
              11.005536356248633
            ],
            [
              76.95784137850605,
              11.005377711488165
            ]
          ]
        ]
      }
    },
    {
      "type": "Feature",
      "id": "FE_203",
      "properties": {
        "feature_id": "FE_203",
        "survey_candidate": "400/1",
        "area": 973.7,
        "feature_type": "Cadastral Boundary"
      },
      "geometry": {
        "type": "Polygon",
        "coordinates": [
          [
            [
              76.95188581082382,
              11.00567392920112
            ],
            [
              76.95203132811704,
              11.005668999092967
            ],
            [
              76.95213923254873,
              11.005641257299201
            ],
            [
              76.9521869471593,
              11.005782011198969
            ],
            [
              76.95220722611596,
              11.005918446320557
            ],
            [
              76.95205308576013,
              11.005937905171288
            ],
            [
              76.95187704396514,
              11.005940433886733
            ],
            [
              76.95189247373162,
              11.005792864939826
            ],
            [
              76.95188581082382,
              11.00567392920112
            ]
          ]
        ]
      }
    },
    {
      "type": "Feature",
      "id": "FE_204",
      "properties": {
        "feature_id": "FE_204",
        "survey_candidate": "401/2",
        "area": 893.4,
        "feature_type": "Cadastral Boundary"
      },
      "geometry": {
        "type": "Polygon",
        "coordinates": [
          [
            [
              76.95214202287613,
              11.00564640287142
            ],
            [
              76.95230163647969,
              11.005683567876368
            ],
            [
              76.95248141679313,
              11.005710569988226
            ],
            [
              76.95248922625383,
              11.00581288841182
            ],
            [
              76.95247128315162,
              11.005932226499484
            ],
            [
              76.95234250571303,
              11.0059391932974
            ],
            [
              76.95221001644336,
              11.005923591892776
            ],
            [
              76.9521897374867,
              11.005787156771188
            ],
            [
              76.95214202287613,
              11.00564640287142
            ]
          ]
        ]
      }
    },
    {
      "type": "Feature",
      "id": "FE_205",
      "properties": {
        "feature_id": "FE_205",
        "survey_candidate": "402/3",
        "area": 1006.0,
        "feature_type": "Cadastral Boundary"
      },
      "geometry": {
        "type": "Polygon",
        "coordinates": [
          [
            [
              76.95248203171903,
              11.005705593657837
            ],
            [
              76.95265422088245,
              11.005688003452658
            ],
            [
              76.95285846828807,
              11.005645513897521
            ],
            [
              76.95283868540258,
              11.005765930866405
            ],
            [
              76.9527891796162,
              11.005914272333174
            ],
            [
              76.9526291119491,
              11.005927793881941
            ],
            [
              76.95247189807752,
              11.005927250169094
            ],
            [
              76.95248984117973,
              11.00580791208143
            ],
            [
              76.95248203171903,
              11.005705593657837
            ]
          ]
        ]
      }
    },
    {
      "type": "Feature",
      "id": "FE_206",
      "properties": {
        "feature_id": "FE_206",
        "survey_candidate": "403/4",
        "area": 899.5,
        "feature_type": "Cadastral Boundary"
      },
      "geometry": {
        "type": "Polygon",
        "coordinates": [
          [
            [
              76.95285662925602,
              11.005650965367906
            ],
            [
              76.95300269613676,
              11.005647778490259
            ],
            [
              76.9531275379417,
              11.005660947424307
            ],
            [
              76.95308603723127,
              11.005793825014418
            ],
            [
              76.95306492070591,
              11.005930572507074
            ],
            [
              76.9529085087692,
              11.005935089055821
            ],
            [
              76.95278734058415,
              11.005919723803558
            ],
            [
              76.95283684637053,
              11.005771382336789
            ],
            [
              76.95285662925602,
              11.005650965367906
            ]
          ]
        ]
      }
    },
    {
      "type": "Feature",
      "id": "FE_207",
      "properties": {
        "feature_id": "FE_207",
        "survey_candidate": "404/1",
        "area": 1182.5,
        "feature_type": "Cadastral Boundary"
      },
      "geometry": {
        "type": "Polygon",
        "coordinates": [
          [
            [
              76.95312775222992,
              11.005657406351895
            ],
            [
              76.95329762205256,
              11.005679396624988
            ],
            [
              76.95347253583097,
              11.005669251459361
            ],
            [
              76.95345157437455,
              11.005810369830398
            ],
            [
              76.95346337457087,
              11.00595132926919
            ],
            [
              76.95324585469312,
              11.005928363392012
            ],
            [
              76.95306513499413,
              11.005927031434663
            ],
            [
              76.9530862515195,
              11.005790283942007
            ],
            [
              76.95312775222992,
              11.005657406351895
            ]
          ]
        ]
      }
    },
    {
      "type": "Feature",
      "id": "FE_208",
      "properties": {
        "feature_id": "FE_208",
        "survey_candidate": "405/2",
        "area": 1190.3,
        "feature_type": "Cadastral Boundary"
      },
      "geometry": {
        "type": "Polygon",
        "coordinates": [
          [
            [
              76.95347358481195,
              11.005666660426527
            ],
            [
              76.95361936506391,
              11.005628133769694
            ],
            [
              76.95377727896813,
              11.005623680162065
            ],
            [
              76.95376913457598,
              11.00576411706059
            ],
            [
              76.95377016339194,
              11.00594191416236
            ],
            [
              76.95361791395263,
              11.005962931156386
            ],
            [
              76.95346442355185,
              11.005948738236356
            ],
            [
              76.95345262335553,
              11.005807778797564
            ],
            [
              76.95347358481195,
              11.005666660426527
            ]
          ]
        ]
      }
    },
    {
      "type": "Feature",
      "id": "FE_209",
      "properties": {
        "feature_id": "FE_209",
        "survey_candidate": "406/3",
        "area": 1029.3,
        "feature_type": "Cadastral Boundary"
      },
      "geometry": {
        "type": "Polygon",
        "coordinates": [
          [
            [
              76.9537750580361,
              11.005624764139291
            ],
            [
              76.95392077687458,
              11.00564523176771
            ],
            [
              76.95408780993462,
              11.00563010056779
            ],
            [
              76.9540557795117,
              11.005794612361374
            ],
            [
              76.95401275180708,
              11.00593605134343
            ],
            [
              76.9539005633537,
              11.005928406650275
            ],
            [
              76.9537679424599,
              11.005942998139586
            ],
            [
              76.95376691364395,
              11.005765201037816
            ],
            [
              76.9537750580361,
              11.005624764139291
            ]
          ]
        ]
      }
    },
    {
      "type": "Feature",
      "id": "FE_210",
      "properties": {
        "feature_id": "FE_210",
        "survey_candidate": "407/4",
        "area": 1001.4,
        "feature_type": "Cadastral Boundary"
      },
      "geometry": {
        "type": "Polygon",
        "coordinates": [
          [
            [
              76.95408707502463,
              11.00562957119506
            ],
            [
              76.95425923763302,
              11.005645837390102
            ],
            [
              76.9543966464308,
              11.005637687691381
            ],
            [
              76.95435598484836,
              11.005781550243116
            ],
            [
              76.95429114038733,
              11.005909886944963
            ],
            [
              76.95416633272723,
              11.005916654935573
            ],
            [
              76.9540120168971,
              11.005935521970699
            ],
            [
              76.95405504460172,
              11.005794082988643
            ],
            [
              76.95408707502463,
              11.00562957119506
            ]
          ]
        ]
      }
    },
    {
      "type": "Feature",
      "id": "FE_211",
      "properties": {
        "feature_id": "FE_211",
        "survey_candidate": "408/1",
        "area": 987.6,
        "feature_type": "Cadastral Boundary"
      },
      "geometry": {
        "type": "Polygon",
        "coordinates": [
          [
            [
              76.95439788457034,
              11.00563790564079
            ],
            [
              76.95449208897239,
              11.005638589237869
            ],
            [
              76.95461552744592,
              11.005654614502937
            ],
            [
              76.95463235659265,
              11.005777601833428
            ],
            [
              76.95465295502113,
              11.00593976556889
            ],
            [
              76.95448837629901,
              11.00593369258777
            ],
            [
              76.95429237852687,
              11.00591010489437
            ],
            [
              76.95435722298791,
              11.005781768192524
            ],
            [
              76.95439788457034,
              11.00563790564079
            ]
          ]
        ]
      }
    },
    {
      "type": "Feature",
      "id": "FE_212",
      "properties": {
        "feature_id": "FE_212",
        "survey_candidate": "409/2",
        "area": 1254.6,
        "feature_type": "Cadastral Boundary"
      },
      "geometry": {
        "type": "Polygon",
        "coordinates": [
          [
            [
              76.95461725369955,
              11.005654145652656
            ],
            [
              76.95479317500505,
              11.005655775259996
            ],
            [
              76.95499823413685,
              11.00564260917081
            ],
            [
              76.95500831273276,
              11.005787732726613
            ],
            [
              76.95499382699981,
              11.005928991745753
            ],
            [
              76.95484336127494,
              11.005934007575195
            ],
            [
              76.95465468127476,
              11.005939296718608
            ],
            [
              76.95463408284628,
              11.005777132983146
            ],
            [
              76.95461725369955,
              11.005654145652656
            ]
          ]
        ]
      }
    },
    {
      "type": "Feature",
      "id": "FE_213",
      "properties": {
        "feature_id": "FE_213",
        "survey_candidate": "410/3",
        "area": 939.8,
        "feature_type": "Cadastral Boundary"
      },
      "geometry": {
        "type": "Polygon",
        "coordinates": [
          [
            [
              76.9549960113516,
              11.005644824599887
            ],
            [
              76.9551292538514,
              11.005646260698452
            ],
            [
              76.95529643931447,
              11.005665266820781
            ],
            [
              76.95527576923503,
              11.005778141022283
            ],
            [
              76.9552836125466,
              11.005907794280882
            ],
            [
              76.95513838585165,
              11.005930339928558
            ],
            [
              76.95499160421456,
              11.00593120717483
            ],
            [
              76.9550060899475,
              11.005789948155691
            ],
            [
              76.9549960113516,
              11.005644824599887
            ]
          ]
        ]
      }
    },
    {
      "type": "Feature",
      "id": "FE_214",
      "properties": {
        "feature_id": "FE_214",
        "survey_candidate": "411/4",
        "area": 1065.4,
        "feature_type": "Cadastral Boundary"
      },
      "geometry": {
        "type": "Polygon",
        "coordinates": [
          [
            [
              76.95535720312833,
              11.005664697276012
            ],
            [
              76.95551167163124,
              11.005669559336654
            ],
            [
              76.9556478095867,
              11.005672422241807
            ],
            [
              76.95565296658319,
              11.005836374939054
            ],
            [
              76.95566400312794,
              11.005977055401056
            ],
            [
              76.9555083220892,
              11.005953742074274
            ],
            [
              76.95534437636046,
              11.005907224736113
            ],
            [
              76.9553365330489,
              11.005777571477514
            ],
            [
              76.95535720312833,
              11.005664697276012
            ]
          ]
        ]
      }
    },
    {
      "type": "Feature",
      "id": "FE_215",
      "properties": {
        "feature_id": "FE_215",
        "survey_candidate": "412/1",
        "area": 1111.8,
        "feature_type": "Cadastral Boundary"
      },
      "geometry": {
        "type": "Polygon",
        "coordinates": [
          [
            [
              76.95558876655524,
              11.005672947769664
            ],
            [
              76.95573148108355,
              11.005664027294072
            ],
            [
              76.95589023632263,
              11.005687662459513
            ],
            [
              76.95593863911093,
              11.005801268415166
            ],
            [
              76.95595733068221,
              11.005907214144242
            ],
            [
              76.95576420791487,
              11.005948189490143
            ],
            [
              76.95560496009648,
              11.005977580928914
            ],
            [
              76.95559392355173,
              11.005836900466912
            ],
            [
              76.95558876655524,
              11.005672947769664
            ]
          ]
        ]
      }
    },
    {
      "type": "Feature",
      "id": "FE_216",
      "properties": {
        "feature_id": "FE_216",
        "survey_candidate": "413/2",
        "area": 712.7,
        "feature_type": "Cadastral Boundary"
      },
      "geometry": {
        "type": "Polygon",
        "coordinates": [
          [
            [
              76.95589131859886,
              11.005691025980235
            ],
            [
              76.95603395201404,
              11.005688708406408
            ],
            [
              76.95618004498267,
              11.005714403558219
            ],
            [
              76.95617929588583,
              11.005816594871717
            ],
            [
              76.95619747160949,
              11.005947009352205
            ],
            [
              76.95607496225422,
              11.005935623699216
            ],
            [
              76.95595841295844,
              11.005910577664965
            ],
            [
              76.95593972138715,
              11.005804631935888
            ],
            [
              76.95589131859886,
              11.005691025980235
            ]
          ]
        ]
      }
    },
    {
      "type": "Feature",
      "id": "FE_217",
      "properties": {
        "feature_id": "FE_217",
        "survey_candidate": "414/3",
        "area": 1061.8,
        "feature_type": "Cadastral Boundary"
      },
      "geometry": {
        "type": "Polygon",
        "coordinates": [
          [
            [
              76.95617952986352,
              11.005708994779203
            ],
            [
              76.9563480998605,
              11.00570041248189
            ],
            [
              76.9565556779905,
              11.00569072334955
            ],
            [
              76.95655570693143,
              11.005805083263901
            ],
            [
              76.95657476144672,
              11.005926049726195
            ],
            [
              76.95640078402498,
              11.005928518327918
            ],
            [
              76.95619695649033,
              11.00594160057319
            ],
            [
              76.95617878076668,
              11.005811186092702
            ],
            [
              76.95617952986352,
              11.005708994779203
            ]
          ]
        ]
      }
    },
    {
      "type": "Feature",
      "id": "FE_218",
      "properties": {
        "feature_id": "FE_218",
        "survey_candidate": "415/4",
        "area": 1120.9,
        "feature_type": "Cadastral Boundary"
      },
      "geometry": {
        "type": "Polygon",
        "coordinates": [
          [
            [
              76.95655184866838,
              11.005694112319281
            ],
            [
              76.95671890231844,
              11.005696960068857
            ],
            [
              76.95689166411668,
              11.005691543152894
            ],
            [
              76.95691764827819,
              11.005815101881543
            ],
            [
              76.95690882392192,
              11.005972893679308
            ],
            [
              76.95675923941376,
              11.005967287576588
            ],
            [
              76.9565709321246,
              11.005929438695926
            ],
            [
              76.95655187760931,
              11.005808472233632
            ],
            [
              76.95655184866838,
              11.005694112319281
            ]
          ]
        ]
      }
    },
    {
      "type": "Feature",
      "id": "FE_219",
      "properties": {
        "feature_id": "FE_219",
        "survey_candidate": "416/1",
        "area": 1056.4,
        "feature_type": "Cadastral Boundary"
      },
      "geometry": {
        "type": "Polygon",
        "coordinates": [
          [
            [
              76.95689118056798,
              11.0056918294125
            ],
            [
              76.95703579867127,
              11.00564833757426
            ],
            [
              76.95716715729078,
              11.00563467566819
            ],
            [
              76.95720626335624,
              11.005781107925685
            ],
            [
              76.95720955790925,
              11.005923252191353
            ],
            [
              76.95705343594085,
              11.005959053390178
            ],
            [
              76.95690834037322,
              11.005973179938914
            ],
            [
              76.95691716472949,
              11.00581538814115
            ],
            [
              76.95689118056798,
              11.0056918294125
            ]
          ]
        ]
      }
    },
    {
      "type": "Feature",
      "id": "FE_220",
      "properties": {
        "feature_id": "FE_220",
        "survey_candidate": "417/2",
        "area": 976.3,
        "feature_type": "Cadastral Boundary"
      },
      "geometry": {
        "type": "Polygon",
        "coordinates": [
          [
            [
              76.95717043443601,
              11.005634217633503
            ],
            [
              76.95734668225238,
              11.005648482979694
            ],
            [
              76.95752082790862,
              11.00566222083541
            ],
            [
              76.95750413583761,
              11.005802643886089
            ],
            [
              76.95747749442606,
              11.005904976101256
            ],
            [
              76.95733075662952,
              11.005917756992465
            ],
            [
              76.95721283505448,
              11.005922794156666
            ],
            [
              76.95720954050147,
              11.005780649890998
            ],
            [
              76.95717043443601,
              11.005634217633503
            ]
          ]
        ]
      }
    },
    {
      "type": "Feature",
      "id": "FE_221",
      "properties": {
        "feature_id": "FE_221",
        "survey_candidate": "418/3",
        "area": 910.5,
        "feature_type": "Cadastral Boundary"
      },
      "geometry": {
        "type": "Polygon",
        "coordinates": [
          [
            [
              76.95752253104709,
              11.005661282504926
            ],
            [
              76.95765735804571,
              11.00568688580461
            ],
            [
              76.95780102190902,
              11.005714638956116
            ],
            [
              76.9578112466591,
              11.00582636643628
            ],
            [
              76.95780031295749,
              11.005950383143539
            ],
            [
              76.95762230007833,
              11.005937235040271
            ],
            [
              76.95747919756452,
              11.005904037770772
            ],
            [
              76.95750583897608,
              11.005801705555605
            ],
            [
              76.95752253104709,
              11.005661282504926
            ]
          ]
        ]
      }
    },
    {
      "type": "Feature",
      "id": "FE_222",
      "properties": {
        "feature_id": "FE_222",
        "survey_candidate": "419/4",
        "area": 1091.7,
        "feature_type": "Cadastral Boundary"
      },
      "geometry": {
        "type": "Polygon",
        "coordinates": [
          [
            [
              76.95780027154687,
              11.005714954343622
            ],
            [
              76.95795879459753,
              11.00568125708071
            ],
            [
              76.95813719015837,
              11.005682383532555
            ],
            [
              76.95814856876672,
              11.005823549034316
            ],
            [
              76.95814286477741,
              11.005954558580802
            ],
            [
              76.95797392592759,
              11.005956411226279
            ],
            [
              76.95779956259534,
              11.005950698531045
            ],
            [
              76.95781049629696,
              11.005826681823786
            ],
            [
              76.95780027154687,
              11.005714954343622
            ]
          ]
        ]
      }
    },
    {
      "type": "Feature",
      "id": "FE_223",
      "properties": {
        "feature_id": "FE_223",
        "survey_candidate": "420/1",
        "area": 1023.2,
        "feature_type": "Cadastral Boundary"
      },
      "geometry": {
        "type": "Polygon",
        "coordinates": [
          [
            [
              76.95187825576282,
              11.005941422078637
            ],
            [
              76.95205429755781,
              11.005938893363192
            ],
            [
              76.95220843791364,
              11.00591943451246
            ],
            [
              76.95219984437982,
              11.006052697621305
            ],
            [
              76.95221507800053,
              11.006163856981239
            ],
            [
              76.95204547167917,
              11.00618703336801
            ],
            [
              76.95186990224495,
              11.006208089060133
            ],
            [
              76.95186793792747,
              11.006056714808553
            ],
            [
              76.95187825576282,
              11.005941422078637
            ]
          ]
        ]
      }
    },
    {
      "type": "Feature",
      "id": "FE_224",
      "properties": {
        "feature_id": "FE_224",
        "survey_candidate": "421/2",
        "area": 830.0,
        "feature_type": "Cadastral Boundary"
      },
      "geometry": {
        "type": "Polygon",
        "coordinates": [
          [
            [
              76.95221081512263,
              11.005922172862524
            ],
            [
              76.9523433043923,
              11.005937774267148
            ],
            [
              76.95247208183089,
              11.005930807469232
            ],
            [
              76.95247936701384,
              11.006087762539083
            ],
            [
              76.95247699142313,
              11.006220051840588
            ],
            [
              76.95233712416828,
              11.006179410470622
            ],
            [
              76.95221745520952,
              11.006166595331303
            ],
            [
              76.9522022215888,
              11.00605543597137
            ],
            [
              76.95221081512263,
              11.005922172862524
            ]
          ]
        ]
      }
    },
    {
      "type": "Feature",
      "id": "FE_225",
      "properties": {
        "feature_id": "FE_225",
        "survey_candidate": "422/3",
        "area": 1065.3,
        "feature_type": "Cadastral Boundary"
      },
      "geometry": {
        "type": "Polygon",
        "coordinates": [
          [
            [
              76.95246980511398,
              11.00593090719317
            ],
            [
              76.95262701898555,
              11.005931450906017
            ],
            [
              76.95278708665266,
              11.005917929357249
            ],
            [
              76.95277140071111,
              11.006063496931263
            ],
            [
              76.95275881831373,
              11.006225420638842
            ],
            [
              76.95261220826598,
              11.006225005882973
            ],
            [
              76.95247471470621,
              11.006220151564525
            ],
            [
              76.95247709029692,
              11.006087862263021
            ],
            [
              76.95246980511398,
              11.00593090719317
            ]
          ]
        ]
      }
    },
    {
      "type": "Feature",
      "id": "FE_226",
      "properties": {
        "feature_id": "FE_226",
        "survey_candidate": "423/4",
        "area": 1043.6,
        "feature_type": "Cadastral Boundary"
      },
      "geometry": {
        "type": "Polygon",
        "coordinates": [
          [
            [
              76.95278884702634,
              11.005914983664994
            ],
            [
              76.95291001521139,
              11.005930348917257
            ],
            [
              76.9530664271481,
              11.00592583236851
            ],
            [
              76.95306786487008,
              11.006068463009713
            ],
            [
              76.9531028966599,
              11.006176777414163
            ],
            [
              76.9529295706567,
              11.006217491812922
            ],
            [
              76.9527605786874,
              11.006222474946586
            ],
            [
              76.95277316108479,
              11.006060551239008
            ],
            [
              76.95278884702634,
              11.005914983664994
            ]
          ]
        ]
      }
    },
    {
      "type": "Feature",
      "id": "FE_227",
      "properties": {
        "feature_id": "FE_227",
        "survey_candidate": "424/1",
        "area": 1024.2,
        "feature_type": "Cadastral Boundary"
      },
      "geometry": {
        "type": "Polygon",
        "coordinates": [
          [
            [
              76.95306227624705,
              11.00592909360974
            ],
            [
              76.95324299594604,
              11.00593042556709
            ],
            [
              76.95346051582379,
              11.005953391444267
            ],
            [
              76.95344531954265,
              11.006044905368128
            ],
            [
              76.95342696762971,
              11.006155953002436
            ],
            [
              76.9532625017635,
              11.00615441344572
            ],
            [
              76.95309874575885,
              11.006180038655394
            ],
            [
              76.95306371396903,
              11.006071724250944
            ],
            [
              76.95306227624705,
              11.00592909360974
            ]
          ]
        ]
      }
    },
    {
      "type": "Feature",
      "id": "FE_228",
      "properties": {
        "feature_id": "FE_228",
        "survey_candidate": "425/2",
        "area": 886.6,
        "feature_type": "Cadastral Boundary"
      },
      "geometry": {
        "type": "Polygon",
        "coordinates": [
          [
            [
              76.95346078364959,
              11.00595350215187
            ],
            [
              76.95361427405037,
              11.0059676950719
            ],
            [
              76.95376652348968,
              11.005946678077875
            ],
            [
              76.95375265443688,
              11.006100311170668
            ],
            [
              76.95374927410175,
              11.006231705982291
            ],
            [
              76.95360433507392,
              11.00619190923741
            ],
            [
              76.95342723545551,
              11.006156063710039
            ],
            [
              76.95344558736845,
              11.006045016075731
            ],
            [
              76.95346078364959,
              11.00595350215187
            ]
          ]
        ]
      }
    },
    {
      "type": "Feature",
      "id": "FE_229",
      "properties": {
        "feature_id": "FE_229",
        "survey_candidate": "426/3",
        "area": 791.9,
        "feature_type": "Cadastral Boundary"
      },
      "geometry": {
        "type": "Polygon",
        "coordinates": [
          [
            [
              76.95376877490068,
              11.005946131954104
            ],
            [
              76.95390139579447,
              11.005931540464793
            ],
            [
              76.95401358424786,
              11.005939185157947
            ],
            [
              76.95398972601714,
              11.00606309236198
            ],
            [
              76.95399340669864,
              11.006197450393298
            ],
            [
              76.9538864023371,
              11.006207811562016
            ],
            [
              76.95375152551276,
              11.00623115985852
            ],
            [
              76.95375490584789,
              11.006099765046898
            ],
            [
              76.95376877490068,
              11.005946131954104
            ]
          ]
        ]
      }
    },
    {
      "type": "Feature",
      "id": "FE_230",
      "properties": {
        "feature_id": "FE_230",
        "survey_candidate": "427/4",
        "area": 1171.6,
        "feature_type": "Cadastral Boundary"
      },
      "geometry": {
        "type": "Polygon",
        "coordinates": [
          [
            [
              76.95401286301085,
              11.005935221001828
            ],
            [
              76.95416717884098,
              11.005916353966702
            ],
            [
              76.95429198650108,
              11.005909585976092
            ],
            [
              76.95431756033676,
              11.006073852140739
            ],
            [
              76.95431419365566,
              11.006247094275514
            ],
            [
              76.95415514049571,
              11.00623437542847
            ],
            [
              76.95399268546163,
              11.006193486237178
            ],
            [
              76.95398900478013,
              11.00605912820586
            ],
            [
              76.95401286301085,
              11.005935221001828
            ]
          ]
        ]
      }
    },
    {
      "type": "Feature",
      "id": "FE_231",
      "properties": {
        "feature_id": "FE_231",
        "survey_candidate": "428/1",
        "area": 1181.7,
        "feature_type": "Cadastral Boundary"
      },
      "geometry": {
        "type": "Polygon",
        "coordinates": [
          [
            [
              76.95428973102946,
              11.005909522395472
            ],
            [
              76.9544857288016,
              11.005933110088872
            ],
            [
              76.95465030752372,
              11.00593918306999
            ],
            [
              76.95465730538389,
              11.006065619045996
            ],
            [
              76.95466448486467,
              11.006158456236884
            ],
            [
              76.95450544720248,
              11.006207699692554
            ],
            [
              76.95431193818405,
              11.006247030694894
            ],
            [
              76.95431530486515,
              11.00607378856012
            ],
            [
              76.95428973102946,
              11.005909522395472
            ]
          ]
        ]
      }
    },
    {
      "type": "Feature",
      "id": "FE_232",
      "properties": {
        "feature_id": "FE_232",
        "survey_candidate": "429/2",
        "area": 1010.0,
        "feature_type": "Cadastral Boundary"
      },
      "geometry": {
        "type": "Polygon",
        "coordinates": [
          [
            [
              76.95465063556455,
              11.00594115788497
            ],
            [
              76.95483931556473,
              11.005935868741558
            ],
            [
              76.9549897812896,
              11.005930852912115
            ],
            [
              76.95497875254738,
              11.006069284711195
            ],
            [
              76.95495107092506,
              11.00624105893794
            ],
            [
              76.95479266997204,
              11.006189982403653
            ],
            [
              76.95466481290549,
              11.006160431051864
            ],
            [
              76.95465763342472,
              11.006067593860976
            ],
            [
              76.95465063556455,
              11.00594115788497
            ]
          ]
        ]
      }
    },
    {
      "type": "Feature",
      "id": "FE_233",
      "properties": {
        "feature_id": "FE_233",
        "survey_candidate": "430/3",
        "area": 1200.8,
        "feature_type": "Cadastral Boundary"
      },
      "geometry": {
        "type": "Polygon",
        "coordinates": [
          [
            [
              76.95499410064687,
              11.00592874808731
            ],
            [
              76.95514088228397,
              11.005927880841037
            ],
            [
              76.95528610897891,
              11.005905335193361
            ],
            [
              76.95529209683416,
              11.006063703744738
            ],
            [
              76.95529474985028,
              11.006236229568389
            ],
            [
              76.95510596323564,
              11.006239536230334
            ],
            [
              76.95495539028234,
              11.006238954113135
            ],
            [
              76.95498307190465,
              11.00606717988639
            ],
            [
              76.95499410064687,
              11.00592874808731
            ]
          ]
        ]
      }
    },
    {
      "type": "Feature",
      "id": "FE_234",
      "properties": {
        "feature_id": "FE_234",
        "survey_candidate": "431/4",
        "area": 1185.6,
        "feature_type": "Cadastral Boundary"
      },
      "geometry": {
        "type": "Polygon",
        "coordinates": [
          [
            [
              76.9552826018195,
              11.005907390554013
            ],
            [
              76.95544654754825,
              11.005953907892174
            ],
            [
              76.95560222858698,
              11.005977221218956
            ],
            [
              76.95560980371098,
              11.006122111298271
            ],
            [
              76.95563156935158,
              11.006258875341846
            ],
            [
              76.95546348914546,
              11.006252609484529
            ],
            [
              76.95529124269088,
              11.00623828492904
            ],
            [
              76.95528858967475,
              11.00606575910539
            ],
            [
              76.9552826018195,
              11.005907390554013
            ]
          ]
        ]
      }
    },
    {
      "type": "Feature",
      "id": "FE_235",
      "properties": {
        "feature_id": "FE_235",
        "survey_candidate": "432/1",
        "area": 1281.2,
        "feature_type": "Cadastral Boundary"
      },
      "geometry": {
        "type": "Polygon",
        "coordinates": [
          [
            [
              76.95560450640448,
              11.005977891497306
            ],
            [
              76.95576375422287,
              11.005948500058535
            ],
            [
              76.95595687699021,
              11.005907524712635
            ],
            [
              76.95594466692548,
              11.006064673260672
            ],
            [
              76.95594334357845,
              11.006258060157164
            ],
            [
              76.95580874600927,
              11.006266680648062
            ],
            [
              76.95563384716908,
              11.006259545620196
            ],
            [
              76.95561208152849,
              11.006122781576622
            ],
            [
              76.95560450640448,
              11.005977891497306
            ]
          ]
        ]
      }
    },
    {
      "type": "Feature",
      "id": "FE_236",
      "properties": {
        "feature_id": "FE_236",
        "survey_candidate": "433/2",
        "area": 1138.9,
        "feature_type": "Cadastral Boundary"
      },
      "geometry": {
        "type": "Polygon",
        "coordinates": [
          [
            [
              76.95595762572033,
              11.005908059336068
            ],
            [
              76.95607417501611,
              11.00593310537032
            ],
            [
              76.95619668437138,
              11.005944491023309
            ],
            [
              76.9562636966743,
              11.006077069352227
            ],
            [
              76.95629417738576,
              11.006227499387876
            ],
            [
              76.95613217639844,
              11.006227705125363
            ],
            [
              76.95594409230857,
              11.006258594780597
            ],
            [
              76.95594541565559,
              11.006065207884106
            ],
            [
              76.95595762572033,
              11.005908059336068
            ]
          ]
        ]
      }
    },
    {
      "type": "Feature",
      "id": "FE_237",
      "properties": {
        "feature_id": "FE_237",
        "survey_candidate": "434/3",
        "area": 1140.9,
        "feature_type": "Cadastral Boundary"
      },
      "geometry": {
        "type": "Polygon",
        "coordinates": [
          [
            [
              76.95619668823178,
              11.005941372007024
            ],
            [
              76.95640051576643,
              11.005928289761753
            ],
            [
              76.95657449318817,
              11.00592582116003
            ],
            [
              76.95656798225689,
              11.006076329404838
            ],
            [
              76.95659263544064,
              11.006215948796848
            ],
            [
              76.95644139061783,
              11.006226647233719
            ],
            [
              76.95629418124616,
              11.006224380371592
            ],
            [
              76.9562637005347,
              11.006073950335942
            ],
            [
              76.95619668823178,
              11.005941372007024
            ]
          ]
        ]
      }
    },
    {
      "type": "Feature",
      "id": "FE_238",
      "properties": {
        "feature_id": "FE_238",
        "survey_candidate": "435/4",
        "area": 1112.9,
        "feature_type": "Cadastral Boundary"
      },
      "geometry": {
        "type": "Polygon",
        "coordinates": [
          [
            [
              76.95657363931167,
              11.005929962827562
            ],
            [
              76.95676194660082,
              11.005967811708224
            ],
            [
              76.95691153110899,
              11.005973417810944
            ],
            [
              76.95692286958435,
              11.00611786520542
            ],
            [
              76.95692105108458,
              11.006226458726788
            ],
            [
              76.95676772043194,
              11.006228306188083
            ],
            [
              76.95659178156414,
              11.00622009046438
            ],
            [
              76.95656712838039,
              11.00608047107237
            ],
            [
              76.95657363931167,
              11.005929962827562
            ]
          ]
        ]
      }
    },
    {
      "type": "Feature",
      "id": "FE_239",
      "properties": {
        "feature_id": "FE_239",
        "survey_candidate": "436/1",
        "area": 1123.2,
        "feature_type": "Cadastral Boundary"
      },
      "geometry": {
        "type": "Polygon",
        "coordinates": [
          [
            [
              76.95691116046252,
              11.005973024785172
            ],
            [
              76.95705625603016,
              11.005958898236436
            ],
            [
              76.95721237799856,
              11.005923097037611
            ],
            [
              76.95723873385427,
              11.006066790372417
            ],
            [
              76.9572444598563,
              11.006247320388884
            ],
            [
              76.95707985237735,
              11.006251475781157
            ],
            [
              76.95692068043812,
              11.006226065701016
            ],
            [
              76.95692249893789,
              11.006117472179648
            ],
            [
              76.95691116046252,
              11.005973024785172
            ]
          ]
        ]
      }
    },
    {
      "type": "Feature",
      "id": "FE_240",
      "properties": {
        "feature_id": "FE_240",
        "survey_candidate": "437/2",
        "area": 956.5,
        "feature_type": "Cadastral Boundary"
      },
      "geometry": {
        "type": "Polygon",
        "coordinates": [
          [
            [
              76.95720982623797,
              11.005920986875708
            ],
            [
              76.95732774781301,
              11.005915949711508
            ],
            [
              76.95747448560955,
              11.005903168820298
            ],
            [
              76.95748789614778,
              11.006046362348727
            ],
            [
              76.9575111094116,
              11.006198831985323
            ],
            [
              76.95736251350102,
              11.00620995113338
            ],
            [
              76.95724190809571,
              11.00624521022698
            ],
            [
              76.95723618209368,
              11.006064680210514
            ],
            [
              76.95720982623797,
              11.005920986875708
            ]
          ]
        ]
      }
    },
    {
      "type": "Feature",
      "id": "FE_241",
      "properties": {
        "feature_id": "FE_241",
        "survey_candidate": "438/3",
        "area": 1093.3,
        "feature_type": "Cadastral Boundary"
      },
      "geometry": {
        "type": "Polygon",
        "coordinates": [
          [
            [
              76.95748011384988,
              11.005904771974464
            ],
            [
              76.95762321636369,
              11.005937969243963
            ],
            [
              76.95780122924285,
              11.00595111734723
            ],
            [
              76.95781041634112,
              11.006112881653257
            ],
            [
              76.95780647202503,
              11.006239106121122
            ],
            [
              76.95765539434304,
              11.006235640057147
            ],
            [
              76.95751673765193,
              11.006200435139489
            ],
            [
              76.95749352438811,
              11.006047965502892
            ],
            [
              76.95748011384988,
              11.005904771974464
            ]
          ]
        ]
      }
    },
    {
      "type": "Feature",
      "id": "FE_242",
      "properties": {
        "feature_id": "FE_242",
        "survey_candidate": "439/4",
        "area": 1829.9,
        "feature_type": "Consolidated Compound"
      },
      "geometry": {
        "type": "Polygon",
        "coordinates": [
          [
            [
              76.95769484371266,
              11.005950749351635
            ],
            [
              76.95797382504426,
              11.00595646204687
            ],
            [
              76.95824412720398,
              11.005954609401392
            ],
            [
              76.95823937551988,
              11.006100675539553
            ],
            [
              76.95824964115783,
              11.006225909482113
            ],
            [
              76.957960342149,
              11.00623718490366
            ],
            [
              76.95770323216415,
              11.006238738125527
            ],
            [
              76.9577095430699,
              11.006112513657662
            ],
            [
              76.95769484371266,
              11.005950749351635
            ]
          ]
        ]
      }
    },
    {
      "type": "Feature",
      "id": "FE_243",
      "properties": {
        "feature_id": "FE_243",
        "survey_candidate": "440/1",
        "area": 1189.2,
        "feature_type": "Cadastral Boundary"
      },
      "geometry": {
        "type": "Polygon",
        "coordinates": [
          [
            [
              76.95187251866493,
              11.006209112276215
            ],
            [
              76.95204808809915,
              11.006188056584092
            ],
            [
              76.95221769442051,
              11.006164880197321
            ],
            [
              76.95221869254452,
              11.006320822056457
            ],
            [
              76.95220240758643,
              11.006476839619062
            ],
            [
              76.95203396991965,
              11.006464610317542
            ],
            [
              76.95186532468276,
              11.006476234542685
            ],
            [
              76.95186518286616,
              11.006348594850765
            ],
            [
              76.95187251866493,
              11.006209112276215
            ]
          ]
        ]
      }
    },
    {
      "type": "Feature",
      "id": "FE_244",
      "properties": {
        "feature_id": "FE_244",
        "survey_candidate": "441/2",
        "area": 919.2,
        "feature_type": "Cadastral Boundary"
      },
      "geometry": {
        "type": "Polygon",
        "coordinates": [
          [
            [
              76.95221844388404,
              11.006165101639729
            ],
            [
              76.9523381128428,
              11.006177916779048
            ],
            [
              76.95247798009764,
              11.006218558149014
            ],
            [
              76.95247858482946,
              11.006325545849371
            ],
            [
              76.95249665953357,
              11.006451514869077
            ],
            [
              76.95235631061362,
              11.00647222918409
            ],
            [
              76.95220315704995,
              11.006477061061469
            ],
            [
              76.95221944200804,
              11.006321043498865
            ],
            [
              76.95221844388404,
              11.006165101639729
            ]
          ]
        ]
      }
    },
    {
      "type": "Feature",
      "id": "FE_245",
      "properties": {
        "feature_id": "FE_245",
        "survey_candidate": "442/3",
        "area": 761.2,
        "feature_type": "Cadastral Boundary"
      },
      "geometry": {
        "type": "Polygon",
        "coordinates": [
          [
            [
              76.9524731878733,
              11.006217722963951
            ],
            [
              76.95261068143306,
              11.006222577282399
            ],
            [
              76.95275729148081,
              11.006222992038268
            ],
            [
              76.95274144271146,
              11.006353522658332
            ],
            [
              76.95274131854012,
              11.006451074630714
            ],
            [
              76.95261915889053,
              11.006462583362133
            ],
            [
              76.95249186730922,
              11.006450679684015
            ],
            [
              76.95247379260512,
              11.006324710664309
            ],
            [
              76.9524731878733,
              11.006217722963951
            ]
          ]
        ]
      }
    },
    {
      "type": "Feature",
      "id": "FE_246",
      "properties": {
        "feature_id": "FE_246",
        "survey_candidate": "443/4",
        "area": 1026.9,
        "feature_type": "Cadastral Boundary"
      },
      "geometry": {
        "type": "Polygon",
        "coordinates": [
          [
            [
              76.9527581951724,
              11.00622188032894
            ],
            [
              76.9529271871417,
              11.006216897195277
            ],
            [
              76.95310051314489,
              11.006176182796517
            ],
            [
              76.95310049498451,
              11.006312726912967
            ],
            [
              76.95307460250828,
              11.006453068502351
            ],
            [
              76.95291411775612,
              11.006454278933091
            ],
            [
              76.9527422222317,
              11.006449962921387
            ],
            [
              76.95274234640304,
              11.006352410949004
            ],
            [
              76.9527581951724,
              11.00622188032894
            ]
          ]
        ]
      }
    },
    {
      "type": "Feature",
      "id": "FE_247",
      "properties": {
        "feature_id": "FE_247",
        "survey_candidate": "444/1",
        "area": 1122.7,
        "feature_type": "Cadastral Boundary"
      },
      "geometry": {
        "type": "Polygon",
        "coordinates": [
          [
            [
              76.95310031445817,
              11.006178350357855
            ],
            [
              76.95326407046282,
              11.006152725148182
            ],
            [
              76.95342853632903,
              11.006154264704897
            ],
            [
              76.95340721168122,
              11.006303079634709
            ],
            [
              76.95341611616557,
              11.0064374885986
            ],
            [
              76.95324189561008,
              11.006451365030783
            ],
            [
              76.95307440382156,
              11.006455236063688
            ],
            [
              76.95310029629779,
              11.006314894474304
            ],
            [
              76.95310031445817,
              11.006178350357855
            ]
          ]
        ]
      }
    },
    {
      "type": "Feature",
      "id": "FE_248",
      "properties": {
        "feature_id": "FE_248",
        "survey_candidate": "445/2",
        "area": 1075.5,
        "feature_type": "Cadastral Boundary"
      },
      "geometry": {
        "type": "Polygon",
        "coordinates": [
          [
            [
              76.95342695642796,
              11.006151577587126
            ],
            [
              76.95360405604637,
              11.006187423114497
            ],
            [
              76.9537489950742,
              11.006227219859378
            ],
            [
              76.95371584830556,
              11.006341607408958
            ],
            [
              76.95369389051636,
              11.006490445012377
            ],
            [
              76.95354573002008,
              11.00647905942219
            ],
            [
              76.9534145362645,
              11.006434801480829
            ],
            [
              76.95340563178016,
              11.006300392516938
            ],
            [
              76.95342695642796,
              11.006151577587126
            ]
          ]
        ]
      }
    },
    {
      "type": "Feature",
      "id": "FE_249",
      "properties": {
        "feature_id": "FE_249",
        "survey_candidate": "446/3",
        "area": 947.2,
        "feature_type": "Cadastral Boundary"
      },
      "geometry": {
        "type": "Polygon",
        "coordinates": [
          [
            [
              76.9537544504505,
              11.006230860319528
            ],
            [
              76.95388932727485,
              11.006207512023023
            ],
            [
              76.95399633163639,
              11.006197150854305
            ],
            [
              76.95404406401212,
              11.006323377819779
            ],
            [
              76.95406602945123,
              11.00643283280075
            ],
            [
              76.95389014908105,
              11.006456168189045
            ],
            [
              76.95369934589266,
              11.006494085472527
            ],
            [
              76.95372130368186,
              11.006345247869108
            ],
            [
              76.9537544504505,
              11.006230860319528
            ]
          ]
        ]
      }
    },
    {
      "type": "Feature",
      "id": "FE_250",
      "properties": {
        "feature_id": "FE_250",
        "survey_candidate": "447/4",
        "area": 796.0,
        "feature_type": "Cadastral Boundary"
      },
      "geometry": {
        "type": "Polygon",
        "coordinates": [
          [
            [
              76.95399506705546,
              11.006195632824964
            ],
            [
              76.95415752208955,
              11.006236522016255
            ],
            [
              76.95431657524949,
              11.0062492408633
            ],
            [
              76.9543426981165,
              11.006365029551446
            ],
            [
              76.95434728292584,
              11.006480124920845
            ],
            [
              76.95420358795005,
              11.006455152998225
            ],
            [
              76.9540647648703,
              11.006431314771408
            ],
            [
              76.95404279943119,
              11.006321859790438
            ],
            [
              76.95399506705546,
              11.006195632824964
            ]
          ]
        ]
      }
    },
    {
      "type": "Feature",
      "id": "FE_251",
      "properties": {
        "feature_id": "FE_251",
        "survey_candidate": "448/1",
        "area": 1018.6,
        "feature_type": "Cadastral Boundary"
      },
      "geometry": {
        "type": "Polygon",
        "coordinates": [
          [
            [
              76.95431666339313,
              11.006250218870186
            ],
            [
              76.95451017241156,
              11.006210887867846
            ],
            [
              76.95466921007375,
              11.006161644412176
            ],
            [
              76.95465360572294,
              11.006317144288822
            ],
            [
              76.95466448413183,
              11.006449651138333
            ],
            [
              76.9544983683148,
              11.006473236552107
            ],
            [
              76.95434737106947,
              11.006481102927731
            ],
            [
              76.95434278626014,
              11.006366007558332
            ],
            [
              76.95431666339313,
              11.006250218870186
            ]
          ]
        ]
      }
    },
    {
      "type": "Feature",
      "id": "FE_252",
      "properties": {
        "feature_id": "FE_252",
        "survey_candidate": "449/2",
        "area": 1016.6,
        "feature_type": "Cadastral Boundary"
      },
      "geometry": {
        "type": "Polygon",
        "coordinates": [
          [
            [
              76.95466568588661,
              11.006162071748108
            ],
            [
              76.95479354295315,
              11.006191623099896
            ],
            [
              76.95495194390618,
              11.006242699634184
            ],
            [
              76.95496031448211,
              11.006393974327233
            ],
            [
              76.95497829838332,
              11.00652120373766
            ],
            [
              76.95483880287459,
              11.00647235129953
            ],
            [
              76.95466095994469,
              11.006450078474264
            ],
            [
              76.9546500815358,
              11.006317571624754
            ],
            [
              76.95466568588661,
              11.006162071748108
            ]
          ]
        ]
      }
    },
    {
      "type": "Feature",
      "id": "FE_253",
      "properties": {
        "feature_id": "FE_253",
        "survey_candidate": "450/3",
        "area": 1089.8,
        "feature_type": "Cadastral Boundary"
      },
      "geometry": {
        "type": "Polygon",
        "coordinates": [
          [
            [
              76.95495302941933,
              11.006240019466265
            ],
            [
              76.95510360237263,
              11.006240601583464
            ],
            [
              76.95529238898727,
              11.006237294921519
            ],
            [
              76.95528837824409,
              11.006361103617909
            ],
            [
              76.9553147121538,
              11.006500013521329
            ],
            [
              76.95513975225651,
              11.006508061795135
            ],
            [
              76.95497938389647,
              11.006518523569742
            ],
            [
              76.95496139999526,
              11.006391294159314
            ],
            [
              76.95495302941933,
              11.006240019466265
            ]
          ]
        ]
      }
    },
    {
      "type": "Feature",
      "id": "FE_254",
      "properties": {
        "feature_id": "FE_254",
        "survey_candidate": "451/4",
        "area": 1066.6,
        "feature_type": "Cadastral Boundary"
      },
      "geometry": {
        "type": "Polygon",
        "coordinates": [
          [
            [
              76.95529033312002,
              11.00624124854216
            ],
            [
              76.9554625795746,
              11.006255573097649
            ],
            [
              76.95563065978072,
              11.006261838954966
            ],
            [
              76.95564635037428,
              11.00639817361101
            ],
            [
              76.95566015659155,
              11.006513194623864
            ],
            [
              76.95547014426526,
              11.006501029999223
            ],
            [
              76.95531265628654,
              11.00650396714197
            ],
            [
              76.95528632237684,
              11.00636505723855
            ],
            [
              76.95529033312002,
              11.00624124854216
            ]
          ]
        ]
      }
    },
    {
      "type": "Feature",
      "id": "FE_255",
      "properties": {
        "feature_id": "FE_255",
        "survey_candidate": "452/1",
        "area": 775.9,
        "feature_type": "Cadastral Boundary"
      },
      "geometry": {
        "type": "Polygon",
        "coordinates": [
          [
            [
              76.9556304599354,
              11.006261055535768
            ],
            [
              76.95580535877559,
              11.006268190563635
            ],
            [
              76.95593995634478,
              11.006259570072736
            ],
            [
              76.95594982189962,
              11.00635517047223
            ],
            [
              76.95592504575488,
              11.006439499870757
            ],
            [
              76.95578234799966,
              11.006489104023439
            ],
            [
              76.95565995674623,
              11.006512411204666
            ],
            [
              76.95564615052896,
              11.006397390191813
            ],
            [
              76.9556304599354,
              11.006261055535768
            ]
          ]
        ]
      }
    },
    {
      "type": "Feature",
      "id": "FE_256",
      "properties": {
        "feature_id": "FE_256",
        "survey_candidate": "453/2",
        "area": 940.5,
        "feature_type": "Cadastral Boundary"
      },
      "geometry": {
        "type": "Polygon",
        "coordinates": [
          [
            [
              76.9559438661342,
              11.006261450296668
            ],
            [
              76.95613195022408,
              11.006230560641434
            ],
            [
              76.95629395121139,
              11.006230354903947
            ],
            [
              76.9562627963384,
              11.006388922300365
            ],
            [
              76.95624304388572,
              11.006517561135235
            ],
            [
              76.95608913313919,
              11.006472729677045
            ],
            [
              76.95592895554431,
              11.006441380094689
            ],
            [
              76.95595373168905,
              11.006357050696161
            ],
            [
              76.9559438661342,
              11.006261450296668
            ]
          ]
        ]
      }
    },
    {
      "type": "Feature",
      "id": "FE_257",
      "properties": {
        "feature_id": "FE_257",
        "survey_candidate": "454/3",
        "area": 1198.2,
        "feature_type": "Cadastral Boundary"
      },
      "geometry": {
        "type": "Polygon",
        "coordinates": [
          [
            [
              76.9562939186321,
              11.006224439000375
            ],
            [
              76.95644112800376,
              11.006226705862503
            ],
            [
              76.95659237282658,
              11.006216007425632
            ],
            [
              76.95659200554871,
              11.006393182298007
            ],
            [
              76.95661496132378,
              11.006533436269763
            ],
            [
              76.95642958022586,
              11.006522496108989
            ],
            [
              76.95624301130643,
              11.006511645231663
            ],
            [
              76.9562627637591,
              11.006383006396794
            ],
            [
              76.9562939186321,
              11.006224439000375
            ]
          ]
        ]
      }
    },
    {
      "type": "Feature",
      "id": "FE_258",
      "properties": {
        "feature_id": "FE_258",
        "survey_candidate": "455/4",
        "area": 1089.3,
        "feature_type": "Cadastral Boundary"
      },
      "geometry": {
        "type": "Polygon",
        "coordinates": [
          [
            [
              76.95659088772103,
              11.006221844536244
            ],
            [
              76.95676682658883,
              11.006230060259947
            ],
            [
              76.95692015724147,
              11.006228212798652
            ],
            [
              76.9568846645969,
              11.006359538899712
            ],
            [
              76.95688177549874,
              11.006520625590573
            ],
            [
              76.95676558385078,
              11.006530145447627
            ],
            [
              76.95661347621824,
              11.006539273380374
            ],
            [
              76.95659052044317,
              11.006399019408619
            ],
            [
              76.95659088772103,
              11.006221844536244
            ]
          ]
        ]
      }
    },
    {
      "type": "Feature",
      "id": "FE_259",
      "properties": {
        "feature_id": "FE_259",
        "survey_candidate": "456/1",
        "area": 1053.4,
        "feature_type": "Cadastral Boundary"
      },
      "geometry": {
        "type": "Polygon",
        "coordinates": [
          [
            [
              76.95692362118169,
              11.006222176667379
            ],
            [
              76.95708279312092,
              11.00624758674752
            ],
            [
              76.95724740059987,
              11.006243431355246
            ],
            [
              76.95722442591469,
              11.006380858227335
            ],
            [
              76.95721445630271,
              11.00650170925251
            ],
            [
              76.95704391455048,
              11.006491971990133
            ],
            [
              76.95688523943896,
              11.0065145894593
            ],
            [
              76.95688812853712,
              11.00635350276844
            ],
            [
              76.95692362118169,
              11.006222176667379
            ]
          ]
        ]
      }
    },
    {
      "type": "Feature",
      "id": "FE_260",
      "properties": {
        "feature_id": "FE_260",
        "survey_candidate": "457/2",
        "area": 915.9,
        "feature_type": "Cadastral Boundary"
      },
      "geometry": {
        "type": "Polygon",
        "coordinates": [
          [
            [
              76.95724784749171,
              11.006249459896345
            ],
            [
              76.95736845289703,
              11.006214200802745
            ],
            [
              76.9575170488076,
              11.006203081654688
            ],
            [
              76.95751966886898,
              11.00635061437413
            ],
            [
              76.95749332726231,
              11.006470754528054
            ],
            [
              76.95736033714319,
              11.006488187495632
            ],
            [
              76.95721490319455,
              11.006507737793608
            ],
            [
              76.95722487280653,
              11.006386886768434
            ],
            [
              76.95724784749171,
              11.006249459896345
            ]
          ]
        ]
      }
    },
    {
      "type": "Feature",
      "id": "FE_261",
      "properties": {
        "feature_id": "FE_261",
        "survey_candidate": "458/3",
        "area": 886.0,
        "feature_type": "Cadastral Boundary"
      },
      "geometry": {
        "type": "Polygon",
        "coordinates": [
          [
            [
              76.95751163122308,
              11.006202568856667
            ],
            [
              76.95765028791419,
              11.006237773774325
            ],
            [
              76.95780136559618,
              11.0062412398383
            ],
            [
              76.95781491485967,
              11.00633176656682
            ],
            [
              76.95782473569679,
              11.00645197397423
            ],
            [
              76.95765353673222,
              11.006474873552795
            ],
            [
              76.9574879096778,
              11.006470241730034
            ],
            [
              76.95751425128446,
              11.006350101576109
            ],
            [
              76.95751163122308,
              11.006202568856667
            ]
          ]
        ]
      }
    },
    {
      "type": "Feature",
      "id": "FE_262",
      "properties": {
        "feature_id": "FE_262",
        "survey_candidate": "459/4",
        "area": 929.6,
        "feature_type": "Cadastral Boundary"
      },
      "geometry": {
        "type": "Polygon",
        "coordinates": [
          [
            [
              76.95780312864551,
              11.006237556369216
            ],
            [
              76.95796382238603,
              11.00623600314735
            ],
            [
              76.95814463426656,
              11.006224727725803
            ],
            [
              76.95813785938505,
              11.00636120531593
            ],
            [
              76.95814554424919,
              11.006495031967141
            ],
            [
              76.95798061422315,
              11.006468082877827
            ],
            [
              76.95782649874612,
              11.006448290505146
            ],
            [
              76.957816677909,
              11.006328083097737
            ],
            [
              76.95780312864551,
              11.006237556369216
            ]
          ]
        ]
      }
    },
    {
      "type": "Feature",
      "id": "FE_263",
      "properties": {
        "feature_id": "FE_263",
        "survey_candidate": "460/1",
        "area": 1080.2,
        "feature_type": "Cadastral Boundary"
      },
      "geometry": {
        "type": "Polygon",
        "coordinates": [
          [
            [
              76.95186442814787,
              11.006476936616501
            ],
            [
              76.95203307338477,
              11.006465312391358
            ],
            [
              76.95220151105154,
              11.006477541692878
            ],
            [
              76.95217977775852,
              11.006633120532808
            ],
            [
              76.95215033416335,
              11.006761576327447
            ],
            [
              76.95200485688312,
              11.006762688085248
            ],
            [
              76.9518590363184,
              11.006744766487795
            ],
            [
              76.95187792473209,
              11.006597160336126
            ],
            [
              76.95186442814787,
              11.006476936616501
            ]
          ]
        ]
      }
    },
    {
      "type": "Feature",
      "id": "FE_264",
      "properties": {
        "feature_id": "FE_264",
        "survey_candidate": "461/2",
        "area": 906.6,
        "feature_type": "Cadastral Boundary"
      },
      "geometry": {
        "type": "Polygon",
        "coordinates": [
          [
            [
              76.95219774602172,
              11.006476242838433
            ],
            [
              76.9523508995854,
              11.006471410961055
            ],
            [
              76.95249124850534,
              11.006450696646041
            ],
            [
              76.95246058429201,
              11.006561805691156
            ],
            [
              76.95246450654138,
              11.006708907087152
            ],
            [
              76.952312814025,
              11.006720872173474
            ],
            [
              76.95214656913353,
              11.006760277473003
            ],
            [
              76.9521760127287,
              11.006631821678363
            ],
            [
              76.95219774602172,
              11.006476242838433
            ]
          ]
        ]
      }
    },
    {
      "type": "Feature",
      "id": "FE_265",
      "properties": {
        "feature_id": "FE_265",
        "survey_candidate": "462/3",
        "area": 889.3,
        "feature_type": "Cadastral Boundary"
      },
      "geometry": {
        "type": "Polygon",
        "coordinates": [
          [
            [
              76.95249146391457,
              11.00644987992345
            ],
            [
              76.95261875549588,
              11.006461783601567
            ],
            [
              76.95274091514547,
              11.006450274870149
            ],
            [
              76.9527676285463,
              11.006587886096927
            ],
            [
              76.95278325891597,
              11.006704358325702
            ],
            [
              76.9526358847998,
              11.006700432554307
            ],
            [
              76.9524647219506,
              11.00670809036456
            ],
            [
              76.95246079970124,
              11.006560988968564
            ],
            [
              76.95249146391457,
              11.00644987992345
            ]
          ]
        ]
      }
    },
    {
      "type": "Feature",
      "id": "FE_266",
      "properties": {
        "feature_id": "FE_266",
        "survey_candidate": "463/4",
        "area": 983.5,
        "feature_type": "Cadastral Boundary"
      },
      "geometry": {
        "type": "Polygon",
        "coordinates": [
          [
            [
              76.95274224536786,
              11.00645342555928
            ],
            [
              76.95291414089228,
              11.006457741570985
            ],
            [
              76.95307462564443,
              11.006456531140245
            ],
            [
              76.95309443512397,
              11.006582287487516
            ],
            [
              76.95311438848125,
              11.006697974424316
            ],
            [
              76.95293735062907,
              11.006703070065623
            ],
            [
              76.95278458913836,
              11.006707509014834
            ],
            [
              76.95276895876869,
              11.006591036786059
            ],
            [
              76.95274224536786,
              11.00645342555928
            ]
          ]
        ]
      }
    },
    {
      "type": "Feature",
      "id": "FE_267",
      "properties": {
        "feature_id": "FE_267",
        "survey_candidate": "464/1",
        "area": 1042.4,
        "feature_type": "Cadastral Boundary"
      },
      "geometry": {
        "type": "Polygon",
        "coordinates": [
          [
            [
              76.95307377229021,
              11.006454770307952
            ],
            [
              76.95324126407873,
              11.006450899275046
            ],
            [
              76.95341548463422,
              11.006437022842864
            ],
            [
              76.95340827388135,
              11.006605713452977
            ],
            [
              76.95340231386056,
              11.006750277503352
            ],
            [
              76.95324328474142,
              11.00671723619422
            ],
            [
              76.95311353512703,
              11.006696213592024
            ],
            [
              76.95309358176975,
              11.006580526655224
            ],
            [
              76.95307377229021,
              11.006454770307952
            ]
          ]
        ]
      }
    },
    {
      "type": "Feature",
      "id": "FE_268",
      "properties": {
        "feature_id": "FE_268",
        "survey_candidate": "465/2",
        "area": 922.7,
        "feature_type": "Cadastral Boundary"
      },
      "geometry": {
        "type": "Polygon",
        "coordinates": [
          [
            [
              76.95341959685483,
              11.006437535270697
            ],
            [
              76.95355079061041,
              11.006481793212059
            ],
            [
              76.95369895110669,
              11.006493178802245
            ],
            [
              76.95367430904892,
              11.006609075739796
            ],
            [
              76.95368098277204,
              11.006759820715756
            ],
            [
              76.95354799033193,
              11.006755863420134
            ],
            [
              76.95340642608117,
              11.006750789931186
            ],
            [
              76.95341238610196,
              11.00660622588081
            ],
            [
              76.95341959685483,
              11.006437535270697
            ]
          ]
        ]
      }
    },
    {
      "type": "Feature",
      "id": "FE_269",
      "properties": {
        "feature_id": "FE_269",
        "survey_candidate": "466/3",
        "area": 1254.8,
        "feature_type": "Cadastral Boundary"
      },
      "geometry": {
        "type": "Polygon",
        "coordinates": [
          [
            [
              76.95369941317863,
              11.006493695247519
            ],
            [
              76.95389021636701,
              11.006455777964037
            ],
            [
              76.9540660967372,
              11.006432442575742
            ],
            [
              76.95402680208946,
              11.006592467378777
            ],
            [
              76.95400921274609,
              11.006744046349025
            ],
            [
              76.9538317161735,
              11.006769850450764
            ],
            [
              76.95368144484398,
              11.00676033716103
            ],
            [
              76.95367477112086,
              11.00660959218507
            ],
            [
              76.95369941317863,
              11.006493695247519
            ]
          ]
        ]
      }
    },
    {
      "type": "Feature",
      "id": "FE_270",
      "properties": {
        "feature_id": "FE_270",
        "survey_candidate": "467/4",
        "area": 1084.1,
        "feature_type": "Cadastral Boundary"
      },
      "geometry": {
        "type": "Polygon",
        "coordinates": [
          [
            [
              76.954063398896,
              11.00643133195753
            ],
            [
              76.95420222197575,
              11.006455170184347
            ],
            [
              76.95434591695154,
              11.006480142106968
            ],
            [
              76.95433838561198,
              11.006622695065413
            ],
            [
              76.95431367936627,
              11.00673668007152
            ],
            [
              76.95415349743254,
              11.006751623996609
            ],
            [
              76.95400651490489,
              11.006742935730815
            ],
            [
              76.95402410424826,
              11.006591356760566
            ],
            [
              76.954063398896,
              11.00643133195753
            ]
          ]
        ]
      }
    },
    {
      "type": "Feature",
      "id": "FE_271",
      "properties": {
        "feature_id": "FE_271",
        "survey_candidate": "468/1",
        "area": 1050.2,
        "feature_type": "Cadastral Boundary"
      },
      "geometry": {
        "type": "Polygon",
        "coordinates": [
          [
            [
              76.95434554891497,
              11.006480311234936
            ],
            [
              76.9544965461603,
              11.006472444859313
            ],
            [
              76.95466266197732,
              11.006448859445538
            ],
            [
              76.95465066729818,
              11.00659377543096
            ],
            [
              76.95464816648018,
              11.006733809599618
            ],
            [
              76.95447266367,
              11.006746694123814
            ],
            [
              76.9543133113297,
              11.006736849199488
            ],
            [
              76.95433801757541,
              11.006622864193382
            ],
            [
              76.95434554891497,
              11.006480311234936
            ]
          ]
        ]
      }
    },
    {
      "type": "Feature",
      "id": "FE_272",
      "properties": {
        "feature_id": "FE_272",
        "survey_candidate": "469/2",
        "area": 1098.3,
        "feature_type": "Cadastral Boundary"
      },
      "geometry": {
        "type": "Polygon",
        "coordinates": [
          [
            [
              76.95466571953463,
              11.006450583114095
            ],
            [
              76.95484356246453,
              11.00647285593936
            ],
            [
              76.95498305797327,
              11.006521708377491
            ],
            [
              76.9549975567723,
              11.006622358360106
            ],
            [
              76.95502910790417,
              11.006742969243911
            ],
            [
              76.95485952214824,
              11.006742263941007
            ],
            [
              76.95465122403749,
              11.006735533268175
            ],
            [
              76.95465372485549,
              11.006595499099518
            ],
            [
              76.95466571953463,
              11.006450583114095
            ]
          ]
        ]
      }
    },
    {
      "type": "Feature",
      "id": "FE_273",
      "properties": {
        "feature_id": "FE_273",
        "survey_candidate": "470/3",
        "area": 966.5,
        "feature_type": "Cadastral Boundary"
      },
      "geometry": {
        "type": "Polygon",
        "coordinates": [
          [
            [
              76.95497911957162,
              11.00652140894876
            ],
            [
              76.95513948793166,
              11.006510947174153
            ],
            [
              76.95531444782894,
              11.006502898900347
            ],
            [
              76.95532381740755,
              11.006650911199047
            ],
            [
              76.95534168279237,
              11.00678978739987
            ],
            [
              76.95519101068841,
              11.006749191253794
            ],
            [
              76.95502516950252,
              11.00674266981518
            ],
            [
              76.95499361837065,
              11.006622058931375
            ],
            [
              76.95497911957162,
              11.00652140894876
            ]
          ]
        ]
      }
    },
    {
      "type": "Feature",
      "id": "FE_274",
      "properties": {
        "feature_id": "FE_274",
        "survey_candidate": "471/4",
        "area": 930.7,
        "feature_type": "Cadastral Boundary"
      },
      "geometry": {
        "type": "Polygon",
        "coordinates": [
          [
            [
              76.95531744440467,
              11.006502036536979
            ],
            [
              76.9554749323834,
              11.006499099394231
            ],
            [
              76.95566494470968,
              11.006511264018872
            ],
            [
              76.95562354375194,
              11.006607266665247
            ],
            [
              76.95560709852641,
              11.006716933708876
            ],
            [
              76.95548729957929,
              11.006762869251911
            ],
            [
              76.9553446793681,
              11.006788925036501
            ],
            [
              76.95532681398328,
              11.006650048835679
            ],
            [
              76.95531744440467,
              11.006502036536979
            ]
          ]
        ]
      }
    },
    {
      "type": "Feature",
      "id": "FE_275",
      "properties": {
        "feature_id": "FE_275",
        "survey_candidate": "472/1",
        "area": 888.2,
        "feature_type": "Cadastral Boundary"
      },
      "geometry": {
        "type": "Polygon",
        "coordinates": [
          [
            [
              76.95566101636855,
              11.006512526171324
            ],
            [
              76.95578340762198,
              11.006489218990097
            ],
            [
              76.9559261053772,
              11.006439614837415
            ],
            [
              76.95591999009613,
              11.00660253052031
            ],
            [
              76.95589457895831,
              11.006765583545278
            ],
            [
              76.95575224339447,
              11.006730030468459
            ],
            [
              76.95560317018528,
              11.006718195861328
            ],
            [
              76.95561961541081,
              11.006608528817699
            ],
            [
              76.95566101636855,
              11.006512526171324
            ]
          ]
        ]
      }
    },
    {
      "type": "Feature",
      "id": "FE_276",
      "properties": {
        "feature_id": "FE_276",
        "survey_candidate": "473/2",
        "area": 1205.4,
        "feature_type": "Cadastral Boundary"
      },
      "geometry": {
        "type": "Polygon",
        "coordinates": [
          [
            [
              76.95592986899499,
              11.006435206713578
            ],
            [
              76.95609004658986,
              11.006466556295933
            ],
            [
              76.9562439573364,
              11.006511387754124
            ],
            [
              76.9562762838397,
              11.006608964682377
            ],
            [
              76.95632265091811,
              11.00674429862667
            ],
            [
              76.95612425736076,
              11.006740059441332
            ],
            [
              76.95589834257609,
              11.00676117542144
            ],
            [
              76.95592375371392,
              11.006598122396472
            ],
            [
              76.95592986899499,
              11.006435206713578
            ]
          ]
        ]
      }
    },
    {
      "type": "Feature",
      "id": "FE_277",
      "properties": {
        "feature_id": "FE_277",
        "survey_candidate": "474/3",
        "area": 946.2,
        "feature_type": "Cadastral Boundary"
      },
      "geometry": {
        "type": "Polygon",
        "coordinates": [
          [
            [
              76.95623955549553,
              11.006515090760637
            ],
            [
              76.95642612441496,
              11.006525941637962
            ],
            [
              76.95661150551288,
              11.006536881798736
            ],
            [
              76.95662059245885,
              11.00665329458499
            ],
            [
              76.95659545520556,
              11.006792263499571
            ],
            [
              76.95647493002095,
              11.006756091564904
            ],
            [
              76.95631824907724,
              11.006748001633182
            ],
            [
              76.95627188199883,
              11.00661266768889
            ],
            [
              76.95623955549553,
              11.006515090760637
            ]
          ]
        ]
      }
    },
    {
      "type": "Feature",
      "id": "FE_278",
      "properties": {
        "feature_id": "FE_278",
        "survey_candidate": "475/4",
        "area": 916.2,
        "feature_type": "Cadastral Boundary"
      },
      "geometry": {
        "type": "Polygon",
        "coordinates": [
          [
            [
              76.95661647481042,
              11.006537303150882
            ],
            [
              76.95676858244296,
              11.006528175218135
            ],
            [
              76.95688477409092,
              11.00651865536108
            ],
            [
              76.95689987694642,
              11.006670076457477
            ],
            [
              76.95691535423262,
              11.00679122221796
            ],
            [
              76.95674383021785,
              11.006798810196555
            ],
            [
              76.9566004245031,
              11.006792684851717
            ],
            [
              76.95662556175638,
              11.006653715937135
            ],
            [
              76.95661647481042,
              11.006537303150882
            ]
          ]
        ]
      }
    },
    {
      "type": "Feature",
      "id": "FE_279",
      "properties": {
        "feature_id": "FE_279",
        "survey_candidate": "476/1",
        "area": 1115.3,
        "feature_type": "Cadastral Boundary"
      },
      "geometry": {
        "type": "Polygon",
        "coordinates": [
          [
            [
              76.95688378602192,
              11.006518058780426
            ],
            [
              76.95704246113344,
              11.006495441311259
            ],
            [
              76.95721300288567,
              11.006505178573635
            ],
            [
              76.95723826304481,
              11.006634585217428
            ],
            [
              76.95726083250868,
              11.00673650121317
            ],
            [
              76.95710456060205,
              11.006776982225293
            ],
            [
              76.95691436616362,
              11.006790625637304
            ],
            [
              76.95689888887742,
              11.006669479876821
            ],
            [
              76.95688378602192,
              11.006518058780426
            ]
          ]
        ]
      }
    },
    {
      "type": "Feature",
      "id": "FE_280",
      "properties": {
        "feature_id": "FE_280",
        "survey_candidate": "477/2",
        "area": 740.6,
        "feature_type": "Cadastral Boundary"
      },
      "geometry": {
        "type": "Polygon",
        "coordinates": [
          [
            [
              76.95721337887699,
              11.00650688570846
            ],
            [
              76.95735881282562,
              11.006487335410483
            ],
            [
              76.95749180294474,
              11.006469902442905
            ],
            [
              76.95749002412258,
              11.006612353457024
            ],
            [
              76.95747156112566,
              11.00673391112201
            ],
            [
              76.95735178725427,
              11.006725526106766
            ],
            [
              76.9572612085,
              11.006738208347995
            ],
            [
              76.95723863903613,
              11.006636292352253
            ],
            [
              76.95721337887699,
              11.00650688570846
            ]
          ]
        ]
      }
    },
    {
      "type": "Feature",
      "id": "FE_281",
      "properties": {
        "feature_id": "FE_281",
        "survey_candidate": "478/3",
        "area": 1146.9,
        "feature_type": "Cadastral Boundary"
      },
      "geometry": {
        "type": "Polygon",
        "coordinates": [
          [
            [
              76.95748763756889,
              11.006469187022526
            ],
            [
              76.95765326462332,
              11.006473818845288
            ],
            [
              76.95782446358788,
              11.006450919266722
            ],
            [
              76.95781002899358,
              11.006605505571434
            ],
            [
              76.95779044033478,
              11.006784270423942
            ],
            [
              76.95762994563613,
              11.006752029473931
            ],
            [
              76.9574673957498,
              11.006733195701631
            ],
            [
              76.95748585874672,
              11.006611638036645
            ],
            [
              76.95748763756889,
              11.006469187022526
            ]
          ]
        ]
      }
    },
    {
      "type": "Feature",
      "id": "FE_282",
      "properties": {
        "feature_id": "FE_282",
        "survey_candidate": "479/4",
        "area": 1221.5,
        "feature_type": "Cadastral Boundary"
      },
      "geometry": {
        "type": "Polygon",
        "coordinates": [
          [
            [
              76.95782542839827,
              11.006449945567368
            ],
            [
              76.9579795438753,
              11.00646973794005
            ],
            [
              76.95814447390134,
              11.006496687029363
            ],
            [
              76.95814557166692,
              11.006614440448097
            ],
            [
              76.95814276635937,
              11.006765963514825
            ],
            [
              76.95796072617998,
              11.006769385482132
            ],
            [
              76.95779140514516,
              11.006783296724588
            ],
            [
              76.95781099380396,
              11.00660453187208
            ],
            [
              76.95782542839827,
              11.006449945567368
            ]
          ]
        ]
      }
    },
    {
      "type": "Feature",
      "id": "FE_283",
      "properties": {
        "feature_id": "FE_283",
        "survey_candidate": "480/1",
        "area": 951.4,
        "feature_type": "Cadastral Boundary"
      },
      "geometry": {
        "type": "Polygon",
        "coordinates": [
          [
            [
              76.95185905846058,
              11.006747635272644
            ],
            [
              76.95200487902531,
              11.006765556870096
            ],
            [
              76.95215035630554,
              11.006764445112296
            ],
            [
              76.95217608055879,
              11.006886073939848
            ],
            [
              76.9521669648833,
              11.0070161039421
            ],
            [
              76.95201589747353,
              11.007005156588376
            ],
            [
              76.95185595041987,
              11.007016361860376
            ],
            [
              76.95184942741066,
              11.006901362752224
            ],
            [
              76.95185905846058,
              11.006747635272644
            ]
          ]
        ]
      }
    },
    {
      "type": "Feature",
      "id": "FE_284",
      "properties": {
        "feature_id": "FE_284",
        "survey_candidate": "481/2",
        "area": 1094.1,
        "feature_type": "Cadastral Boundary"
      },
      "geometry": {
        "type": "Polygon",
        "coordinates": [
          [
            [
              76.95214805309179,
              11.006763354077647
            ],
            [
              76.95231429798326,
              11.006723948778118
            ],
            [
              76.95246599049963,
              11.006711983691796
            ],
            [
              76.95248751301598,
              11.006873693547485
            ],
            [
              76.95247684548822,
              11.00701521412973
            ],
            [
              76.95231052969743,
              11.00701720422709
            ],
            [
              76.95216466166956,
              11.00701501290745
            ],
            [
              76.95217377734504,
              11.006884982905198
            ],
            [
              76.95214805309179,
              11.006763354077647
            ]
          ]
        ]
      }
    },
    {
      "type": "Feature",
      "id": "FE_285",
      "properties": {
        "feature_id": "FE_285",
        "survey_candidate": "482/3",
        "area": 1185.0,
        "feature_type": "Cadastral Boundary"
      },
      "geometry": {
        "type": "Polygon",
        "coordinates": [
          [
            [
              76.95246814772382,
              11.006709056770905
            ],
            [
              76.95263931057302,
              11.006701398960653
            ],
            [
              76.95278668468919,
              11.006705324732048
            ],
            [
              76.95278951292876,
              11.006841129691953
            ],
            [
              76.95279233545533,
              11.007012939549577
            ],
            [
              76.95262457188805,
              11.007029634816238
            ],
            [
              76.95247900271241,
              11.00701228720884
            ],
            [
              76.95248967024017,
              11.006870766626594
            ],
            [
              76.95246814772382,
              11.006709056770905
            ]
          ]
        ]
      }
    },
    {
      "type": "Feature",
      "id": "FE_286",
      "properties": {
        "feature_id": "FE_286",
        "survey_candidate": "483/4",
        "area": 1204.9,
        "feature_type": "Cadastral Boundary"
      },
      "geometry": {
        "type": "Polygon",
        "coordinates": [
          [
            [
              76.95278642684076,
              11.006706207402368
            ],
            [
              76.95293918833147,
              11.006701768453157
            ],
            [
              76.95311622618365,
              11.00669667281185
            ],
            [
              76.95311039688248,
              11.006854083323747
            ],
            [
              76.95310649303913,
              11.007014899672331
            ],
            [
              76.95294112232145,
              11.007006766587732
            ],
            [
              76.9527920776069,
              11.007013822219898
            ],
            [
              76.95278925508033,
              11.006842012362274
            ],
            [
              76.95278642684076,
              11.006706207402368
            ]
          ]
        ]
      }
    },
    {
      "type": "Feature",
      "id": "FE_287",
      "properties": {
        "feature_id": "FE_287",
        "survey_candidate": "484/1",
        "area": 1079.2,
        "feature_type": "Cadastral Boundary"
      },
      "geometry": {
        "type": "Polygon",
        "coordinates": [
          [
            [
              76.95311570828942,
              11.00669791179157
            ],
            [
              76.9532454579038,
              11.006718934393765
            ],
            [
              76.95340448702295,
              11.006751975702898
            ],
            [
              76.95340661743205,
              11.006889263599938
            ],
            [
              76.9534213638681,
              11.007017598261548
            ],
            [
              76.95325186286723,
              11.00702424658398
            ],
            [
              76.9531059751449,
              11.00701613865205
            ],
            [
              76.95310987898824,
              11.006855322303466
            ],
            [
              76.95311570828942,
              11.00669791179157
            ]
          ]
        ]
      }
    },
    {
      "type": "Feature",
      "id": "FE_288",
      "properties": {
        "feature_id": "FE_288",
        "survey_candidate": "485/2",
        "area": 951.9,
        "feature_type": "Cadastral Boundary"
      },
      "geometry": {
        "type": "Polygon",
        "coordinates": [
          [
            [
              76.95340303818064,
              11.006750067449827
            ],
            [
              76.95354460243139,
              11.006755140938775
            ],
            [
              76.95367759487151,
              11.006759098234397
            ],
            [
              76.9537156370303,
              11.006880337152
            ],
            [
              76.95373612883958,
              11.007017473585016
            ],
            [
              76.95357064246544,
              11.007011139780646
            ],
            [
              76.95341991502579,
              11.007015690008478
            ],
            [
              76.95340516858974,
              11.006887355346867
            ],
            [
              76.95340303818064,
              11.006750067449827
            ]
          ]
        ]
      }
    },
    {
      "type": "Feature",
      "id": "FE_289",
      "properties": {
        "feature_id": "FE_289",
        "survey_candidate": "486/3",
        "area": 1019.5,
        "feature_type": "Cadastral Boundary"
      },
      "geometry": {
        "type": "Polygon",
        "coordinates": [
          [
            [
              76.95367562156163,
              11.006759341547953
            ],
            [
              76.95382589289115,
              11.006768854837688
            ],
            [
              76.95400338946374,
              11.006743050735949
            ],
            [
              76.95402838721337,
              11.006889666508219
            ],
            [
              76.95405101333992,
              11.007019753336582
            ],
            [
              76.9539100772788,
              11.007029367620575
            ],
            [
              76.9537341555297,
              11.007017716898572
            ],
            [
              76.95371366372042,
              11.006880580465555
            ],
            [
              76.95367562156163,
              11.006759341547953
            ]
          ]
        ]
      }
    },
    {
      "type": "Feature",
      "id": "FE_290",
      "properties": {
        "feature_id": "FE_290",
        "survey_candidate": "487/4",
        "area": 968.3,
        "feature_type": "Cadastral Boundary"
      },
      "geometry": {
        "type": "Polygon",
        "coordinates": [
          [
            [
              76.95407276312005,
              11.006738533913822
            ],
            [
              76.9542197456477,
              11.006747222179616
            ],
            [
              76.95437992758143,
              11.006732278254526
            ],
            [
              76.95440397785536,
              11.00688174282166
            ],
            [
              76.95443768203464,
              11.00701744462758
            ],
            [
              76.95426989716577,
              11.007002730713841
            ],
            [
              76.95412038699624,
              11.007015236514455
            ],
            [
              76.95409776086969,
              11.006885149686092
            ],
            [
              76.95407276312005,
              11.006738533913822
            ]
          ]
        ]
      }
    },
    {
      "type": "Feature",
      "id": "FE_291",
      "properties": {
        "feature_id": "FE_291",
        "survey_candidate": "488/1",
        "area": 1134.8,
        "feature_type": "Cadastral Boundary"
      },
      "geometry": {
        "type": "Polygon",
        "coordinates": [
          [
            [
              76.95431562644225,
              11.006740096599696
            ],
            [
              76.95447497878256,
              11.006749941524022
            ],
            [
              76.95465048159274,
              11.006737056999826
            ],
            [
              76.95468156645076,
              11.006891226950534
            ],
            [
              76.95469088896289,
              11.007027554730486
            ],
            [
              76.95453925879987,
              11.007022078693383
            ],
            [
              76.95437338089546,
              11.00702526297275
            ],
            [
              76.95433967671619,
              11.00688956116683
            ],
            [
              76.95431562644225,
              11.006740096599696
            ]
          ]
        ]
      }
    },
    {
      "type": "Feature",
      "id": "FE_292",
      "properties": {
        "feature_id": "FE_292",
        "survey_candidate": "489/2",
        "area": 1212.4,
        "feature_type": "Cadastral Boundary"
      },
      "geometry": {
        "type": "Polygon",
        "coordinates": [
          [
            [
              76.95465064833557,
              11.006736640344572
            ],
            [
              76.95485894644632,
              11.006743371017404
            ],
            [
              76.95502853220225,
              11.006744076320308
            ],
            [
              76.95501760645011,
              11.006905241581265
            ],
            [
              76.95500854411021,
              11.007029422112435
            ],
            [
              76.95486916667329,
              11.007039739430066
            ],
            [
              76.95469105570572,
              11.007027138075232
            ],
            [
              76.9546817331936,
              11.00689081029528
            ],
            [
              76.95465064833557,
              11.006736640344572
            ]
          ]
        ]
      }
    },
    {
      "type": "Feature",
      "id": "FE_293",
      "properties": {
        "feature_id": "FE_293",
        "survey_candidate": "490/3",
        "area": 1076.0,
        "feature_type": "Cadastral Boundary"
      },
      "geometry": {
        "type": "Polygon",
        "coordinates": [
          [
            [
              76.95502514900475,
              11.006739797385775
            ],
            [
              76.95519099019064,
              11.006746318824389
            ],
            [
              76.9553416622946,
              11.006786914970464
            ],
            [
              76.9553348766576,
              11.006915887425382
            ],
            [
              76.95532239774623,
              11.00702732843721
            ],
            [
              76.95518211549516,
              11.007037199822602
            ],
            [
              76.95500516091272,
              11.007025143177902
            ],
            [
              76.95501422325262,
              11.006900962646732
            ],
            [
              76.95502514900475,
              11.006739797385775
            ]
          ]
        ]
      }
    },
    {
      "type": "Feature",
      "id": "FE_294",
      "properties": {
        "feature_id": "FE_294",
        "survey_candidate": "491/4",
        "area": 944.8,
        "feature_type": "Cadastral Boundary"
      },
      "geometry": {
        "type": "Polygon",
        "coordinates": [
          [
            [
              76.95534026019934,
              11.006789119430545
            ],
            [
              76.95548288041053,
              11.006763063645955
            ],
            [
              76.95560267935765,
              11.00671712810292
            ],
            [
              76.95562495019264,
              11.006879070787251
            ],
            [
              76.95563775903477,
              11.007031532259319
            ],
            [
              76.95547092547314,
              11.007022888772994
            ],
            [
              76.95532099565096,
              11.007029532897292
            ],
            [
              76.95533347456234,
              11.006918091885463
            ],
            [
              76.95534026019934,
              11.006789119430545
            ]
          ]
        ]
      }
    },
    {
      "type": "Feature",
      "id": "FE_295",
      "properties": {
        "feature_id": "FE_295",
        "survey_candidate": "492/1",
        "area": 1080.3,
        "feature_type": "Cadastral Boundary"
      },
      "geometry": {
        "type": "Polygon",
        "coordinates": [
          [
            [
              76.95560486922136,
              11.006714530148864
            ],
            [
              76.95575394243055,
              11.006726364755995
            ],
            [
              76.95589627799438,
              11.006761917832813
            ],
            [
              76.95593278366376,
              11.006877746784857
            ],
            [
              76.95595603582882,
              11.007030668061748
            ],
            [
              76.95580662952504,
              11.0070242713569
            ],
            [
              76.95563994889848,
              11.007028934305263
            ],
            [
              76.95562714005635,
              11.006876472833195
            ],
            [
              76.95560486922136,
              11.006714530148864
            ]
          ]
        ]
      }
    },
    {
      "type": "Feature",
      "id": "FE_296",
      "properties": {
        "feature_id": "FE_296",
        "survey_candidate": "493/2",
        "area": 1210.3,
        "feature_type": "Cadastral Boundary"
      },
      "geometry": {
        "type": "Polygon",
        "coordinates": [
          [
            [
              76.95589791887527,
              11.00676498055125
            ],
            [
              76.95612383365993,
              11.006743864571142
            ],
            [
              76.95632222721729,
              11.006748103756479
            ],
            [
              76.95627992995647,
              11.006884240456268
            ],
            [
              76.95627291115086,
              11.007035129811733
            ],
            [
              76.95611296973195,
              11.007025664002091
            ],
            [
              76.9559576767097,
              11.007033730780185
            ],
            [
              76.95593442454464,
              11.006880809503294
            ],
            [
              76.95589791887527,
              11.00676498055125
            ]
          ]
        ]
      }
    },
    {
      "type": "Feature",
      "id": "FE_297",
      "properties": {
        "feature_id": "FE_297",
        "survey_candidate": "494/3",
        "area": 996.8,
        "feature_type": "Cadastral Boundary"
      },
      "geometry": {
        "type": "Polygon",
        "coordinates": [
          [
            [
              76.95631833577578,
              11.006749275547675
            ],
            [
              76.95647501671948,
              11.006757365479396
            ],
            [
              76.9565955419041,
              11.006793537414064
            ],
            [
              76.95658611454698,
              11.006926310537672
            ],
            [
              76.95658325961169,
              11.007037310134564
            ],
            [
              76.95642529584482,
              11.007026082424698
            ],
            [
              76.95626901970935,
              11.007036301602929
            ],
            [
              76.95627603851496,
              11.006885412247463
            ],
            [
              76.95631833577578,
              11.006749275547675
            ]
          ]
        ]
      }
    },
    {
      "type": "Feature",
      "id": "FE_298",
      "properties": {
        "feature_id": "FE_298",
        "survey_candidate": "495/4",
        "area": 964.0,
        "feature_type": "Cadastral Boundary"
      },
      "geometry": {
        "type": "Polygon",
        "coordinates": [
          [
            [
              76.95659660154644,
              11.006790772880171
            ],
            [
              76.95674000726119,
              11.006796898225009
            ],
            [
              76.95691153127596,
              11.006789310246413
            ],
            [
              76.95691314424273,
              11.006894886581106
            ],
            [
              76.95689746221703,
              11.007035123425421
            ],
            [
              76.95674244673512,
              11.007050420311275
            ],
            [
              76.95658431925403,
              11.007034545600671
            ],
            [
              76.95658717418932,
              11.00692354600378
            ],
            [
              76.95659660154644,
              11.006790772880171
            ]
          ]
        ]
      }
    },
    {
      "type": "Feature",
      "id": "FE_299",
      "properties": {
        "feature_id": "FE_299",
        "survey_candidate": "496/1",
        "area": 999.5,
        "feature_type": "Cadastral Boundary"
      },
      "geometry": {
        "type": "Polygon",
        "coordinates": [
          [
            [
              76.9569153024941,
              11.006788798837478
            ],
            [
              76.95710549693253,
              11.006775155425467
            ],
            [
              76.95726176883916,
              11.006734674413345
            ],
            [
              76.95723107986791,
              11.006891128174667
            ],
            [
              76.9572132207898,
              11.007034736098303
            ],
            [
              76.95706513947354,
              11.007021618449848
            ],
            [
              76.95690123343516,
              11.007034612016486
            ],
            [
              76.95691691546087,
              11.006894375172172
            ],
            [
              76.9569153024941,
              11.006788798837478
            ]
          ]
        ]
      }
    },
    {
      "type": "Feature",
      "id": "FE_300",
      "properties": {
        "feature_id": "FE_300",
        "survey_candidate": "497/2",
        "area": 956.5,
        "feature_type": "Cadastral Boundary"
      },
      "geometry": {
        "type": "Polygon",
        "coordinates": [
          [
            [
              76.95725976025959,
              11.006735421188933
            ],
            [
              76.95735033901386,
              11.006722738947705
            ],
            [
              76.95747011288525,
              11.006731123962949
            ],
            [
              76.95748408863082,
              11.00689945302417
            ],
            [
              76.95752203135793,
              11.007035148266022
            ],
            [
              76.95737128749441,
              11.00703844085363
            ],
            [
              76.95721121221023,
              11.007035482873892
            ],
            [
              76.95722907128834,
              11.006891874950256
            ],
            [
              76.95725976025959,
              11.006735421188933
            ]
          ]
        ]
      }
    },
    {
      "type": "Feature",
      "id": "FE_301",
      "properties": {
        "feature_id": "FE_301",
        "survey_candidate": "498/3",
        "area": 1118.1,
        "feature_type": "Cadastral Boundary"
      },
      "geometry": {
        "type": "Polygon",
        "coordinates": [
          [
            [
              76.95747033404301,
              11.006730754756983
            ],
            [
              76.95763288392934,
              11.006749588529283
            ],
            [
              76.95779337862798,
              11.006781829479294
            ],
            [
              76.95782263113757,
              11.006916661184205
            ],
            [
              76.95783193743064,
              11.00703399910226
            ],
            [
              76.95766670729166,
              11.00704050190242
            ],
            [
              76.95752225251569,
              11.007034779060056
            ],
            [
              76.95748430978858,
              11.006899083818205
            ],
            [
              76.95747033404301,
              11.006730754756983
            ]
          ]
        ]
      }
    },
    {
      "type": "Feature",
      "id": "FE_302",
      "properties": {
        "feature_id": "FE_302",
        "survey_candidate": "499/4",
        "area": 1059.7,
        "feature_type": "Cadastral Boundary"
      },
      "geometry": {
        "type": "Polygon",
        "coordinates": [
          [
            [
              76.9577933008344,
              11.006784851765234
            ],
            [
              76.95796262186921,
              11.006770940522777
            ],
            [
              76.95814466204861,
              11.00676751855547
            ],
            [
              76.95814783052593,
              11.006909326567945
            ],
            [
              76.9581404895117,
              11.007035827174937
            ],
            [
              76.9579874265999,
              11.007041389310334
            ],
            [
              76.95783185963705,
              11.0070370213882
            ],
            [
              76.95782255334399,
              11.006919683470144
            ],
            [
              76.9577933008344,
              11.006784851765234
            ]
          ]
        ]
      }
    },
    {
      "type": "Feature",
      "id": "FE_DUP_01",
      "properties": {
        "feature_id": "FE_DUP_01",
        "survey_candidate": "210/3",
        "area": 898.0,
        "feature_type": "Secondary Flight Extraction"
      },
      "geometry": {
        "type": "Polygon",
        "coordinates": [
          [
            [
              76.95502415144196,
              11.002983328260697
            ],
            [
              76.95518793855945,
              11.002999501522275
            ],
            [
              76.95533286590636,
              11.002982167261107
            ],
            [
              76.95534424351136,
              11.003134884043027
            ],
            [
              76.95536034572437,
              11.003269307144395
            ],
            [
              76.95521986031741,
              11.003232351726927
            ],
            [
              76.95505339052555,
              11.003202543968746
            ],
            [
              76.95503034054525,
              11.003105138405425
            ],
            [
              76.95502415144196,
              11.002983328260697
            ]
          ]
        ]
      }
    },
    {
      "type": "Feature",
      "id": "FE_DUP_02",
      "properties": {
        "feature_id": "FE_DUP_02",
        "survey_candidate": "211/4",
        "area": 884.1,
        "feature_type": "Secondary Flight Extraction"
      },
      "geometry": {
        "type": "Polygon",
        "coordinates": [
          [
            [
              76.9553337398147,
              11.002985952328435
            ],
            [
              76.95548916396451,
              11.002984592234535
            ],
            [
              76.95564150878705,
              11.002984420086865
            ],
            [
              76.95564121080994,
              11.003084549532616
            ],
            [
              76.95561665886122,
              11.003217408843787
            ],
            [
              76.95547093454307,
              11.003232624122516
            ],
            [
              76.95536121963272,
              11.003273092211723
            ],
            [
              76.95534511741971,
              11.003138669110355
            ],
            [
              76.9553337398147,
              11.002985952328435
            ]
          ]
        ]
      }
    },
    {
      "type": "Feature",
      "id": "FE_DUP_03",
      "properties": {
        "feature_id": "FE_DUP_03",
        "survey_candidate": "212/1",
        "area": 923.1,
        "feature_type": "Secondary Flight Extraction"
      },
      "geometry": {
        "type": "Polygon",
        "coordinates": [
          [
            [
              76.95564030825592,
              11.002980087885653
            ],
            [
              76.95578445626359,
              11.002991825872295
            ],
            [
              76.95594728731125,
              11.002978245487741
            ],
            [
              76.95596708860754,
              11.003107909356013
            ],
            [
              76.9559894779884,
              11.003228836670479
            ],
            [
              76.95582238982216,
              11.003207223611996
            ],
            [
              76.95561545833009,
              11.003213076642576
            ],
            [
              76.95564001027881,
              11.003080217331405
            ],
            [
              76.95564030825592,
              11.002980087885653
            ]
          ]
        ]
      }
    },
    {
      "type": "Feature",
      "id": "FE_DUP_04",
      "properties": {
        "feature_id": "FE_DUP_04",
        "survey_candidate": "213/2",
        "area": 769.9,
        "feature_type": "Secondary Flight Extraction"
      },
      "geometry": {
        "type": "Polygon",
        "coordinates": [
          [
            [
              76.95594840159211,
              11.0029838628672
            ],
            [
              76.95611698238304,
              11.002973604211192
            ],
            [
              76.95625477779696,
              11.002981783763534
            ],
            [
              76.95624094357181,
              11.003082512257215
            ],
            [
              76.95620137241953,
              11.003208434082461
            ],
            [
              76.95610770906698,
              11.003211570743735
            ],
            [
              76.95599059226926,
              11.003234454049938
            ],
            [
              76.9559682028884,
              11.003113526735472
            ],
            [
              76.95594840159211,
              11.0029838628672
            ]
          ]
        ]
      }
    },
    {
      "type": "Feature",
      "id": "FE_DUP_05",
      "properties": {
        "feature_id": "FE_DUP_05",
        "survey_candidate": "214/3",
        "area": 1100.1,
        "feature_type": "Secondary Flight Extraction"
      },
      "geometry": {
        "type": "Polygon",
        "coordinates": [
          [
            [
              76.95625926311332,
              11.002978087723916
            ],
            [
              76.95640737450275,
              11.002960007796947
            ],
            [
              76.95656524756797,
              11.0029758548018
            ],
            [
              76.9565741222851,
              11.003129298285788
            ],
            [
              76.9565947056626,
              11.003252626346569
            ],
            [
              76.95639797141177,
              11.003241645646709
            ],
            [
              76.9562058577359,
              11.003204738042843
            ],
            [
              76.95624542888818,
              11.003078816217597
            ],
            [
              76.95625926311332,
              11.002978087723916
            ]
          ]
        ]
      }
    },
    {
      "type": "Feature",
      "id": "FE_DUP_06",
      "properties": {
        "feature_id": "FE_DUP_06",
        "survey_candidate": "215/4",
        "area": 1006.3,
        "feature_type": "Secondary Flight Extraction"
      },
      "geometry": {
        "type": "Polygon",
        "coordinates": [
          [
            [
              76.9565636322673,
              11.00297727881166
            ],
            [
              76.9567049306385,
              11.002986849809012
            ],
            [
              76.95686945168987,
              11.00297498109065
            ],
            [
              76.95686409387221,
              11.003137379896362
            ],
            [
              76.95689465884466,
              11.003264299119424
            ],
            [
              76.95674875611175,
              11.003263120675193
            ],
            [
              76.95659309036193,
              11.003254050356428
            ],
            [
              76.95657250698444,
              11.003130722295648
            ],
            [
              76.9565636322673,
              11.00297727881166
            ]
          ]
        ]
      }
    },
    {
      "type": "Feature",
      "id": "FE_DUP_07",
      "properties": {
        "feature_id": "FE_DUP_07",
        "survey_candidate": "216/1",
        "area": 1095.8,
        "feature_type": "Secondary Flight Extraction"
      },
      "geometry": {
        "type": "Polygon",
        "coordinates": [
          [
            [
              76.95687048889343,
              11.002973721529205
            ],
            [
              76.95703154727029,
              11.002964533322194
            ],
            [
              76.95717637658133,
              11.002971450612192
            ],
            [
              76.95717392728346,
              11.003138480393659
            ],
            [
              76.95717231562271,
              11.003285067552568
            ],
            [
              76.95702221977099,
              11.00326365250663
            ],
            [
              76.95689569604822,
              11.003263039557979
            ],
            [
              76.95686513107577,
              11.003136120334917
            ],
            [
              76.95687048889343,
              11.002973721529205
            ]
          ]
        ]
      }
    },
    {
      "type": "Feature",
      "id": "FE_DUP_08",
      "properties": {
        "feature_id": "FE_DUP_08",
        "survey_candidate": "217/2",
        "area": 1011.3,
        "feature_type": "Secondary Flight Extraction"
      },
      "geometry": {
        "type": "Polygon",
        "coordinates": [
          [
            [
              76.95717454371687,
              11.002971670024838
            ],
            [
              76.95731092312037,
              11.002978514366484
            ],
            [
              76.95748073024605,
              11.002969516446113
            ],
            [
              76.95747011598947,
              11.0031172509464
            ],
            [
              76.95746017484507,
              11.003241789722649
            ],
            [
              76.95730217241756,
              11.003248243685377
            ],
            [
              76.95717048275826,
              11.003285286965214
            ],
            [
              76.95717209441901,
              11.003138699806305
            ],
            [
              76.95717454371687,
              11.002971670024838
            ]
          ]
        ]
      }
    },
    {
      "type": "Feature",
      "id": "FE_DUP_09",
      "properties": {
        "feature_id": "FE_DUP_09",
        "survey_candidate": "218/3",
        "area": 1096.4,
        "feature_type": "Secondary Flight Extraction"
      },
      "geometry": {
        "type": "Polygon",
        "coordinates": [
          [
            [
              76.95748174819765,
              11.002971144511598
            ],
            [
              76.95764278823916,
              11.002975420791786
            ],
            [
              76.95778845223012,
              11.002969194127548
            ],
            [
              76.95781057453206,
              11.003101171699184
            ],
            [
              76.95781863223179,
              11.003248494737083
            ],
            [
              76.95764369628915,
              11.00323844307373
            ],
            [
              76.95746119279667,
              11.003243417788134
            ],
            [
              76.95747113394107,
              11.003118879011884
            ],
            [
              76.95748174819765,
              11.002971144511598
            ]
          ]
        ]
      }
    },
    {
      "type": "Feature",
      "id": "FE_DUP_10",
      "properties": {
        "feature_id": "FE_DUP_10",
        "survey_candidate": "219/4",
        "area": 971.7,
        "feature_type": "Secondary Flight Extraction"
      },
      "geometry": {
        "type": "Polygon",
        "coordinates": [
          [
            [
              76.95778665105993,
              11.002968709652917
            ],
            [
              76.95792394708232,
              11.002957854376017
            ],
            [
              76.95809407062652,
              11.002967040219202
            ],
            [
              76.9580947236773,
              11.003100037260566
            ],
            [
              76.9580893958955,
              11.003235151655053
            ],
            [
              76.95796130076613,
              11.003239926411704
            ],
            [
              76.9578168310616,
              11.003248010262451
            ],
            [
              76.95780877336188,
              11.003100687224553
            ],
            [
              76.95778665105993,
              11.002968709652917
            ]
          ]
        ]
      }
    }
  ]
}