point_id,survey_no,latitude,longitude,accuracy_m
GNSS_00001,200/1,11.0029754,76.9518833,0.032
GNSS_00002,200/1,11.0029664,76.9520446,0.028
GNSS_00003,200/1,11.0029777,76.9522008,0.025
GNSS_00004,200/1,11.0030755,76.9522217,0.027
GNSS_00005,200/1,11.0032039,76.9522244,0.02
GNSS_00006,200/1,11.0032236,76.9520594,0.03
GNSS_00007,200/1,11.0032487,76.951892,0.028
GNSS_00008,200/1,11.0031226,76.9518949,0.032
GNSS_00009,201/2,11.0029777,76.9522008,0.034
GNSS_00010,201/2,11.0029826,76.952346,0.019
GNSS_00011,201/2,11.0029799,76.9525181,0.02
GNSS_00012,201/2,11.0030838,76.952495,0.04
GNSS_00013,201/2,11.0032254,76.9525008,0.034
GNSS_00014,201/2,11.0032064,76.9523708,0.036
GNSS_00015,201/2,11.0032039,76.9522244,0.024
GNSS_00016,201/2,11.0030755,76.9522217,0.024
GNSS_00017,184/2,11.0029653,76.9525039,0.026
GNSS_00018,184/2,11.0029863,76.9527065,0.043
GNSS_00019,184/2,11.0029677,76.9528786,0.024
GNSS_00020,184/2,11.0031343,76.9529177,0.023
GNSS_00021,184/2,11.0033106,76.952917,0.038
GNSS_00022,184/2,11.003267,76.9526855,0.038
GNSS_00023,184/2,11.0032557,76.9524834,0.038
GNSS_00024,184/2,11.0030883,76.9524767,0.043
GNSS_00025,203/4,11.0029819,76.9528349,0.043
GNSS_00026,203/4,11.0029892,76.9529854,0.033
GNSS_00027,203/4,11.0029837,76.953151,0.039
GNSS_00028,203/4,11.0031042,76.9531821,0.028
GNSS_00029,203/4,11.0032147,76.9531993,0.032
GNSS_00030,203/4,11.0032331,76.9530206,0.028
GNSS_00031,203/4,11.0032719,76.9528673,0.025
GNSS_00032,203/4,11.0031228,76.9528679,0.032
GNSS_00033,204/1,11.0029837,76.953151,0.038
GNSS_00034,204/1,11.0029691,76.9533173,0.039
GNSS_00035,204/1,11.0029851,76.9534663,0.027
GNSS_00036,204/1,11.0031015,76.9534767,0.023
GNSS_00037,204/1,11.0032099,76.9534613,0.026
GNSS_00038,204/1,11.0032132,76.9533495,0.019
GNSS_00039,204/1,11.0032147,76.9531993,0.041
GNSS_00040,204/1,11.0031042,76.9531821,0.038
GNSS_00041,205/2,11.0029851,76.9534663,0.034
GNSS_00042,205/2,11.0029954,76.9536074,0.029
GNSS_00043,205/2,11.0029861,76.9537807,0.022
GNSS_00044,205/2,11.0031157,76.9537765,0.027
GNSS_00045,205/2,11.0032574,76.9537516,0.028
GNSS_00046,205/2,11.0032238,76.9535941,0.041
GNSS_00047,205/2,11.0032099,76.9534613,0.031
GNSS_00048,205/2,11.0031015,76.9534767,0.036
GNSS_00049,206/3,11.0029861,76.9537807,0.031
GNSS_00050,206/3,11.0030039,76.953922,0.038
GNSS_00051,206/3,11.0029867,76.9540939,0.038
GNSS_00052,206/3,11.0031006,76.9540682,0.03
GNSS_00053,206/3,11.003227,76.954042,0.038
GNSS_00054,206/3,11.003234,76.9538982,0.028
GNSS_00055,206/3,11.0032574,76.9537516,0.022
GNSS_00056,206/3,11.0031157,76.9537765,0.033
GNSS_00057,207/4,11.0029867,76.9540939,0.035
GNSS_00058,207/4,11.0029822,76.954247,0.02
GNSS_00059,207/4,11.0029869,76.954406,0.019
GNSS_00060,207/4,11.003142,76.954399,0.041
GNSS_00061,207/4,11.0032607,76.9544209,0.044
GNSS_00062,207/4,11.0032304,76.9542394,0.036
GNSS_00063,207/4,11.003227,76.954042,0.039
GNSS_00064,207/4,11.0031006,76.9540682,0.029
GNSS_00065,208/1,11.0029869,76.954406,0.018
GNSS_00066,208/1,11.0029984,76.9545755,0.032
GNSS_00067,208/1,11.0029866,76.9547169,0.028
GNSS_00068,208/1,11.0031228,76.9547075,0.035
GNSS_00069,208/1,11.0032641,76.9546829,0.036
GNSS_00070,208/1,11.0032651,76.9545669,0.035
GNSS_00071,208/1,11.0032607,76.9544209,0.031
GNSS_00072,208/1,11.003142,76.954399,0.031
GNSS_00073,209/2,11.0029866,76.9547169,0.018
GNSS_00074,209/2,11.0029981,76.9548773,0.037
GNSS_00075,209/2,11.0029859,76.9550267,0.032
GNSS_00076,209/2,11.0031077,76.9550329,0.026
GNSS_00077,209/2,11.0032051,76.9550559,0.032
GNSS_00078,209/2,11.0032185,76.9548567,0.037
GNSS_00079,209/2,11.0032641,76.9546829,0.03
GNSS_00080,209/2,11.0031228,76.9547075,0.043
GNSS_00081,210/3,11.0029859,76.9550267,0.022
GNSS_00082,210/3,11.003002,76.9551905,0.023
GNSS_00083,210/3,11.0029847,76.9553354,0.032
GNSS_00084,210/3,11.0031374,76.9553468,0.04
GNSS_00085,210/3,11.0032718,76.9553629,0.025
GNSS_00086,210/3,11.0032349,76.9552224,0.029
GNSS_00087,210/3,11.0032051,76.9550559,0.028
GNSS_00088,210/3,11.0031077,76.9550329,0.029
GNSS_00089,211/4,11.0029847,76.9553354,0.026
GNSS_00090,211/4,11.0029833,76.9554908,0.04
GNSS_00091,211/4,11.0029832,76.9556432,0.02
GNSS_00092,211/4,11.0030833,76.9556429,0.045
GNSS_00093,211/4,11.0032162,76.9556183,0.036
GNSS_00094,211/4,11.0032314,76.9554726,0.019
GNSS_00095,211/4,11.0032718,76.9553629,0.029
GNSS_00096,211/4,11.0031374,76.9553468,0.028
GNSS_00097,212/1,11.0029832,76.9556432,0.023
GNSS_00098,212/1,11.0029949,76.9557873,0.031
GNSS_00099,212/1,11.0029813,76.9559501,0.03
GNSS_00100,212/1,11.003111,76.9559699,0.039
GNSS_00101,212/1,11.0032319,76.9559923,0.033
GNSS_00102,212/1,11.0032103,76.9558252,0.041
GNSS_00103,212/1,11.0032162,76.9556183,0.021
GNSS_00104,212/1,11.0030833,76.9556429,0.032
GNSS_00105,213/2,11.0029813,76.9559501,0.037
GNSS_00106,213/2,11.0029711,76.9561187,0.033
GNSS_00107,213/2,11.0029793,76.9562565,0.025
GNSS_00108,213/2,11.00308,76.9562427,0.043
GNSS_00109,213/2,11.0032059,76.9562031,0.036
GNSS_00110,213/2,11.003209,76.9561094,0.026
GNSS_00111,213/2,11.0032319,76.9559923,0.033
GNSS_00112,213/2,11.003111,76.9559699,0.036
GNSS_00113,214/3,11.0029793,76.9562565,0.044
GNSS_00114,214/3,11.0029612,76.9564046,0.034
GNSS_00115,214/3,11.002977,76.9565625,0.038
GNSS_00116,214/3,11.0031305,76.9565714,0.037
GNSS_00117,214/3,11.0032538,76.956592,0.029
GNSS_00118,214/3,11.0032428,76.9563952,0.02
GNSS_00119,214/3,11.0032059,76.9562031,0.022
GNSS_00120,214/3,11.00308,76.9562427,0.024
GNSS_00121,215/4,11.002977,76.9565625,0.028
GNSS_00122,215/4,11.0029866,76.9567038,0.038
GNSS_00123,215/4,11.0029747,76.9568683,0.039
GNSS_00124,215/4,11.0031371,76.956863,0.037
GNSS_00125,215/4,11.003264,76.9568935,0.02
GNSS_00126,215/4,11.0032629,76.9567476,0.038
GNSS_00127,215/4,11.0032538,76.956592,0.027
GNSS_00128,215/4,11.0031305,76.9565714,0.021
GNSS_00129,216/1,11.0029747,76.9568683,0.039
GNSS_00130,216/1,11.0029655,76.9570294,0.044
GNSS_00131,216/1,11.0029725,76.9571742,0.029
GNSS_00132,216/1,11.0031395,76.9571718,0.039
GNSS_00133,216/1,11.0032861,76.9571701,0.019
GNSS_00134,216/1,11.0032647,76.95702,0.025
GNSS_00135,216/1,11.003264,76.9568935,0.045
GNSS_00136,216/1,11.0031371,76.956863,0.031
GNSS_00137,217/2,11.0029725,76.9571742,0.023
GNSS_00138,217/2,11.0029793,76.9573106,0.034
GNSS_00139,217/2,11.0029703,76.9574804,0.028
GNSS_00140,217/2,11.003118,76.9574698,0.039
GNSS_00141,217/2,11.0032426,76.9574598,0.026
GNSS_00142,217/2,11.003249,76.9573018,0.025
GNSS_00143,217/2,11.0032861,76.9571701,0.02
GNSS_00144,217/2,11.0031395,76.9571718,0.025
GNSS_00145,218/3,11.0029703,76.9574804,0.038
GNSS_00146,218/3,11.0029746,76.9576414,0.027
GNSS_00147,218/3,11.0029684,76.9577871,0.021
GNSS_00148,218/3,11.0031003,76.9578092,0.018
GNSS_00149,218/3,11.0032477,76.9578173,0.026
GNSS_00150,218/3,11.0032376,76.9576423,0.028
GNSS_00151,218/3,11.0032426,76.9574598,0.025
GNSS_00152,218/3,11.003118,76.9574698,0.022
GNSS_00153,219/4,11.0029684,76.9577871,0.032
GNSS_00154,219/4,11.0029575,76.9579244,0.021
GNSS_00155,219/4,11.0029667,76.9580945,0.02
GNSS_00156,219/4,11.0030997,76.9580952,0.033
GNSS_00157,219/4,11.0032348,76.9580898,0.034
GNSS_00158,219/4,11.0032396,76.9579617,0.039
GNSS_00159,219/4,11.0032477,76.9578173,0.041
GNSS_00160,219/4,11.0031003,76.9578092,0.018
GNSS_00161,220/1,11.0032487,76.951892,0.042
GNSS_00162,220/1,11.0032236,76.9520594,0.042
GNSS_00163,220/1,11.0032039,76.9522244,0.044
GNSS_00164,220/1,11.0033525,76.952231,0.033
GNSS_00165,220/1,11.0035312,76.9522558,0.023
GNSS_00166,220/1,11.0035421,76.9520843,0.028
GNSS_00167,220/1,11.0035218,76.9518998,0.022
GNSS_00168,220/1,11.0033786,76.9519049,0.026
GNSS_00169,221/2,11.0032039,76.9522244,0.025
GNSS_00170,221/2,11.0032064,76.9523708,0.026
GNSS_00171,221/2,11.0032254,76.9525008,0.039
GNSS_00172,221/2,11.0033631,76.9525286,0.028
GNSS_00173,221/2,11.00348,76.9525538,0.043
GNSS_00174,221/2,11.0035203,76.9524108,0.037
GNSS_00175,221/2,11.0035312,76.9522558,0.031
GNSS_00176,221/2,11.0033525,76.952231,0.035
GNSS_00177,222/3,11.0032254,76.9525008,0.044
GNSS_00178,222/3,11.0032349,76.9526716,0.027
GNSS_00179,222/3,11.0032719,76.9528673,0.035
GNSS_00180,222/3,11.0033974,76.9528409,0.04
GNSS_00181,222/3,11.0035052,76.9528157,0.027
GNSS_00182,222/3,11.0034857,76.9526713,0.027
GNSS_00183,222/3,11.00348,76.9525538,0.04
GNSS_00184,222/3,11.0033631,76.9525286,0.041
GNSS_00185,223/4,11.0032719,76.9528673,0.044
GNSS_00186,223/4,11.0032331,76.9530206,0.023
GNSS_00187,223/4,11.0032147,76.9531993,0.026
GNSS_00188,223/4,11.0033416,76.953148,0.044
GNSS_00189,223/4,11.0035002,76.9531127,0.044
GNSS_00190,223/4,11.0034892,76.9529557,0.026
GNSS_00191,223/4,11.0035052,76.9528157,0.037
GNSS_00192,223/4,11.0033974,76.9528409,0.031
GNSS_00193,224/1,11.0032147,76.9531993,0.026
GNSS_00194,224/1,11.0032132,76.9533495,0.039
GNSS_00195,224/1,11.0032099,76.9534613,0.028
GNSS_00196,224/1,11.0033381,76.9534324,0.043
GNSS_00197,224/1,11.0035048,76.9534271,0.023
GNSS_00198,224/1,11.0035025,76.9532877,0.045
GNSS_00199,224/1,11.0035002,76.9531127,0.023
GNSS_00200,224/1,11.0033416,76.953148,0.039
GNSS_00201,225/2,11.0032099,76.9534613,0.037
GNSS_00202,225/2,11.0032238,76.9535941,0.03
GNSS_00203,225/2,11.0032574,76.9537516,0.026
GNSS_00204,225/2,11.0033874,76.9537916,0.037
GNSS_00205,225/2,11.0035131,76.9537968,0.04
GNSS_00206,225/2,11.0035065,76.9535934,0.039
GNSS_00207,225/2,11.0035048,76.9534271,0.029
GNSS_00208,225/2,11.0033381,76.9534324,0.031
GNSS_00209,226/3,11.0032574,76.9537516,0.022
GNSS_00210,226/3,11.003234,76.9538982,0.029
GNSS_00211,226/3,11.003227,76.954042,0.028
GNSS_00212,226/3,11.0033616,76.9540732,0.03
GNSS_00213,226/3,11.003497,76.9540774,0.034
GNSS_00214,226/3,11.0035217,76.9539206,0.034
GNSS_00215,226/3,11.0035131,76.9537968,0.032
GNSS_00216,226/3,11.0033874,76.9537916,0.043
GNSS_00217,227/4,11.003227,76.954042,0.044
GNSS_00218,227/4,11.0032304,76.9542394,0.037
GNSS_00219,227/4,11.0032607,76.9544209,0.04
GNSS_00220,227/4,11.0034119,76.9543967,0.034
GNSS_00221,227/4,11.0035678,76.9543747,0.043
GNSS_00222,227/4,11.0035504,76.9542442,0.021
GNSS_00223,227/4,11.003497,76.9540774,0.025
GNSS_00224,227/4,11.0033616,76.9540732,0.036
GNSS_00225,228/1,11.0032607,76.9544209,0.045
GNSS_00226,228/1,11.0032651,76.9545669,0.036
GNSS_00227,228/1,11.0032641,76.9546829,0.029
GNSS_00228,228/1,11.0033981,76.9547198,0.038
GNSS_00229,228/1,11.0035339,76.9547244,0.044
GNSS_00230,228/1,11.0035601,76.954531,0.03
GNSS_00231,228/1,11.0035678,76.9543747,0.018
GNSS_00232,228/1,11.0034119,76.9543967,0.025
GNSS_00233,229/2,11.0032641,76.9546829,0.037
GNSS_00234,229/2,11.0032185,76.9548567,0.024
GNSS_00235,229/2,11.0032051,76.9550559,0.028
GNSS_00236,229/2,11.0033796,76.9550018,0.031
GNSS_00237,229/2,11.0035439,76.9549789,0.036
GNSS_00238,229/2,11.0035274,76.9548685,0.037
GNSS_00239,229/2,11.0035339,76.9547244,0.022
GNSS_00240,229/2,11.0033981,76.9547198,0.045
GNSS_00241,230/3,11.0032051,76.9550559,0.044
GNSS_00242,230/3,11.0032349,76.9552224,0.021
GNSS_00243,230/3,11.0032718,76.9553629,0.043
GNSS_00244,230/3,11.0033818,76.955326,0.022
GNSS_00245,230/3,11.0035072,76.9552845,0.026
GNSS_00246,230/3,11.0035109,76.9551314,0.03
GNSS_00247,230/3,11.0035439,76.9549789,0.024
GNSS_00248,230/3,11.0033796,76.9550018,0.031
GNSS_00249,231/4,11.0032718,76.9553629,0.03
GNSS_00250,231/4,11.0032314,76.9554726,0.02
GNSS_00251,231/4,11.0032162,76.9556183,0.019
GNSS_00252,231/4,11.0033777,76.9556595,0.037
GNSS_00253,231/4,11.0035308,76.9556813,0.019
GNSS_00254,231/4,11.0035319,76.9554898,0.027
GNSS_00255,231/4,11.0035072,76.9552845,0.021
GNSS_00256,231/4,11.0033818,76.955326,0.04
GNSS_00257,232/1,11.0032162,76.9556183,0.022
GNSS_00258,232/1,11.0032103,76.9558252,0.033
GNSS_00259,232/1,11.0032319,76.9559923,0.044
GNSS_00260,232/1,11.0033805,76.9559668,0.024
GNSS_00261,232/1,11.0035329,76.9559396,0.029
GNSS_00262,232/1,11.0035479,76.9558019,0.023
GNSS_00263,232/1,11.0035308,76.9556813,0.035
GNSS_00264,232/1,11.0033777,76.9556595,0.03
GNSS_00265,233/2,11.0032319,76.9559923,0.03
GNSS_00266,233/2,11.003209,76.9561094,0.03
GNSS_00267,233/2,11.0032059,76.9562031,0.018
GNSS_00268,233/2,11.0033651,76.956258,0.024
GNSS_00269,233/2,11.0035397,76.9562769,0.026
GNSS_00270,233/2,11.0035296,76.9561064,0.037
GNSS_00271,233/2,11.0035329,76.9559396,0.039
GNSS_00272,233/2,11.0033805,76.9559668,0.034
GNSS_00273,234/3,11.0032059,76.9562031,0.03
GNSS_00274,234/3,11.0032428,76.9563952,0.025
GNSS_00275,234/3,11.0032538,76.956592,0.041
GNSS_00276,234/3,11.0033766,76.9565626,0.032
GNSS_00277,234/3,11.0034639,76.9565156,0.035
GNSS_00278,234/3,11.0035023,76.9563924,0.034
GNSS_00279,234/3,11.0035397,76.9562769,0.035
GNSS_00280,234/3,11.0033651,76.956258,0.034
GNSS_00281,235/4,11.0032538,76.956592,0.023
GNSS_00282,235/4,11.0032629,76.9567476,0.036
GNSS_00283,235/4,11.003264,76.9568935,0.04
GNSS_00284,235/4,11.0033611,76.9568685,0.043
GNSS_00285,235/4,11.0034853,76.9568318,0.034
GNSS_00286,235/4,11.0034714,76.9566754,0.036
GNSS_00287,235/4,11.0034639,76.9565156,0.026
GNSS_00288,235/4,11.0033766,76.9565626,0.024
GNSS_00289,236/1,11.003264,76.9568935,0.032
GNSS_00290,236/1,11.0032647,76.95702,0.029
GNSS_00291,236/1,11.0032861,76.9571701,0.022
GNSS_00292,236/1,11.0034163,76.9571307,0.028
GNSS_00293,236/1,11.0035504,76.9571277,0.023
GNSS_00294,236/1,11.0035223,76.9569901,0.035
GNSS_00295,236/1,11.0034853,76.9568318,0.037
GNSS_00296,236/1,11.0033611,76.9568685,0.035
GNSS_00297,237/2,11.0032861,76.9571701,0.022
GNSS_00298,237/2,11.003249,76.9573018,0.026
GNSS_00299,237/2,11.0032426,76.9574598,0.03
GNSS_00300,237/2,11.0033729,76.9574747,0.019
GNSS_00301,237/2,11.0034869,76.9575092,0.028
GNSS_00302,237/2,11.0035341,76.9573204,0.018
GNSS_00303,237/2,11.0035504,76.9571277,0.022
GNSS_00304,237/2,11.0034163,76.9571307,0.04
GNSS_00305,238/3,11.0032426,76.9574598,0.032
GNSS_00306,238/3,11.0032376,76.9576423,0.031
GNSS_00307,238/3,11.0032477,76.9578173,0.036
GNSS_00308,238/3,11.0033876,76.9578126,0.029
GNSS_00309,238/3,11.003494,76.9577942,0.041
GNSS_00310,238/3,11.0035075,76.9576364,0.031
GNSS_00311,238/3,11.0034869,76.9575092,0.02
GNSS_00312,238/3,11.0033729,76.9574747,0.019
GNSS_00313,239/4,11.0032477,76.9578173,0.033
GNSS_00314,239/4,11.0032396,76.9579617,0.023
GNSS_00315,239/4,11.0032348,76.9580898,0.03
GNSS_00316,239/4,11.0033743,76.9580993,0.038
GNSS_00317,239/4,11.0035038,76.9580876,0.039
GNSS_00318,239/4,11.0035008,76.9579271,0.033
GNSS_00319,239/4,11.003494,76.9577942,0.021
GNSS_00320,239/4,11.0033876,76.9578126,0.021
GNSS_00321,240/1,11.0035218,76.9518998,0.04
GNSS_00322,240/1,11.0035421,76.9520843,0.019
GNSS_00323,240/1,11.0035312,76.9522558,0.037
GNSS_00324,240/1,11.0036444,76.9522732,0.033
GNSS_00325,240/1,11.0037914,76.9522667,0.045
GNSS_00326,240/1,11.0037791,76.9520849,0.021
GNSS_00327,240/1,11.0037943,76.9519063,0.04
GNSS_00328,240/1,11.0036598,76.9519003,0.038
GNSS_00329,241/2,11.0035312,76.9522558,0.025
GNSS_00330,241/2,11.0035203,76.9524108,0.041
GNSS_00331,241/2,11.00348,76.9525538,0.02
GNSS_00332,241/2,11.0036284,76.9525406,0.041
GNSS_00333,241/2,11.0037713,76.952509,0.021
GNSS_00334,241/2,11.0037817,76.9523966,0.04
GNSS_00335,241/2,11.0037914,76.9522667,0.024
GNSS_00336,241/2,11.0036444,76.9522732,0.038
GNSS_00337,242/3,11.00348,76.9525538,0.035
GNSS_00338,242/3,11.0034857,76.9526713,0.022
GNSS_00339,242/3,11.0035052,76.9528157,0.022
GNSS_00340,242/3,11.0036471,76.9528419,0.024
GNSS_00341,242/3,11.0037732,76.9528543,0.024
GNSS_00342,242/3,11.003763,76.952701,0.02
GNSS_00343,242/3,11.0037713,76.952509,0.027
GNSS_00344,242/3,11.0036284,76.9525406,0.026
GNSS_00345,243/4,11.0035052,76.9528157,0.026
GNSS_00346,243/4,11.0034892,76.9529557,0.033
GNSS_00347,243/4,11.0035002,76.9531127,0.044
GNSS_00348,243/4,11.0036515,76.9531403,0.032
GNSS_00349,243/4,11.003836,76.9531684,0.042
GNSS_00350,243/4,11.0038049,76.9530284,0.04
GNSS_00351,243/4,11.0037732,76.9528543,0.022
GNSS_00352,243/4,11.0036471,76.9528419,0.038
GNSS_00353,244/1,11.0035002,76.9531127,0.041
GNSS_00354,244/1,11.0035025,76.9532877,0.021
GNSS_00355,244/1,11.0035048,76.9534271,0.041
GNSS_00356,244/1,11.0036267,76.9534362,0.025
GNSS_00357,244/1,11.0037684,76.9534583,0.037
GNSS_00358,244/1,11.0038126,76.9533043,0.04
GNSS_00359,244/1,11.003836,76.9531684,0.039
GNSS_00360,244/1,11.0036515,76.9531403,0.036
GNSS_00361,245/2,11.0035048,76.9534271,0.035
GNSS_00362,245/2,11.0035065,76.9535934,0.028
GNSS_00363,245/2,11.0035131,76.9537968,0.02
GNSS_00364,245/2,11.0036576,76.9538274,0.039
GNSS_00365,245/2,11.0037961,76.9538334,0.039
GNSS_00366,245/2,11.0037938,76.9536462,0.029
GNSS_00367,245/2,11.0037684,76.9534583,0.038
GNSS_00368,245/2,11.0036267,76.9534362,0.037
GNSS_00369,246/3,11.0035131,76.9537968,0.034
GNSS_00370,246/3,11.0035217,76.9539206,0.041
GNSS_00371,246/3,11.003497,76.9540774,0.041
GNSS_00372,246/3,11.0036139,76.9540659,0.021
GNSS_00373,246/3,11.003749,76.9540419,0.044
GNSS_00374,246/3,11.0037905,76.9539411,0.035
GNSS_00375,246/3,11.0037961,76.9538334,0.037
GNSS_00376,246/3,11.0036576,76.9538274,0.041
GNSS_00377,247/4,11.003497,76.9540774,0.04
GNSS_00378,247/4,11.0035504,76.9542442,0.031
GNSS_00379,247/4,11.0035678,76.9543747,0.027
GNSS_00380,247/4,11.0036923,76.9543619,0.026
GNSS_00381,247/4,11.0038047,76.9543513,0.033
GNSS_00382,247/4,11.0037713,76.9541981,0.022
GNSS_00383,247/4,11.003749,76.9540419,0.041
GNSS_00384,247/4,11.0036139,76.9540659,0.039
GNSS_00385,248/1,11.0035678,76.9543747,0.035
GNSS_00386,248/1,11.0035601,76.954531,0.041
GNSS_00387,248/1,11.0035339,76.9547244,0.018
GNSS_00388,248/1,11.0036635,76.9547318,0.043
GNSS_00389,248/1,11.0037825,76.954733,0.022
GNSS_00390,248/1,11.0037872,76.9545403,0.03
GNSS_00391,248/1,11.0038047,76.9543513,0.045
GNSS_00392,248/1,11.0036923,76.9543619,0.03
GNSS_00393,249/2,11.0035339,76.9547244,0.026
GNSS_00394,249/2,11.0035274,76.9548685,0.042
GNSS_00395,249/2,11.0035439,76.9549789,0.042
GNSS_00396,249/2,11.0036535,76.9549634,0.021
GNSS_00397,249/2,11.0037763,76.954959,0.028
GNSS_00398,249/2,11.0037698,76.9548489,0.02
GNSS_00399,249/2,11.0037825,76.954733,0.036
GNSS_00400,249/2,11.0036635,76.9547318,0.036
GNSS_00401,250/3,11.0035439,76.9549789,0.037
GNSS_00402,250/3,11.0035109,76.9551314,0.024
GNSS_00403,250/3,11.0035072,76.9552845,0.036
GNSS_00404,250/3,11.0036556,76.9553197,0.037
GNSS_00405,250/3,11.0037886,76.9553675,0.018
GNSS_00406,250/3,11.0037898,76.9551731,0.031
GNSS_00407,250/3,11.0037763,76.954959,0.022
GNSS_00408,250/3,11.0036535,76.9549634,0.024
GNSS_00409,251/4,11.0035072,76.9552845,0.027
GNSS_00410,251/4,11.0035319,76.9554898,0.021
GNSS_00411,251/4,11.0035308,76.9556813,0.041
GNSS_00412,251/4,11.0036769,76.9556874,0.037
GNSS_00413,251/4,11.0038191,76.9556705,0.031
GNSS_00414,251/4,11.0038154,76.9555256,0.024
GNSS_00415,251/4,11.0037886,76.9553675,0.02
GNSS_00416,251/4,11.0036556,76.9553197,0.04
GNSS_00417,252/1,11.0035308,76.9556813,0.022
GNSS_00418,252/1,11.0035479,76.9558019,0.039
GNSS_00419,252/1,11.0035329,76.9559396,0.038
GNSS_00420,252/1,11.0036866,76.9558988,0.022
GNSS_00421,252/1,11.003803,76.955871,0.045
GNSS_00422,252/1,11.0038112,76.9557521,0.022
GNSS_00423,252/1,11.0038191,76.9556705,0.032
GNSS_00424,252/1,11.0036769,76.9556874,0.018
GNSS_00425,253/2,11.0035329,76.9559396,0.024
GNSS_00426,253/2,11.0035296,76.9561064,0.038
GNSS_00427,253/2,11.0035397,76.9562769,0.043
GNSS_00428,253/2,11.0036675,76.9562819,0.035
GNSS_00429,253/2,11.0037828,76.9562511,0.03
GNSS_00430,253/2,11.0037908,76.9560762,0.024
GNSS_00431,253/2,11.003803,76.955871,0.042
GNSS_00432,253/2,11.0036866,76.9558988,0.022
GNSS_00433,254/3,11.0035397,76.9562769,0.044
GNSS_00434,254/3,11.0035023,76.9563924,0.026
GNSS_00435,254/3,11.0034639,76.9565156,0.022
GNSS_00436,254/3,11.0036221,76.9565026,0.025
GNSS_00437,254/3,11.0037913,76.9565125,0.02
GNSS_00438,254/3,11.0037838,76.9563908,0.033
GNSS_00439,254/3,11.0037828,76.9562511,0.034
GNSS_00440,254/3,11.0036675,76.9562819,0.034
GNSS_00441,255/4,11.0034639,76.9565156,0.042
GNSS_00442,255/4,11.0034714,76.9566754,0.024
GNSS_00443,255/4,11.0034853,76.9568318,0.034
GNSS_00444,255/4,11.0036156,76.9568271,0.023
GNSS_00445,255/4,11.0037694,76.9568033,0.029
GNSS_00446,255/4,11.0037972,76.9566567,0.035
GNSS_00447,255/4,11.0037913,76.9565125,0.039
GNSS_00448,255/4,11.0036221,76.9565026,0.039
GNSS_00449,256/1,11.0034853,76.9568318,0.031
GNSS_00450,256/1,11.0035223,76.9569901,0.034
GNSS_00451,256/1,11.0035504,76.9571277,0.032
GNSS_00452,256/1,11.0036929,76.9571365,0.044
GNSS_00453,256/1,11.0038196,76.9571497,0.045
GNSS_00454,256/1,11.0038071,76.9569826,0.043
GNSS_00455,256/1,11.0037694,76.9568033,0.022
GNSS_00456,256/1,11.0036156,76.9568271,0.041
GNSS_00457,257/2,11.0035504,76.9571277,0.023
GNSS_00458,257/2,11.0035341,76.9573204,0.031
GNSS_00459,257/2,11.0034869,76.9575092,0.045
GNSS_00460,257/2,11.0036084,76.9575116,0.02
GNSS_00461,257/2,11.0037506,76.957506,0.034
GNSS_00462,257/2,11.0037785,76.957323,0.018
GNSS_00463,257/2,11.0038196,76.9571497,0.024
GNSS_00464,257/2,11.0036929,76.9571365,0.043
GNSS_00465,258/3,11.0034869,76.9575092,0.032
GNSS_00466,258/3,11.0035075,76.9576364,0.029
GNSS_00467,258/3,11.003494,76.9577942,0.037
GNSS_00468,258/3,11.0036019,76.9577869,0.02
GNSS_00469,258/3,11.0037419,76.9577758,0.032
GNSS_00470,258/3,11.0037295,76.9576559,0.035
GNSS_00471,258/3,11.0037506,76.957506,0.025
GNSS_00472,258/3,11.0036084,76.9575116,0.026
GNSS_00473,259/4,11.003494,76.9577942,0.022
GNSS_00474,259/4,11.0035008,76.9579271,0.027
GNSS_00475,259/4,11.0035038,76.9580876,0.034
GNSS_00476,259/4,11.0036552,76.9581058,0.039
GNSS_00477,259/4,11.0037739,76.9580879,0.036
GNSS_00478,259/4,11.0037758,76.9579488,0.035
GNSS_00479,259/4,11.0037419,76.9577758,0.026
GNSS_00480,259/4,11.0036019,76.9577869,0.03
GNSS_00481,260/1,11.0037943,76.9519063,0.03
GNSS_00482,260/1,11.0037791,76.9520849,0.03
GNSS_00483,260/1,11.0037914,76.9522667,0.034
GNSS_00484,260/1,11.0039606,76.9522597,0.026
GNSS_00485,260/1,11.0041032,76.9522693,0.038
GNSS_00486,260/1,11.0040825,76.952105,0.038
GNSS_00487,260/1,11.0040659,76.9519106,0.021
GNSS_00488,260/1,11.00393,76.9519206,0.037
GNSS_00489,261/2,11.0037914,76.9522667,0.027
GNSS_00490,261/2,11.0037817,76.9523966,0.032
GNSS_00491,261/2,11.0037713,76.952509,0.04
GNSS_00492,261/2,11.0039212,76.9525133,0.025
GNSS_00493,261/2,11.0040805,76.9525138,0.028
GNSS_00494,261/2,11.0041025,76.9523732,0.038
GNSS_00495,261/2,11.0041032,76.9522693,0.042
GNSS_00496,261/2,11.0039606,76.9522597,0.038
GNSS_00497,262/3,11.0037713,76.952509,0.04
GNSS_00498,262/3,11.003763,76.952701,0.025
GNSS_00499,262/3,11.0037732,76.9528543,0.02
GNSS_00500,262/3,11.0039171,76.9528705,0.037
GNSS_00501,262/3,11.004032,76.9528589,0.034
GNSS_00502,262/3,11.0040574,76.952672,0.02
GNSS_00503,262/3,11.0040805,76.9525138,0.03
GNSS_00504,262/3,11.0039212,76.9525133,0.028
GNSS_00505,263/4,11.0037732,76.9528543,0.022
GNSS_00506,263/4,11.0038049,76.9530284,0.039
GNSS_00507,263/4,11.003836,76.9531684,0.042
GNSS_00508,263/4,11.00397,76.9531738,0.036
GNSS_00509,263/4,11.0040696,76.9531855,0.021
GNSS_00510,263/4,11.0040356,76.9530089,0.038
GNSS_00511,263/4,11.004032,76.9528589,0.018
GNSS_00512,263/4,11.0039171,76.9528705,0.041
GNSS_00513,264/1,11.003836,76.9531684,0.028
GNSS_00514,264/1,11.0038126,76.9533043,0.022
GNSS_00515,264/1,11.0037684,76.9534583,0.043
GNSS_00516,264/1,11.00391,76.9534692,0.041
GNSS_00517,264/1,11.0040675,76.953496,0.033
GNSS_00518,264/1,11.0040834,76.9533303,0.043
GNSS_00519,264/1,11.0040696,76.9531855,0.038
GNSS_00520,264/1,11.00397,76.9531738,0.029
GNSS_00521,265/2,11.0037684,76.9534583,0.025
GNSS_00522,265/2,11.0037938,76.9536462,0.043
GNSS_00523,265/2,11.0037961,76.9538334,0.027
GNSS_00524,265/2,11.0039069,76.9537754,0.04
GNSS_00525,265/2,11.0040456,76.9537182,0.033
GNSS_00526,265/2,11.0040477,76.9535972,0.021
GNSS_00527,265/2,11.0040675,76.953496,0.036
GNSS_00528,265/2,11.00391,76.9534692,0.019
GNSS_00529,266/3,11.0037961,76.9538334,0.044
GNSS_00530,266/3,11.0037905,76.9539411,0.02
GNSS_00531,266/3,11.003749,76.9540419,0.031
GNSS_00532,266/3,11.003928,76.9540365,0.026
GNSS_00533,266/3,11.0041036,76.9540272,0.041
GNSS_00534,266/3,11.004081,76.9538889,0.027
GNSS_00535,266/3,11.0040456,76.9537182,0.033
GNSS_00536,266/3,11.0039069,76.9537754,0.018
GNSS_00537,267/4,11.003749,76.9540419,0.038
GNSS_00538,267/4,11.0037713,76.9541981,0.025
GNSS_00539,267/4,11.0038047,76.9543513,0.028
GNSS_00540,267/4,11.0039561,76.9543783,0.044
GNSS_00541,267/4,11.0040919,76.9544281,0.045
GNSS_00542,267/4,11.0041009,76.9542215,0.039
GNSS_00543,267/4,11.0041036,76.9540272,0.038
GNSS_00544,267/4,11.003928,76.9540365,0.033
GNSS_00545,268/1,11.0038047,76.9543513,0.019
GNSS_00546,268/1,11.0037872,76.9545403,0.033
GNSS_00547,268/1,11.0037825,76.954733,0.035
GNSS_00548,268/1,11.0038797,76.9547122,0.037
GNSS_00549,268/1,11.0040131,76.9546713,0.018
GNSS_00550,268/1,11.0040649,76.9545396,0.027
GNSS_00551,268/1,11.0040919,76.9544281,0.038
GNSS_00552,268/1,11.0039561,76.9543783,0.028
GNSS_00553,269/2,11.0037825,76.954733,0.032
GNSS_00554,269/2,11.0037698,76.9548489,0.024
GNSS_00555,269/2,11.0037763,76.954959,0.031
GNSS_00556,269/2,11.003933,76.9550109,0.02
GNSS_00557,269/2,11.0040988,76.9550399,0.045
GNSS_00558,269/2,11.0040464,76.9548549,0.037
GNSS_00559,269/2,11.0040131,76.9546713,0.021
GNSS_00560,269/2,11.0038797,76.9547122,0.043
GNSS_00561,270/3,11.0037763,76.954959,0.03
GNSS_00562,270/3,11.0037898,76.9551731,0.038
GNSS_00563,270/3,11.0037886,76.9553675,0.034
GNSS_00564,270/3,11.0039195,76.9553307,0.032
GNSS_00565,270/3,11.0040509,76.9552586,0.035
GNSS_00566,270/3,11.0040674,76.9551691,0.029
GNSS_00567,270/3,11.0040988,76.9550399,0.034
GNSS_00568,270/3,11.003933,76.9550109,0.02
GNSS_00569,271/4,11.0037886,76.9553675,0.025
GNSS_00570,271/4,11.0038154,76.9555256,0.027
GNSS_00571,271/4,11.0038191,76.9556705,0.04
GNSS_00572,271/4,11.0039621,76.9556201,0.037
GNSS_00573,271/4,11.0040759,76.955563,0.038
GNSS_00574,271/4,11.0040657,76.9554017,0.027
GNSS_00575,271/4,11.0040509,76.9552586,0.025
GNSS_00576,271/4,11.0039195,76.9553307,0.02
GNSS_00577,272/1,11.0038191,76.9556705,0.021
GNSS_00578,272/1,11.0038112,76.9557521,0.021
GNSS_00579,272/1,11.003803,76.955871,0.03
GNSS_00580,272/1,11.0039055,76.9559096,0.026
GNSS_00581,272/1,11.0040114,76.9559463,0.021
GNSS_00582,272/1,11.0040474,76.9557365,0.028
GNSS_00583,272/1,11.0040759,76.955563,0.039
GNSS_00584,272/1,11.0039621,76.9556201,0.03
GNSS_00585,273/2,11.003803,76.955871,0.037
GNSS_00586,273/2,11.0037908,76.9560762,0.04
GNSS_00587,273/2,11.0037828,76.9562511,0.037
GNSS_00588,273/2,11.0039034,76.9562421,0.019
GNSS_00589,273/2,11.0040514,76.9562218,0.041
GNSS_00590,273/2,11.0040421,76.9560754,0.027
GNSS_00591,273/2,11.0040114,76.9559463,0.02
GNSS_00592,273/2,11.0039055,76.9559096,0.025
GNSS_00593,274/3,11.0037828,76.9562511,0.04
GNSS_00594,274/3,11.0037838,76.9563908,0.023
GNSS_00595,274/3,11.0037913,76.9565125,0.044
GNSS_00596,274/3,11.0039443,76.9565038,0.041
GNSS_00597,274/3,11.004082,76.9565069,0.033
GNSS_00598,274/3,11.0040711,76.9563699,0.033
GNSS_00599,274/3,11.0040514,76.9562218,0.021
GNSS_00600,274/3,11.0039034,76.9562421,0.021
GNSS_00601,275/4,11.0037913,76.9565125,0.039
GNSS_00602,275/4,11.0037972,76.9566567,0.024
GNSS_00603,275/4,11.0037694,76.9568033,0.023
GNSS_00604,275/4,11.0039068,76.9568314,0.029
GNSS_00605,275/4,11.0040157,76.9568337,0.037
GNSS_00606,275/4,11.004061,76.9566767,0.043
GNSS_00607,275/4,11.004082,76.9565069,0.02
GNSS_00608,275/4,11.0039443,76.9565038,0.034
GNSS_00609,276/1,11.0037694,76.9568033,0.042
GNSS_00610,276/1,11.0038071,76.9569826,0.03
GNSS_00611,276/1,11.0038196,76.9571497,0.021
GNSS_00612,276/1,11.0039533,76.9571613,0.042
GNSS_00613,276/1,11.0040665,76.9571569,0.04
GNSS_00614,276/1,11.0040342,76.9570012,0.027
GNSS_00615,276/1,11.0040157,76.9568337,0.019
GNSS_00616,276/1,11.0039068,76.9568314,0.03
GNSS_00617,277/2,11.0038196,76.9571497,0.031
GNSS_00618,277/2,11.0037785,76.957323,0.028
GNSS_00619,277/2,11.0037506,76.957506,0.03
GNSS_00620,277/2,11.003893,76.9574528,0.028
GNSS_00621,277/2,11.0040251,76.9574313,0.043
GNSS_00622,277/2,11.004031,76.9573034,0.025
GNSS_00623,277/2,11.0040665,76.9571569,0.03
GNSS_00624,277/2,11.0039533,76.9571613,0.022
GNSS_00625,278/3,11.0037506,76.957506,0.026
GNSS_00626,278/3,11.0037295,76.9576559,0.029
GNSS_00627,278/3,11.0037419,76.9577758,0.033
GNSS_00628,278/3,11.0038978,76.9578126,0.02
GNSS_00629,278/3,11.004059,76.9578314,0.026
GNSS_00630,278/3,11.0040288,76.9576182,0.022
GNSS_00631,278/3,11.0040251,76.9574313,0.023
GNSS_00632,278/3,11.003893,76.9574528,0.042
GNSS_00633,279/4,11.0037419,76.9577758,0.033
GNSS_00634,279/4,11.0037758,76.9579488,0.019
GNSS_00635,279/4,11.0037739,76.9580879,0.028
GNSS_00636,279/4,11.0039148,76.9580746,0.037
GNSS_00637,279/4,11.004045,76.9580908,0.031
GNSS_00638,279/4,11.0040669,76.9579623,0.039
GNSS_00639,279/4,11.004059,76.9578314,0.027
GNSS_00640,279/4,11.0038978,76.9578126,0.033
GNSS_00641,280/1,11.0040659,76.9519106,0.027
GNSS_00642,280/1,11.0040825,76.952105,0.024
GNSS_00643,280/1,11.0041032,76.9522693,0.042
GNSS_00644,280/1,11.0042158,76.9522357,0.039
GNSS_00645,280/1,11.0043383,76.9522172,0.02
GNSS_00646,280/1,11.0043463,76.9520773,0.045
GNSS_00647,280/1,11.0043366,76.9519125,0.032
GNSS_00648,280/1,11.0042172,76.9519187,0.039
GNSS_00649,281/2,11.0041032,76.9522693,0.036
GNSS_00650,281/2,11.0041025,76.9523732,0.025
GNSS_00651,281/2,11.0040805,76.9525138,0.04
GNSS_00652,281/2,11.0042062,76.9525057,0.043
GNSS_00653,281/2,11.0043088,76.9524927,0.02
GNSS_00654,281/2,11.0043106,76.9523736,0.045
GNSS_00655,281/2,11.0043383,76.9522172,0.024
GNSS_00656,281/2,11.0042158,76.9522357,0.041
GNSS_00657,282/3,11.0040805,76.9525138,0.023
GNSS_00658,282/3,11.0040574,76.952672,0.024
GNSS_00659,282/3,11.004032,76.9528589,0.027
GNSS_00660,282/3,11.0041927,76.9528559,0.038
GNSS_00661,282/3,11.0043438,76.9528258,0.028
GNSS_00662,282/3,11.0043436,76.9526683,0.034
GNSS_00663,282/3,11.0043088,76.9524927,0.037
GNSS_00664,282/3,11.0042062,76.9525057,0.027
GNSS_00665,283/4,11.004032,76.9528589,0.023
GNSS_00666,283/4,11.0040356,76.9530089,0.045
GNSS_00667,283/4,11.0040696,76.9531855,0.042
GNSS_00668,283/4,11.0041863,76.9531408,0.031
GNSS_00669,283/4,11.004306,76.9531222,0.026
GNSS_00670,283/4,11.0043354,76.9529686,0.031
GNSS_00671,283/4,11.0043438,76.9528258,0.02
GNSS_00672,283/4,11.0041927,76.9528559,0.024
GNSS_00673,284/1,11.0040696,76.9531855,0.027
GNSS_00674,284/1,11.0040834,76.9533303,0.035
GNSS_00675,284/1,11.0040675,76.953496,0.04
GNSS_00676,284/1,11.0042183,76.953436,0.027
GNSS_00677,284/1,11.004345,76.953412,0.023
GNSS_00678,284/1,11.0043317,76.9532653,0.04
GNSS_00679,284/1,11.004306,76.9531222,0.041
GNSS_00680,284/1,11.0041863,76.9531408,0.02
GNSS_00681,285/2,11.0040675,76.953496,0.039
GNSS_00682,285/2,11.0040477,76.9535972,0.041
GNSS_00683,285/2,11.0040456,76.9537182,0.041
GNSS_00684,285/2,11.0042056,76.9537146,0.044
GNSS_00685,285/2,11.0043702,76.953736,0.028
GNSS_00686,285/2,11.0043734,76.953587,0.043
GNSS_00687,285/2,11.004345,76.953412,0.029
GNSS_00688,285/2,11.0042183,76.953436,0.021
GNSS_00689,286/3,11.0040456,76.9537182,0.038
GNSS_00690,286/3,11.004081,76.9538889,0.03
GNSS_00691,286/3,11.0041036,76.9540272,0.035
GNSS_00692,286/3,11.0041915,76.9540745,0.031
GNSS_00693,286/3,11.0042854,76.9541116,0.027
GNSS_00694,286/3,11.0043416,76.9539046,0.037
GNSS_00695,286/3,11.0043702,76.953736,0.033
GNSS_00696,286/3,11.0042056,76.9537146,0.042
GNSS_00697,287/4,11.0041036,76.9540272,0.034
GNSS_00698,287/4,11.0041009,76.9542215,0.023
GNSS_00699,287/4,11.0040919,76.9544281,0.026
GNSS_00700,287/4,11.0042125,76.9543776,0.037
GNSS_00701,287/4,11.0043423,76.9543491,0.021
GNSS_00702,287/4,11.0042982,76.9542191,0.038
GNSS_00703,287/4,11.0042854,76.9541116,0.044
GNSS_00704,287/4,11.0041915,76.9540745,0.044
GNSS_00705,288/1,11.0040919,76.9544281,0.033
GNSS_00706,288/1,11.0040649,76.9545396,0.023
GNSS_00707,288/1,11.0040131,76.9546713,0.027
GNSS_00708,288/1,11.004153,76.9546644,0.04
GNSS_00709,288/1,11.0042869,76.9546523,0.035
GNSS_00710,288/1,11.0043113,76.9544927,0.035
GNSS_00711,288/1,11.0043423,76.9543491,0.021
GNSS_00712,288/1,11.0042125,76.9543776,0.031
GNSS_00713,289/2,11.0040131,76.9546713,0.045
GNSS_00714,289/2,11.0040464,76.9548549,0.023
GNSS_00715,289/2,11.0040988,76.9550399,0.042
GNSS_00716,289/2,11.0042197,76.9550563,0.02
GNSS_00717,289/2,11.0043281,76.9550376,0.037
GNSS_00718,289/2,11.0043073,76.9548371,0.035
GNSS_00719,289/2,11.0042869,76.9546523,0.042
GNSS_00720,289/2,11.004153,76.9546644,0.03
GNSS_00721,290/3,11.0040988,76.9550399,0.027
GNSS_00722,290/3,11.0040674,76.9551691,0.039
GNSS_00723,290/3,11.0040509,76.9552586,0.037
GNSS_00724,290/3,11.0042087,76.9552827,0.019
GNSS_00725,290/3,11.0043472,76.9552931,0.03
GNSS_00726,290/3,11.004336,76.9551507,0.029
GNSS_00727,290/3,11.0043281,76.9550376,0.022
GNSS_00728,290/3,11.0042197,76.9550563,0.029
GNSS_00729,291/4,11.0040509,76.9552586,0.04
GNSS_00730,291/4,11.0040657,76.9554017,0.039
GNSS_00731,291/4,11.0040759,76.955563,0.034
GNSS_00732,291/4,11.0041972,76.9555999,0.038
GNSS_00733,291/4,11.0042866,76.955637,0.024
GNSS_00734,291/4,11.004314,76.955483,0.03
GNSS_00735,291/4,11.0043472,76.9552931,0.04
GNSS_00736,291/4,11.0042087,76.9552827,0.019
GNSS_00737,292/1,11.0040759,76.955563,0.02
GNSS_00738,292/1,11.0040474,76.9557365,0.023
GNSS_00739,292/1,11.0040114,76.9559463,0.028
GNSS_00740,292/1,11.0041543,76.9559104,0.038
GNSS_00741,292/1,11.0043089,76.9558667,0.033
GNSS_00742,292/1,11.0042833,76.9557484,0.042
GNSS_00743,292/1,11.0042866,76.955637,0.021
GNSS_00744,292/1,11.0041972,76.9555999,0.034
GNSS_00745,293/2,11.0040114,76.9559463,0.03
GNSS_00746,293/2,11.0040421,76.9560754,0.036
GNSS_00747,293/2,11.0040514,76.9562218,0.034
GNSS_00748,293/2,11.0041901,76.9562231,0.03
GNSS_00749,293/2,11.0043113,76.9562114,0.019
GNSS_00750,293/2,11.0042933,76.9560573,0.027
GNSS_00751,293/2,11.0043089,76.9558667,0.044
GNSS_00752,293/2,11.0041543,76.9559104,0.029
GNSS_00753,294/3,11.0040514,76.9562218,0.025
GNSS_00754,294/3,11.0040711,76.9563699,0.026
GNSS_00755,294/3,11.004082,76.9565069,0.024
GNSS_00756,294/3,11.0042225,76.9565356,0.019
GNSS_00757,294/3,11.004331,76.9565549,0.033
GNSS_00758,294/3,11.004334,76.9564013,0.041
GNSS_00759,294/3,11.0043113,76.9562114,0.022
GNSS_00760,294/3,11.0041901,76.9562231,0.028
GNSS_00761,295/4,11.004082,76.9565069,0.035
GNSS_00762,295/4,11.004061,76.9566767,0.031
GNSS_00763,295/4,11.0040157,76.9568337,0.021
GNSS_00764,295/4,11.0041479,76.9568616,0.024
GNSS_00765,295/4,11.0042739,76.956894,0.035
GNSS_00766,295/4,11.0043196,76.9567262,0.044
GNSS_00767,295/4,11.004331,76.9565549,0.031
GNSS_00768,295/4,11.0042225,76.9565356,0.021
GNSS_00769,296/1,11.0040157,76.9568337,0.025
GNSS_00770,296/1,11.0040342,76.9570012,0.035
GNSS_00771,296/1,11.0040665,76.9571569,0.028
GNSS_00772,296/1,11.004192,76.957142,0.028
GNSS_00773,296/1,11.0042979,76.9571422,0.028
GNSS_00774,296/1,11.0042723,76.9570056,0.023
GNSS_00775,296/1,11.0042739,76.956894,0.019
GNSS_00776,296/1,11.0041479,76.9568616,0.03
GNSS_00777,297/2,11.0040665,76.9571569,0.02
GNSS_00778,297/2,11.004031,76.9573034,0.038
GNSS_00779,297/2,11.0040251,76.9574313,0.036
GNSS_00780,297/2,11.004176,76.9574701,0.02
GNSS_00781,297/2,11.0042896,76.957506,0.027
GNSS_00782,297/2,11.0042989,76.9573306,0.033
GNSS_00783,297/2,11.0042979,76.9571422,0.044
GNSS_00784,297/2,11.004192,76.957142,0.034
GNSS_00785,298/3,11.0040251,76.9574313,0.032
GNSS_00786,298/3,11.0040288,76.9576182,0.044
GNSS_00787,298/3,11.004059,76.9578314,0.037
GNSS_00788,298/3,11.0041751,76.9578011,0.043
GNSS_00789,298/3,11.0043105,76.9577466,0.033
GNSS_00790,298/3,11.0042908,76.9576378,0.024
GNSS_00791,298/3,11.0042896,76.957506,0.026
GNSS_00792,298/3,11.004176,76.9574701,0.029
GNSS_00793,299/4,11.004059,76.9578314,0.032
GNSS_00794,299/4,11.0040669,76.9579623,0.033
GNSS_00795,299/4,11.004045,76.9580908,0.045
GNSS_00796,299/4,11.0041803,76.9581053,0.022
GNSS_00797,299/4,11.004317,76.958096,0.044
GNSS_00798,299/4,11.0043233,76.9579039,0.03
GNSS_00799,299/4,11.0043105,76.9577466,0.044
GNSS_00800,299/4,11.0041751,76.9578011,0.023
GNSS_00801,300/1,11.0043366,76.9519125,0.029
GNSS_00802,300/1,11.0043463,76.9520773,0.045
GNSS_00803,300/1,11.0043383,76.9522172,0.03
GNSS_00804,300/1,11.0044752,76.9522322,0.045
GNSS_00805,300/1,11.0045836,76.952213,0.035
GNSS_00806,300/1,11.0046094,76.9520482,0.041
GNSS_00807,300/1,11.0046063,76.9519119,0.025
GNSS_00808,300/1,11.0044562,76.9519063,0.043
GNSS_00809,301/2,11.0043383,76.9522172,0.033
GNSS_00810,301/2,11.0043106,76.9523736,0.041
GNSS_00811,301/2,11.0043088,76.9524927,0.032
GNSS_00812,301/2,11.0044896,76.9525149,0.043
GNSS_00813,301/2,11.0046463,76.9525028,0.018
GNSS_00814,301/2,11.0046016,76.9523436,0.037
GNSS_00815,301/2,11.0045836,76.952213,0.034
GNSS_00816,301/2,11.0044752,76.9522322,0.039
GNSS_00817,302/3,11.0043088,76.9524927,0.034
GNSS_00818,302/3,11.0043436,76.9526683,0.038
GNSS_00819,302/3,11.0043438,76.9528258,0.043
GNSS_00820,302/3,11.0044927,76.952811,0.043
GNSS_00821,302/3,11.0046386,76.9528319,0.033
GNSS_00822,302/3,11.0046254,76.9526738,0.021
GNSS_00823,302/3,11.0046463,76.9525028,0.026
GNSS_00824,302/3,11.0044896,76.9525149,0.032
GNSS_00825,303/4,11.0043438,76.9528258,0.036
GNSS_00826,303/4,11.0043354,76.9529686,0.033
GNSS_00827,303/4,11.004306,76.9531222,0.031
GNSS_00828,303/4,11.0044346,76.9531427,0.023
GNSS_00829,303/4,11.0045565,76.9531506,0.029
GNSS_00830,303/4,11.0045912,76.9529807,0.035
GNSS_00831,303/4,11.0046386,76.9528319,0.036
GNSS_00832,303/4,11.0044927,76.952811,0.029
GNSS_00833,304/1,11.004306,76.9531222,0.024
GNSS_00834,304/1,11.0043317,76.9532653,0.038
GNSS_00835,304/1,11.004345,76.953412,0.043
GNSS_00836,304/1,11.0044781,76.9534448,0.042
GNSS_00837,304/1,11.0046322,76.9535064,0.019
GNSS_00838,304/1,11.0045953,76.9533383,0.04
GNSS_00839,304/1,11.0045565,76.9531506,0.026
GNSS_00840,304/1,11.0044346,76.9531427,0.026
GNSS_00841,305/2,11.004345,76.953412,0.044
GNSS_00842,305/2,11.0043734,76.953587,0.024
GNSS_00843,305/2,11.0043702,76.953736,0.026
GNSS_00844,305/2,11.004521,76.9537748,0.038
GNSS_00845,305/2,11.0046389,76.953809,0.039
GNSS_00846,305/2,11.004636,76.9536689,0.027
GNSS_00847,305/2,11.0046322,76.9535064,0.038
GNSS_00848,305/2,11.0044781,76.9534448,0.034
GNSS_00849,306/3,11.0043702,76.953736,0.04
GNSS_00850,306/3,11.0043416,76.9539046,0.038
GNSS_00851,306/3,11.0042854,76.9541116,0.039
GNSS_00852,306/3,11.0044396,76.9541185,0.041
GNSS_00853,306/3,11.0045614,76.9541016,0.04
GNSS_00854,306/3,11.0045837,76.9539733,0.032
GNSS_00855,306/3,11.0046389,76.953809,0.022
GNSS_00856,306/3,11.004521,76.9537748,0.026
GNSS_00857,307/4,11.0042854,76.9541116,0.032
GNSS_00858,307/4,11.0042982,76.9542191,0.033
GNSS_00859,307/4,11.0043423,76.9543491,0.023
GNSS_00860,307/4,11.0044707,76.9543451,0.042
GNSS_00861,307/4,11.0045638,76.9543676,0.023
GNSS_00862,307/4,11.0045611,76.9542355,0.02
GNSS_00863,307/4,11.0045614,76.9541016,0.019
GNSS_00864,307/4,11.0044396,76.9541185,0.019
GNSS_00865,308/1,11.0043423,76.9543491,0.032
GNSS_00866,308/1,11.0043113,76.9544927,0.035
GNSS_00867,308/1,11.0042869,76.9546523,0.021
GNSS_00868,308/1,11.0044319,76.9546436,0.019
GNSS_00869,308/1,11.0045463,76.9546645,0.028
GNSS_00870,308/1,11.0045515,76.9545152,0.034
GNSS_00871,308/1,11.0045638,76.9543676,0.023
GNSS_00872,308/1,11.0044707,76.9543451,0.042
GNSS_00873,309/2,11.0042869,76.9546523,0.041
GNSS_00874,309/2,11.0043073,76.9548371,0.025
GNSS_00875,309/2,11.0043281,76.9550376,0.04
GNSS_00876,309/2,11.0044917,76.9550094,0.02
GNSS_00877,309/2,11.0046361,76.9549687,0.019
GNSS_00878,309/2,11.0045758,76.9548331,0.019
GNSS_00879,309/2,11.0045463,76.9546645,0.041
GNSS_00880,309/2,11.0044319,76.9546436,0.039
GNSS_00881,310/3,11.0043281,76.9550376,0.036
GNSS_00882,310/3,11.004336,76.9551507,0.025
GNSS_00883,310/3,11.0043472,76.9552931,0.029
GNSS_00884,310/3,11.0044672,76.9552873,0.019
GNSS_00885,310/3,11.0046145,76.9552636,0.039
GNSS_00886,310/3,11.0046172,76.9550987,0.039
GNSS_00887,310/3,11.0046361,76.9549687,0.018
GNSS_00888,310/3,11.0044917,76.9550094,0.043
GNSS_00889,311/4,11.0043472,76.9552931,0.024
GNSS_00890,311/4,11.004314,76.955483,0.034
GNSS_00891,311/4,11.0042866,76.955637,0.043
GNSS_00892,311/4,11.0044284,76.9556145,0.037
GNSS_00893,311/4,11.0045774,76.9555928,0.037
GNSS_00894,311/4,11.0046138,76.9554212,0.025
GNSS_00895,311/4,11.0046145,76.9552636,0.042
GNSS_00896,311/4,11.0044672,76.9552873,0.041
GNSS_00897,312/1,11.0042866,76.955637,0.036
GNSS_00898,312/1,11.0042833,76.9557484,0.04
GNSS_00899,312/1,11.0043089,76.9558667,0.029
GNSS_00900,312/1,11.0044688,76.9559073,0.021
GNSS_00901,312/1,11.0046332,76.9559574,0.032
GNSS_00902,312/1,11.0045909,76.9557794,0.036
GNSS_00903,312/1,11.0045774,76.9555928,0.041
GNSS_00904,312/1,11.0044284,76.9556145,0.028
GNSS_00905,313/2,11.0043089,76.9558667,0.036
GNSS_00906,313/2,11.0042933,76.9560573,0.031
GNSS_00907,313/2,11.0043113,76.9562114,0.027
GNSS_00908,313/2,11.0044656,76.9562028,0.025
GNSS_00909,313/2,11.0046053,76.9562237,0.027
GNSS_00910,313/2,11.0046289,76.9560966,0.025
GNSS_00911,313/2,11.0046332,76.9559574,0.036
GNSS_00912,313/2,11.0044688,76.9559073,0.044
GNSS_00913,314/3,11.0043113,76.9562114,0.039
GNSS_00914,314/3,11.004334,76.9564013,0.042
GNSS_00915,314/3,11.004331,76.9565549,0.04
GNSS_00916,314/3,11.0044432,76.9565178,0.04
GNSS_00917,314/3,11.0045635,76.9564912,0.034
GNSS_00918,314/3,11.0045746,76.9563555,0.036
GNSS_00919,314/3,11.0046053,76.9562237,0.036
GNSS_00920,314/3,11.0044656,76.9562028,0.037
GNSS_00921,315/4,11.004331,76.9565549,0.042
GNSS_00922,315/4,11.0043196,76.9567262,0.029
GNSS_00923,315/4,11.0042739,76.956894,0.038
GNSS_00924,315/4,11.0044311,76.9569065,0.034
GNSS_00925,315/4,11.0045919,76.9568935,0.045
GNSS_00926,315/4,11.0045631,76.9566889,0.04
GNSS_00927,315/4,11.0045635,76.9564912,0.027
GNSS_00928,315/4,11.0044432,76.9565178,0.037
GNSS_00929,316/1,11.0042739,76.956894,0.042
GNSS_00930,316/1,11.0042723,76.9570056,0.036
GNSS_00931,316/1,11.0042979,76.9571422,0.032
GNSS_00932,316/1,11.0044347,76.9571549,0.041
GNSS_00933,316/1,11.0046094,76.9571604,0.041
GNSS_00934,316/1,11.0045882,76.9570219,0.042
GNSS_00935,316/1,11.0045919,76.9568935,0.023
GNSS_00936,316/1,11.0044311,76.9569065,0.021
GNSS_00937,317/2,11.0042979,76.9571422,0.033
GNSS_00938,317/2,11.0042989,76.9573306,0.043
GNSS_00939,317/2,11.0042896,76.957506,0.044
GNSS_00940,317/2,11.0044446,76.9574503,0.042
GNSS_00941,317/2,11.0045945,76.957422,0.036
GNSS_00942,317/2,11.0045873,76.9573046,0.024
GNSS_00943,317/2,11.0046094,76.9571604,0.024
GNSS_00944,317/2,11.0044347,76.9571549,0.042
GNSS_00945,318/3,11.0042896,76.957506,0.025
GNSS_00946,318/3,11.0042908,76.9576378,0.026
GNSS_00947,318/3,11.0043105,76.9577466,0.041
GNSS_00948,318/3,11.0044553,76.957756,0.031
GNSS_00949,318/3,11.0046227,76.9577868,0.041
GNSS_00950,318/3,11.0046106,76.957617,0.034
GNSS_00951,318/3,11.0045945,76.957422,0.043
GNSS_00952,318/3,11.0044446,76.9574503,0.02
GNSS_00953,319/4,11.0043105,76.9577466,0.028
GNSS_00954,319/4,11.0043233,76.9579039,0.026
GNSS_00955,319/4,11.004317,76.958096,0.019
GNSS_00956,319/4,11.0044466,76.9581131,0.041
GNSS_00957,319/4,11.0045897,76.9581031,0.022
GNSS_00958,319/4,11.0045926,76.9579381,0.023
GNSS_00959,319/4,11.0046227,76.9577868,0.029
GNSS_00960,319/4,11.0044553,76.957756,0.033
GNSS_00961,320/1,11.0046063,76.9519119,0.023
GNSS_00962,320/1,11.0046094,76.9520482,0.02
GNSS_00963,320/1,11.0045836,76.952213,0.027
GNSS_00964,320/1,11.0047385,76.952187,0.045
GNSS_00965,320/1,11.0049192,76.9521791,0.026
GNSS_00966,320/1,11.004914,76.9520528,0.02
GNSS_00967,320/1,11.004875,76.9519086,0.03
GNSS_00968,320/1,11.0047548,76.951892,0.024
GNSS_00969,321/2,11.0045836,76.952213,0.039
GNSS_00970,321/2,11.0046016,76.9523436,0.039
GNSS_00971,321/2,11.0046463,76.9525028,0.021
GNSS_00972,321/2,11.004755,76.9524726,0.03
GNSS_00973,321/2,11.0048408,76.952478,0.03
GNSS_00974,321/2,11.0048697,76.9523317,0.03
GNSS_00975,321/2,11.0049192,76.9521791,0.031
GNSS_00976,321/2,11.0047385,76.952187,0.018
GNSS_00977,322/3,11.0046463,76.9525028,0.042
GNSS_00978,322/3,11.0046254,76.9526738,0.038
GNSS_00979,322/3,11.0046386,76.9528319,0.032
GNSS_00980,322/3,11.0047452,76.9528246,0.018
GNSS_00981,322/3,11.0048873,76.9528413,0.018
GNSS_00982,322/3,11.0048765,76.9526438,0.038
GNSS_00983,322/3,11.0048408,76.952478,0.024
GNSS_00984,322/3,11.004755,76.9524726,0.042
GNSS_00985,323/4,11.0046386,76.9528319,0.034
GNSS_00986,323/4,11.0045912,76.9529807,0.023
GNSS_00987,323/4,11.0045565,76.9531506,0.04
GNSS_00988,323/4,11.0046924,76.9531383,0.026
GNSS_00989,323/4,11.0048302,76.9531079,0.026
GNSS_00990,323/4,11.0048698,76.9529776,0.038
GNSS_00991,323/4,11.0048873,76.9528413,0.034
GNSS_00992,323/4,11.0047452,76.9528246,0.027
GNSS_00993,324/1,11.0045565,76.9531506,0.042
GNSS_00994,324/1,11.0045953,76.9533383,0.028
GNSS_00995,324/1,11.0046322,76.9535064,0.023
GNSS_00996,324/1,11.0047364,76.9534818,0.044
GNSS_00997,324/1,11.0048404,76.9534858,0.043
GNSS_00998,324/1,11.0048394,76.9533097,0.029
GNSS_00999,324/1,11.0048302,76.9531079,0.024
GNSS_01000,324/1,11.0046924,76.9531383,0.038
GNSS_01001,325/2,11.0046322,76.9535064,0.021
GNSS_01002,325/2,11.004636,76.9536689,0.037
GNSS_01003,325/2,11.0046389,76.953809,0.039
GNSS_01004,325/2,11.0047715,76.9537944,0.028
GNSS_01005,325/2,11.004875,76.9537591,0.035
GNSS_01006,325/2,11.0048696,76.9536397,0.039
GNSS_01007,325/2,11.0048404,76.9534858,0.035
GNSS_01008,325/2,11.0047364,76.9534818,0.034
GNSS_01009,326/3,11.0046389,76.953809,0.019
GNSS_01010,326/3,11.0045837,76.9539733,0.037
GNSS_01011,326/3,11.0045614,76.9541016,0.029
GNSS_01012,326/3,11.0046979,76.9540907,0.028
GNSS_01013,326/3,11.0048693,76.9540458,0.033
GNSS_01014,326/3,11.0048653,76.9539106,0.031
GNSS_01015,326/3,11.004875,76.9537591,0.022
GNSS_01016,326/3,11.0047715,76.9537944,0.037
GNSS_01017,327/4,11.0045614,76.9541016,0.021
GNSS_01018,327/4,11.0045611,76.9542355,0.032
GNSS_01019,327/4,11.0045638,76.9543676,0.035
GNSS_01020,327/4,11.0047325,76.9543724,0.037
GNSS_01021,327/4,11.004902,76.9543636,0.029
GNSS_01022,327/4,11.004888,76.9542196,0.042
GNSS_01023,327/4,11.0048693,76.9540458,0.032
GNSS_01024,327/4,11.0046979,76.9540907,0.035
GNSS_01025,328/1,11.0045638,76.9543676,0.021
GNSS_01026,328/1,11.0045515,76.9545152,0.021
GNSS_01027,328/1,11.0045463,76.9546645,0.023
GNSS_01028,328/1,11.0047167,76.9546347,0.023
GNSS_01029,328/1,11.0048785,76.9546356,0.025
GNSS_01030,328/1,11.0048733,76.954505,0.032
GNSS_01031,328/1,11.004902,76.9543636,0.023
GNSS_01032,328/1,11.0047325,76.9543724,0.037
GNSS_01033,329/2,11.0045463,76.9546645,0.043
GNSS_01034,329/2,11.0045758,76.9548331,0.037
GNSS_01035,329/2,11.0046361,76.9549687,0.031
GNSS_01036,329/2,11.0047426,76.9549629,0.024
GNSS_01037,329/2,11.0048453,76.9549473,0.018
GNSS_01038,329/2,11.0048562,76.9547882,0.02
GNSS_01039,329/2,11.0048785,76.9546356,0.021
GNSS_01040,329/2,11.0047167,76.9546347,0.034
GNSS_01041,330/3,11.0046361,76.9549687,0.032
GNSS_01042,330/3,11.0046172,76.9550987,0.038
GNSS_01043,330/3,11.0046145,76.9552636,0.021
GNSS_01044,330/3,11.0047227,76.9552848,0.025
GNSS_01045,330/3,11.0048347,76.9553037,0.024
GNSS_01046,330/3,11.0048424,76.9551366,0.045
GNSS_01047,330/3,11.0048453,76.9549473,0.026
GNSS_01048,330/3,11.0047426,76.9549629,0.031
GNSS_01049,331/4,11.0046145,76.9552636,0.041
GNSS_01050,331/4,11.0046138,76.9554212,0.028
GNSS_01051,331/4,11.0045774,76.9555928,0.036
GNSS_01052,331/4,11.004742,76.955591,0.03
GNSS_01053,331/4,11.0048787,76.9555744,0.021
GNSS_01054,331/4,11.0048609,76.9554252,0.041
GNSS_01055,331/4,11.0048347,76.9553037,0.042
GNSS_01056,331/4,11.0047227,76.9552848,0.018
GNSS_01057,332/1,11.0045774,76.9555928,0.028
GNSS_01058,332/1,11.0045909,76.9557794,0.03
GNSS_01059,332/1,11.0046332,76.9559574,0.035
GNSS_01060,332/1,11.00473,76.9559161,0.042
GNSS_01061,332/1,11.0048494,76.9558587,0.021
GNSS_01062,332/1,11.0048635,76.9557231,0.04
GNSS_01063,332/1,11.0048787,76.9555744,0.023
GNSS_01064,332/1,11.004742,76.955591,0.029
GNSS_01065,333/2,11.0046332,76.9559574,0.041
GNSS_01066,333/2,11.0046289,76.9560966,0.04
GNSS_01067,333/2,11.0046053,76.9562237,0.036
GNSS_01068,333/2,11.0047522,76.9562423,0.04
GNSS_01069,333/2,11.0049028,76.9562727,0.021
GNSS_01070,333/2,11.0048622,76.956076,0.037
GNSS_01071,333/2,11.0048494,76.9558587,0.02
GNSS_01072,333/2,11.00473,76.9559161,0.043
GNSS_01073,334/3,11.0046053,76.9562237,0.031
GNSS_01074,334/3,11.0045746,76.9563555,0.033
GNSS_01075,334/3,11.0045635,76.9564912,0.03
GNSS_01076,334/3,11.0047013,76.956485,0.035
GNSS_01077,334/3,11.004826,76.9564843,0.039
GNSS_01078,334/3,11.0048639,76.9563857,0.035
GNSS_01079,334/3,11.0049028,76.9562727,0.041
GNSS_01080,334/3,11.0047522,76.9562423,0.042
GNSS_01081,335/4,11.0045635,76.9564912,0.043
GNSS_01082,335/4,11.0045631,76.9566889,0.021
GNSS_01083,335/4,11.0045919,76.9568935,0.029
GNSS_01084,335/4,11.004728,76.9568721,0.019
GNSS_01085,335/4,11.0048983,76.9568198,0.025
GNSS_01086,335/4,11.0048657,76.9566478,0.026
GNSS_01087,335/4,11.004826,76.9564843,0.037
GNSS_01088,335/4,11.0047013,76.956485,0.036
GNSS_01089,336/1,11.0045919,76.9568935,0.044
GNSS_01090,336/1,11.0045882,76.9570219,0.036
GNSS_01091,336/1,11.0046094,76.9571604,0.027
GNSS_01092,336/1,11.0047614,76.9571669,0.032
GNSS_01093,336/1,11.0048944,76.9572029,0.037
GNSS_01094,336/1,11.0048833,76.9569997,0.021
GNSS_01095,336/1,11.0048983,76.9568198,0.036
GNSS_01096,336/1,11.004728,76.9568721,0.025
GNSS_01097,337/2,11.0046094,76.9571604,0.022
GNSS_01098,337/2,11.0045873,76.9573046,0.04
GNSS_01099,337/2,11.0045945,76.957422,0.042
GNSS_01100,337/2,11.0047121,76.9574456,0.035
GNSS_01101,337/2,11.0048248,76.9574629,0.018
GNSS_01102,337/2,11.0048685,76.957313,0.043
GNSS_01103,337/2,11.0048944,76.9572029,0.032
GNSS_01104,337/2,11.0047614,76.9571669,0.031
GNSS_01105,338/3,11.0045945,76.957422,0.031
GNSS_01106,338/3,11.0046106,76.957617,0.025
GNSS_01107,338/3,11.0046227,76.9577868,0.044
GNSS_01108,338/3,11.0047583,76.9578034,0.019
GNSS_01109,338/3,11.0048809,76.9578308,0.024
GNSS_01110,338/3,11.0048528,76.957655,0.035
GNSS_01111,338/3,11.0048248,76.9574629,0.029
GNSS_01112,338/3,11.0047121,76.9574456,0.024
GNSS_01113,339/4,11.0046227,76.9577868,0.02
GNSS_01114,339/4,11.0045926,76.9579381,0.031
GNSS_01115,339/4,11.0045897,76.9581031,0.027
GNSS_01116,339/4,11.0047409,76.9581164,0.044
GNSS_01117,339/4,11.0048629,76.9581114,0.038
GNSS_01118,339/4,11.0048849,76.9579538,0.018
GNSS_01119,339/4,11.0048809,76.9578308,0.029
GNSS_01120,339/4,11.0047583,76.9578034,0.019
GNSS_01121,340/1,11.004875,76.9519086,0.034
GNSS_01122,340/1,11.004914,76.9520528,0.035
GNSS_01123,340/1,11.0049192,76.9521791,0.026
GNSS_01124,340/1,11.0050433,76.9522065,0.032
GNSS_01125,340/1,11.0051891,76.9522224,0.024
GNSS_01126,340/1,11.0051686,76.9520658,0.036
GNSS_01127,340/1,11.0051428,76.9519031,0.044
GNSS_01128,340/1,11.005003,76.9519095,0.028
GNSS_01129,341/2,11.0049192,76.9521791,0.027
GNSS_01130,341/2,11.0048697,76.9523317,0.039
GNSS_01131,341/2,11.0048408,76.952478,0.034
GNSS_01132,341/2,11.0049759,76.9525008,0.037
GNSS_01133,341/2,11.0050901,76.9525334,0.028
GNSS_01134,341/2,11.0051224,76.9523624,0.03
GNSS_01135,341/2,11.0051891,76.9522224,0.021
GNSS_01136,341/2,11.0050433,76.9522065,0.036
GNSS_01137,342/3,11.0048408,76.952478,0.044
GNSS_01138,342/3,11.0048765,76.9526438,0.026
GNSS_01139,342/3,11.0048873,76.9528413,0.032
GNSS_01140,342/3,11.0050208,76.952862,0.037
GNSS_01141,342/3,11.0051167,76.9528573,0.019
GNSS_01142,342/3,11.0051154,76.9527001,0.022
GNSS_01143,342/3,11.0050901,76.9525334,0.022
GNSS_01144,342/3,11.0049759,76.9525008,0.037
GNSS_01145,343/4,11.0048873,76.9528413,0.023
GNSS_01146,343/4,11.0048698,76.9529776,0.021
GNSS_01147,343/4,11.0048302,76.9531079,0.041
GNSS_01148,343/4,11.0049852,76.9531323,0.024
GNSS_01149,343/4,11.0051777,76.9531462,0.04
GNSS_01150,343/4,11.005138,76.9530157,0.023
GNSS_01151,343/4,11.0051167,76.9528573,0.027
GNSS_01152,343/4,11.0050208,76.952862,0.038
GNSS_01153,344/1,11.0048302,76.9531079,0.034
GNSS_01154,344/1,11.0048394,76.9533097,0.039
GNSS_01155,344/1,11.0048404,76.9534858,0.03
GNSS_01156,344/1,11.0049545,76.9534313,0.036
GNSS_01157,344/1,11.005094,76.9533939,0.044
GNSS_01158,344/1,11.005129,76.9532659,0.022
GNSS_01159,344/1,11.0051777,76.9531462,0.031
GNSS_01160,344/1,11.0049852,76.9531323,0.032
GNSS_01161,345/2,11.0048404,76.9534858,0.034
GNSS_01162,345/2,11.0048696,76.9536397,0.043
GNSS_01163,345/2,11.004875,76.9537591,0.039
GNSS_01164,345/2,11.0049855,76.9537222,0.043
GNSS_01165,345/2,11.0051351,76.9536971,0.037
GNSS_01166,345/2,11.0051149,76.9535321,0.023
GNSS_01167,345/2,11.005094,76.9533939,0.04
GNSS_01168,345/2,11.0049545,76.9534313,0.021
GNSS_01169,346/3,11.004875,76.9537591,0.032
GNSS_01170,346/3,11.0048653,76.9539106,0.028
GNSS_01171,346/3,11.0048693,76.9540458,0.044
GNSS_01172,346/3,11.0049896,76.9540303,0.043
GNSS_01173,346/3,11.0051383,76.954022,0.039
GNSS_01174,346/3,11.0051313,76.9538759,0.025
GNSS_01175,346/3,11.0051351,76.9536971,0.044
GNSS_01176,346/3,11.0049855,76.9537222,0.044
GNSS_01177,347/4,11.0048693,76.9540458,0.034
GNSS_01178,347/4,11.004888,76.9542196,0.042
GNSS_01179,347/4,11.004902,76.9543636,0.032
GNSS_01180,347/4,11.0049882,76.95438,0.041
GNSS_01181,347/4,11.0050969,76.9543784,0.033
GNSS_01182,347/4,11.0051081,76.9542129,0.026
GNSS_01183,347/4,11.0051383,76.954022,0.038
GNSS_01184,347/4,11.0049896,76.9540303,0.033
GNSS_01185,348/1,11.004902,76.9543636,0.026
GNSS_01186,348/1,11.0048733,76.954505,0.027
GNSS_01187,348/1,11.0048785,76.9546356,0.036
GNSS_01188,348/1,11.0049988,76.9546518,0.044
GNSS_01189,348/1,11.0051016,76.9546775,0.036
GNSS_01190,348/1,11.0051086,76.9545321,0.044
GNSS_01191,348/1,11.0050969,76.9543784,0.032
GNSS_01192,348/1,11.0049882,76.95438,0.037
GNSS_01193,349/2,11.0048785,76.9546356,0.033
GNSS_01194,349/2,11.0048562,76.9547882,0.034
GNSS_01195,349/2,11.0048453,76.9549473,0.043
GNSS_01196,349/2,11.004987,76.9549438,0.037
GNSS_01197,349/2,11.0051641,76.9549708,0.036
GNSS_01198,349/2,11.0051326,76.9548352,0.042
GNSS_01199,349/2,11.0051016,76.9546775,0.032
GNSS_01200,349/2,11.0049988,76.9546518,0.042
GNSS_01201,350/3,11.0048453,76.9549473,0.019
GNSS_01202,350/3,11.0048424,76.9551366,0.022
GNSS_01203,350/3,11.0048347,76.9553037,0.036
GNSS_01204,350/3,11.0049499,76.9553185,0.023
GNSS_01205,350/3,11.0050832,76.9553206,0.038
GNSS_01206,350/3,11.0051389,76.9551436,0.022
GNSS_01207,350/3,11.0051641,76.9549708,0.026
GNSS_01208,350/3,11.004987,76.9549438,0.025
GNSS_01209,351/4,11.0048347,76.9553037,0.038
GNSS_01210,351/4,11.0048609,76.9554252,0.019
GNSS_01211,351/4,11.0048787,76.9555744,0.04
GNSS_01212,351/4,11.0049811,76.955578,0.021
GNSS_01213,351/4,11.0051014,76.9555857,0.041
GNSS_01214,351/4,11.0051054,76.9554582,0.038
GNSS_01215,351/4,11.0050832,76.9553206,0.041
GNSS_01216,351/4,11.0049499,76.9553185,0.038
GNSS_01217,352/1,11.0048787,76.9555744,0.04
GNSS_01218,352/1,11.0048635,76.9557231,0.037
GNSS_01219,352/1,11.0048494,76.9558587,0.037
GNSS_01220,352/1,11.0049915,76.9558529,0.019
GNSS_01221,352/1,11.0051508,76.9558523,0.028
GNSS_01222,352/1,11.005124,76.9557016,0.029
GNSS_01223,352/1,11.0051014,76.9555857,0.039
GNSS_01224,352/1,11.0049811,76.955578,0.036
GNSS_01225,353/2,11.0048494,76.9558587,0.023
GNSS_01226,353/2,11.0048622,76.956076,0.041
GNSS_01227,353/2,11.0049028,76.9562727,0.041
GNSS_01228,353/2,11.004984,76.9562604,0.03
GNSS_01229,353/2,11.0051012,76.9562359,0.024
GNSS_01230,353/2,11.0051263,76.9560262,0.035
GNSS_01231,353/2,11.0051508,76.9558523,0.037
GNSS_01232,353/2,11.0049915,76.9558529,0.028
GNSS_01233,354/3,11.0049028,76.9562727,0.039
GNSS_01234,354/3,11.0048639,76.9563857,0.044
GNSS_01235,354/3,11.004826,76.9564843,0.026
GNSS_01236,354/3,11.0049707,76.9565052,0.023
GNSS_01237,354/3,11.0051312,76.9565622,0.036
GNSS_01238,354/3,11.0051282,76.9563812,0.023
GNSS_01239,354/3,11.0051012,76.9562359,0.023
GNSS_01240,354/3,11.004984,76.9562604,0.032
GNSS_01241,355/4,11.004826,76.9564843,0.025
GNSS_01242,355/4,11.0048657,76.9566478,0.022
GNSS_01243,355/4,11.0048983,76.9568198,0.041
GNSS_01244,355/4,11.0049819,76.9568227,0.018
GNSS_01245,355/4,11.0050792,76.9568436,0.031
GNSS_01246,355/4,11.0051093,76.9567172,0.043
GNSS_01247,355/4,11.0051312,76.9565622,0.019
GNSS_01248,355/4,11.0049707,76.9565052,0.043
GNSS_01249,356/1,11.0048983,76.9568198,0.035
GNSS_01250,356/1,11.0048833,76.9569997,0.036
GNSS_01251,356/1,11.0048944,76.9572029,0.031
GNSS_01252,356/1,11.0050262,76.9571502,0.033
GNSS_01253,356/1,11.0051675,76.9571213,0.028
GNSS_01254,356/1,11.0051339,76.9569846,0.039
GNSS_01255,356/1,11.0050792,76.9568436,0.027
GNSS_01256,356/1,11.0049819,76.9568227,0.024
GNSS_01257,357/2,11.0048944,76.9572029,0.022
GNSS_01258,357/2,11.0048685,76.957313,0.033
GNSS_01259,357/2,11.0048248,76.9574629,0.029
GNSS_01260,357/2,11.0049927,76.9575085,0.027
GNSS_01261,357/2,11.0051363,76.9575296,0.042
GNSS_01262,357/2,11.0051574,76.957338,0.036
GNSS_01263,357/2,11.0051675,76.9571213,0.027
GNSS_01264,357/2,11.0050262,76.9571502,0.026
GNSS_01265,358/3,11.0048248,76.9574629,0.04
GNSS_01266,358/3,11.0048528,76.957655,0.044
GNSS_01267,358/3,11.0048809,76.9578308,0.018
GNSS_01268,358/3,11.0049925,76.9578183,0.036
GNSS_01269,358/3,11.0051422,76.9578394,0.03
GNSS_01270,358/3,11.0051235,76.9576704,0.042
GNSS_01271,358/3,11.0051363,76.9575296,0.035
GNSS_01272,358/3,11.0049927,76.9575085,0.035
GNSS_01273,359/4,11.0048809,76.9578308,0.043
GNSS_01274,359/4,11.0048849,76.9579538,0.044
GNSS_01275,359/4,11.0048629,76.9581114,0.028
GNSS_01276,359/4,11.005014,76.9581312,0.033
GNSS_01277,359/4,11.0051363,76.9581201,0.026
GNSS_01278,359/4,11.005147,76.9579735,0.043
GNSS_01279,359/4,11.0051422,76.9578394,0.04
GNSS_01280,359/4,11.0049925,76.9578183,0.028
GNSS_01281,360/1,11.0051428,76.9519031,0.042
GNSS_01282,360/1,11.0051686,76.9520658,0.023
GNSS_01283,360/1,11.0051891,76.9522224,0.032
GNSS_01284,360/1,11.0052919,76.9521864,0.044
GNSS_01285,360/1,11.0053708,76.9521633,0.023
GNSS_01286,360/1,11.0053911,76.9520271,0.044
GNSS_01287,360/1,11.0054098,76.9518958,0.033
GNSS_01288,360/1,11.005273,76.9519071,0.018
GNSS_01289,361/2,11.0051891,76.9522224,0.024
GNSS_01290,361/2,11.0051224,76.9523624,0.037
GNSS_01291,361/2,11.0050901,76.9525334,0.041
GNSS_01292,361/2,11.0052512,76.9525255,0.024
GNSS_01293,361/2,11.0054449,76.9524868,0.04
GNSS_01294,361/2,11.0054046,76.9523163,0.042
GNSS_01295,361/2,11.0053708,76.9521633,0.038
GNSS_01296,361/2,11.0052919,76.9521864,0.03
GNSS_01297,362/3,11.0050901,76.9525334,0.03
GNSS_01298,362/3,11.0051154,76.9527001,0.027
GNSS_01299,362/3,11.0051167,76.9528573,0.02
GNSS_01300,362/3,11.0052787,76.952855,0.019
GNSS_01301,362/3,11.0054388,76.9528462,0.039
GNSS_01302,362/3,11.0054472,76.9526782,0.033
GNSS_01303,362/3,11.0054449,76.9524868,0.034
GNSS_01304,362/3,11.0052512,76.9525255,0.024
GNSS_01305,363/4,11.0051167,76.9528573,0.029
GNSS_01306,363/4,11.005138,76.9530157,0.027
GNSS_01307,363/4,11.0051777,76.9531462,0.029
GNSS_01308,363/4,11.0052684,76.953149,0.021
GNSS_01309,363/4,11.0053722,76.9531636,0.018
GNSS_01310,363/4,11.0053977,76.9530121,0.037
GNSS_01311,363/4,11.0054388,76.9528462,0.02
GNSS_01312,363/4,11.0052787,76.952855,0.038
GNSS_01313,364/1,11.0051777,76.9531462,0.043
GNSS_01314,364/1,11.005129,76.9532659,0.021
GNSS_01315,364/1,11.005094,76.9533939,0.039
GNSS_01316,364/1,11.0052271,76.9533821,0.026
GNSS_01317,364/1,11.0053595,76.9533985,0.02
GNSS_01318,364/1,11.0053793,76.9532974,0.039
GNSS_01319,364/1,11.0053722,76.9531636,0.03
GNSS_01320,364/1,11.0052684,76.953149,0.029
GNSS_01321,365/2,11.005094,76.9533939,0.024
GNSS_01322,365/2,11.0051149,76.9535321,0.038
GNSS_01323,365/2,11.0051351,76.9536971,0.04
GNSS_01324,365/2,11.0052977,76.9537389,0.041
GNSS_01325,365/2,11.005435,76.953764,0.026
GNSS_01326,365/2,11.0053919,76.9535668,0.035
GNSS_01327,365/2,11.0053595,76.9533985,0.026
GNSS_01328,365/2,11.0052271,76.9533821,0.042
GNSS_01329,366/3,11.0051351,76.9536971,0.018
GNSS_01330,366/3,11.0051313,76.9538759,0.042
GNSS_01331,366/3,11.0051383,76.954022,0.022
GNSS_01332,366/3,11.0052609,76.9540134,0.019
GNSS_01333,366/3,11.0054074,76.9540307,0.033
GNSS_01334,366/3,11.0054247,76.953893,0.029
GNSS_01335,366/3,11.005435,76.953764,0.033
GNSS_01336,366/3,11.0052977,76.9537389,0.02
GNSS_01337,367/4,11.0051383,76.954022,0.038
GNSS_01338,367/4,11.0051081,76.9542129,0.042
GNSS_01339,367/4,11.0050969,76.9543784,0.027
GNSS_01340,367/4,11.0052541,76.9543508,0.029
GNSS_01341,367/4,11.0054369,76.9543118,0.035
GNSS_01342,367/4,11.0054327,76.9541663,0.032
GNSS_01343,367/4,11.0054074,76.9540307,0.022
GNSS_01344,367/4,11.0052609,76.9540134,0.024
GNSS_01345,368/1,11.0050969,76.9543784,0.04
GNSS_01346,368/1,11.0051086,76.9545321,0.041
GNSS_01347,368/1,11.0051016,76.9546775,0.041
GNSS_01348,368/1,11.0052815,76.954698,0.043
GNSS_01349,368/1,11.0054408,76.9546998,0.045
GNSS_01350,368/1,11.0054475,76.954519,0.03
GNSS_01351,368/1,11.0054369,76.9543118,0.033
GNSS_01352,368/1,11.0052541,76.9543508,0.026
GNSS_01353,369/2,11.0051016,76.9546775,0.034
GNSS_01354,369/2,11.0051326,76.9548352,0.044
GNSS_01355,369/2,11.0051641,76.9549708,0.028
GNSS_01356,369/2,11.005303,76.9549902,0.036
GNSS_01357,369/2,11.0054312,76.9550049,0.024
GNSS_01358,369/2,11.0054332,76.9548582,0.026
GNSS_01359,369/2,11.0054408,76.9546998,0.02
GNSS_01360,369/2,11.0052815,76.954698,0.023
GNSS_01361,370/3,11.0051641,76.9549708,0.026
GNSS_01362,370/3,11.0051389,76.9551436,0.034
GNSS_01363,370/3,11.0050832,76.9553206,0.033
GNSS_01364,370/3,11.0052363,76.9552803,0.028
GNSS_01365,370/3,11.005417,76.9552306,0.027
GNSS_01366,370/3,11.0054138,76.9551048,0.03
GNSS_01367,370/3,11.0054312,76.9550049,0.018
GNSS_01368,370/3,11.005303,76.9549902,0.025
GNSS_01369,371/4,11.0050832,76.9553206,0.025
GNSS_01370,371/4,11.0051054,76.9554582,0.028
GNSS_01371,371/4,11.0051014,76.9555857,0.036
GNSS_01372,371/4,11.0052602,76.9555745,0.027
GNSS_01373,371/4,11.0054369,76.9555777,0.031
GNSS_01374,371/4,11.0054139,76.9553931,0.03
GNSS_01375,371/4,11.005417,76.9552306,0.039
GNSS_01376,371/4,11.0052363,76.9552803,0.031
GNSS_01377,372/1,11.0051014,76.9555857,0.041
GNSS_01378,372/1,11.005124,76.9557016,0.041
GNSS_01379,372/1,11.0051508,76.9558523,0.022
GNSS_01380,372/1,11.0052892,76.9558911,0.033
GNSS_01381,372/1,11.0054314,76.9559438,0.025
GNSS_01382,372/1,11.0054439,76.9557447,0.042
GNSS_01383,372/1,11.0054369,76.9555777,0.02
GNSS_01384,372/1,11.0052602,76.9555745,0.02
GNSS_01385,373/2,11.0051508,76.9558523,0.04
GNSS_01386,373/2,11.0051263,76.9560262,0.034
GNSS_01387,373/2,11.0051012,76.9562359,0.039
GNSS_01388,373/2,11.0052519,76.9562325,0.024
GNSS_01389,373/2,11.0053737,76.9562602,0.019
GNSS_01390,373/2,11.0053967,76.9560834,0.025
GNSS_01391,373/2,11.0054314,76.9559438,0.042
GNSS_01392,373/2,11.0052892,76.9558911,0.033
GNSS_01393,374/3,11.0051012,76.9562359,0.039
GNSS_01394,374/3,11.0051282,76.9563812,0.028
GNSS_01395,374/3,11.0051312,76.9565622,0.024
GNSS_01396,374/3,11.005244,76.9565683,0.039
GNSS_01397,374/3,11.0053598,76.9565738,0.038
GNSS_01398,374/3,11.0053546,76.956412,0.026
GNSS_01399,374/3,11.0053737,76.9562602,0.031
GNSS_01400,374/3,11.0052519,76.9562325,0.032
GNSS_01401,375/4,11.0051312,76.9565622,0.024
GNSS_01402,375/4,11.0051093,76.9567172,0.044
GNSS_01403,375/4,11.0050792,76.9568436,0.045
GNSS_01404,375/4,11.0052556,76.9568863,0.036
GNSS_01405,375/4,11.0054361,76.9569,0.038
GNSS_01406,375/4,11.0053859,76.9567494,0.022
GNSS_01407,375/4,11.0053598,76.9565738,0.022
GNSS_01408,375/4,11.005244,76.9565683,0.033
GNSS_01409,376/1,11.0050792,76.9568436,0.038
GNSS_01410,376/1,11.0051339,76.9569846,0.031
GNSS_01411,376/1,11.0051675,76.9571213,0.028
GNSS_01412,376/1,11.0052999,76.957127,0.024
GNSS_01413,376/1,11.0054342,76.9571458,0.031
GNSS_01414,376/1,11.0054257,76.95703,0.02
GNSS_01415,376/1,11.0054361,76.9569,0.028
GNSS_01416,376/1,11.0052556,76.9568863,0.019
GNSS_01417,377/2,11.0051675,76.9571213,0.028
GNSS_01418,377/2,11.0051574,76.957338,0.043
GNSS_01419,377/2,11.0051363,76.9575296,0.042
GNSS_01420,377/2,11.0052769,76.957495,0.019
GNSS_01421,377/2,11.0053858,76.9574895,0.036
GNSS_01422,377/2,11.0054082,76.9573277,0.021
GNSS_01423,377/2,11.0054342,76.9571458,0.044
GNSS_01424,377/2,11.0052999,76.957127,0.035
GNSS_01425,378/3,11.0051363,76.9575296,0.033
GNSS_01426,378/3,11.0051235,76.9576704,0.023
GNSS_01427,378/3,11.0051422,76.9578394,0.036
GNSS_01428,378/3,11.0052483,76.9578418,0.028
GNSS_01429,378/3,11.0053804,76.9578438,0.036
GNSS_01430,378/3,11.005382,76.9576791,0.041
GNSS_01431,378/3,11.0053858,76.9574895,0.032
GNSS_01432,378/3,11.0052769,76.957495,0.028
GNSS_01433,379/4,11.0051422,76.9578394,0.041
GNSS_01434,379/4,11.005147,76.9579735,0.031
GNSS_01435,379/4,11.0051363,76.9581201,0.031
GNSS_01436,379/4,11.0052705,76.9581151,0.034
GNSS_01437,379/4,11.0054096,76.9581286,0.032
GNSS_01438,379/4,11.0054124,76.9580042,0.022
GNSS_01439,379/4,11.0053804,76.9578438,0.022
GNSS_01440,379/4,11.0052483,76.9578418,0.02
GNSS_01441,380/1,11.0054098,76.9518958,0.022
GNSS_01442,380/1,11.0053911,76.9520271,0.034
GNSS_01443,380/1,11.0053708,76.9521633,0.04
GNSS_01444,380/1,11.0055112,76.9521461,0.036
GNSS_01445,380/1,11.0056438,76.9521408,0.029
GNSS_01446,380/1,11.0056716,76.9520329,0.027
GNSS_01447,380/1,11.0056765,76.9518874,0.021
GNSS_01448,380/1,11.0055381,76.9518791,0.036
GNSS_01449,381/2,11.0053708,76.9521633,0.041
GNSS_01450,381/2,11.0054046,76.9523163,0.019
GNSS_01451,381/2,11.0054449,76.9524868,0.019
GNSS_01452,381/2,11.0055604,76.9524676,0.033
GNSS_01453,381/2,11.005708,76.9524802,0.022
GNSS_01454,381/2,11.005681,76.9523005,0.035
GNSS_01455,381/2,11.0056438,76.9521408,0.019
GNSS_01456,381/2,11.0055112,76.9521461,0.033
GNSS_01457,382/3,11.0054449,76.9524868,0.032
GNSS_01458,382/3,11.0054472,76.9526782,0.029
GNSS_01459,382/3,11.0054388,76.9528462,0.044
GNSS_01460,382/3,11.0055496,76.9528597,0.035
GNSS_01461,382/3,11.0056479,76.9528567,0.042
GNSS_01462,382/3,11.0056904,76.9526524,0.038
GNSS_01463,382/3,11.005708,76.9524802,0.04
GNSS_01464,382/3,11.0055604,76.9524676,0.044
GNSS_01465,383/4,11.0054388,76.9528462,0.041
GNSS_01466,383/4,11.0053977,76.9530121,0.023
GNSS_01467,383/4,11.0053722,76.9531636,0.04
GNSS_01468,383/4,11.0055183,76.9531395,0.034
GNSS_01469,383/4,11.0056579,76.9531276,0.039
GNSS_01470,383/4,11.0056447,76.9530027,0.04
GNSS_01471,383/4,11.0056479,76.9528567,0.023
GNSS_01472,383/4,11.0055496,76.9528597,0.036
GNSS_01473,384/1,11.0053722,76.9531636,0.043
GNSS_01474,384/1,11.0053793,76.9532974,0.034
GNSS_01475,384/1,11.0053595,76.9533985,0.02
GNSS_01476,384/1,11.0055225,76.9534526,0.028
GNSS_01477,384/1,11.0056697,76.9534724,0.022
GNSS_01478,384/1,11.0056799,76.9532975,0.018
GNSS_01479,384/1,11.0056579,76.9531276,0.032
GNSS_01480,384/1,11.0055183,76.9531395,0.043
GNSS_01481,385/2,11.0053595,76.9533985,0.021
GNSS_01482,385/2,11.0053919,76.9535668,0.031
GNSS_01483,385/2,11.005435,76.953764,0.035
GNSS_01484,385/2,11.0055233,76.9537861,0.019
GNSS_01485,385/2,11.0056268,76.9537761,0.039
GNSS_01486,385/2,11.0056312,76.9536182,0.032
GNSS_01487,385/2,11.0056697,76.9534724,0.021
GNSS_01488,385/2,11.0055225,76.9534526,0.031
GNSS_01489,386/3,11.005435,76.953764,0.018
GNSS_01490,386/3,11.0054247,76.953893,0.043
GNSS_01491,386/3,11.0054074,76.9540307,0.036
GNSS_01492,386/3,11.0055265,76.9540712,0.03
GNSS_01493,386/3,11.0056321,76.9540888,0.029
GNSS_01494,386/3,11.0056472,76.9539218,0.042
GNSS_01495,386/3,11.0056268,76.9537761,0.037
GNSS_01496,386/3,11.0055233,76.9537861,0.03
GNSS_01497,387/4,11.0054074,76.9540307,0.034
GNSS_01498,387/4,11.0054327,76.9541663,0.038
GNSS_01499,387/4,11.0054369,76.9543118,0.039
GNSS_01500,387/4,11.0055396,76.9543619,0.037
GNSS_01501,387/4,11.0056402,76.9543984,0.021
GNSS_01502,387/4,11.0056484,76.954261,0.022
GNSS_01503,387/4,11.0056321,76.9540888,0.031
GNSS_01504,387/4,11.0055265,76.9540712,0.024
GNSS_01505,388/1,11.0054369,76.9543118,0.029
GNSS_01506,388/1,11.0054475,76.954519,0.023
GNSS_01507,388/1,11.0054408,76.9546998,0.037
GNSS_01508,388/1,11.0055434,76.9546528,0.039
GNSS_01509,388/1,11.0056569,76.954616,0.034
GNSS_01510,388/1,11.0056409,76.9544926,0.021
GNSS_01511,388/1,11.0056402,76.9543984,0.018
GNSS_01512,388/1,11.0055396,76.9543619,0.036
GNSS_01513,389/2,11.0054408,76.9546998,0.021
GNSS_01514,389/2,11.0054332,76.9548582,0.03
GNSS_01515,389/2,11.0054312,76.9550049,0.034
GNSS_01516,389/2,11.0055377,76.9550173,0.025
GNSS_01517,389/2,11.0056454,76.954997,0.032
GNSS_01518,389/2,11.0056585,76.954792,0.033
GNSS_01519,389/2,11.0056569,76.954616,0.035
GNSS_01520,389/2,11.0055434,76.9546528,0.045
GNSS_01521,390/3,11.0054312,76.9550049,0.031
GNSS_01522,390/3,11.0054138,76.9551048,0.028
GNSS_01523,390/3,11.005417,76.9552306,0.033
GNSS_01524,390/3,11.0055551,76.9552485,0.025
GNSS_01525,390/3,11.0056658,76.9552974,0.026
GNSS_01526,390/3,11.0056468,76.9551303,0.027
GNSS_01527,390/3,11.0056454,76.954997,0.037
GNSS_01528,390/3,11.0055377,76.9550173,0.038
GNSS_01529,391/4,11.005417,76.9552306,0.039
GNSS_01530,391/4,11.0054139,76.9553931,0.044
GNSS_01531,391/4,11.0054369,76.9555777,0.021
GNSS_01532,391/4,11.0055704,76.9555952,0.032
GNSS_01533,391/4,11.0056735,76.955588,0.039
GNSS_01534,391/4,11.0056707,76.9554519,0.04
GNSS_01535,391/4,11.0056658,76.9552974,0.035
GNSS_01536,391/4,11.0055551,76.9552485,0.036
GNSS_01537,392/1,11.0054369,76.9555777,0.018
GNSS_01538,392/1,11.0054439,76.9557447,0.02
GNSS_01539,392/1,11.0054314,76.9559438,0.022
GNSS_01540,392/1,11.0055452,76.9559264,0.043
GNSS_01541,392/1,11.0056883,76.9558895,0.03
GNSS_01542,392/1,11.0056646,76.9557308,0.02
GNSS_01543,392/1,11.0056735,76.955588,0.024
GNSS_01544,392/1,11.0055704,76.9555952,0.02
GNSS_01545,393/2,11.0054314,76.9559438,0.029
GNSS_01546,393/2,11.0053967,76.9560834,0.036
GNSS_01547,393/2,11.0053737,76.9562602,0.026
GNSS_01548,393/2,11.0055534,76.9562314,0.044
GNSS_01549,393/2,11.0057116,76.9561782,0.02
GNSS_01550,393/2,11.0056859,76.9560321,0.039
GNSS_01551,393/2,11.0056883,76.9558895,0.023
GNSS_01552,393/2,11.0055452,76.9559264,0.031
GNSS_01553,394/3,11.0053737,76.9562602,0.04
GNSS_01554,394/3,11.0053546,76.956412,0.026
GNSS_01555,394/3,11.0053598,76.9565738,0.019
GNSS_01556,394/3,11.005523,76.9565618,0.034
GNSS_01557,394/3,11.0056934,76.9565544,0.032
GNSS_01558,394/3,11.0057031,76.9563468,0.024
GNSS_01559,394/3,11.0057116,76.9561782,0.023
GNSS_01560,394/3,11.0055534,76.9562314,0.019
GNSS_01561,395/4,11.0053598,76.9565738,0.02
GNSS_01562,395/4,11.0053859,76.9567494,0.025
GNSS_01563,395/4,11.0054361,76.9569,0.029
GNSS_01564,395/4,11.0055549,76.9568951,0.036
GNSS_01565,395/4,11.0056908,76.9568942,0.029
GNSS_01566,395/4,11.0056962,76.9567214,0.023
GNSS_01567,395/4,11.0056934,76.9565544,0.018
GNSS_01568,395/4,11.005523,76.9565618,0.037
GNSS_01569,396/1,11.0054361,76.9569,0.033
GNSS_01570,396/1,11.0054257,76.95703,0.034
GNSS_01571,396/1,11.0054342,76.9571458,0.027
GNSS_01572,396/1,11.0055264,76.9571592,0.04
GNSS_01573,396/1,11.0056336,76.9571702,0.024
GNSS_01574,396/1,11.0056473,76.9570388,0.044
GNSS_01575,396/1,11.0056908,76.9568942,0.03
GNSS_01576,396/1,11.0055549,76.9568951,0.029
GNSS_01577,397/2,11.0054342,76.9571458,0.021
GNSS_01578,397/2,11.0054082,76.9573277,0.02
GNSS_01579,397/2,11.0053858,76.9574895,0.026
GNSS_01580,397/2,11.0055185,76.9575173,0.044
GNSS_01581,397/2,11.0056616,76.9575206,0.04
GNSS_01582,397/2,11.0056479,76.9573464,0.044
GNSS_01583,397/2,11.0056336,76.9571702,0.042
GNSS_01584,397/2,11.0055264,76.9571592,0.04
GNSS_01585,398/3,11.0053858,76.9574895,0.028
GNSS_01586,398/3,11.005382,76.9576791,0.031
GNSS_01587,398/3,11.0053804,76.9578438,0.025
GNSS_01588,398/3,11.0055391,76.95782,0.027
GNSS_01589,398/3,11.005715,76.9577991,0.039
GNSS_01590,398/3,11.0056873,76.9576554,0.036
GNSS_01591,398/3,11.0056616,76.9575206,0.042
GNSS_01592,398/3,11.0055185,76.9575173,0.041
GNSS_01593,399/4,11.0053804,76.9578438,0.035
GNSS_01594,399/4,11.0054124,76.9580042,0.045
GNSS_01595,399/4,11.0054096,76.9581286,0.036
GNSS_01596,399/4,11.0055471,76.958128,0.024
GNSS_01597,399/4,11.0056824,76.958136,0.027
GNSS_01598,399/4,11.0056813,76.9579576,0.044
GNSS_01599,399/4,11.005715,76.9577991,0.032
GNSS_01600,399/4,11.0055391,76.95782,0.018
GNSS_01601,400/1,11.0056765,76.9518874,0.036
GNSS_01602,400/1,11.0056716,76.9520329,0.04
GNSS_01603,400/1,11.0056438,76.9521408,0.02
GNSS_01604,400/1,11.0057846,76.9521886,0.043
GNSS_01605,400/1,11.005921,76.9522088,0.031
GNSS_01606,400/1,11.0059405,76.9520547,0.028
GNSS_01607,400/1,11.005943,76.9518787,0.042
GNSS_01608,400/1,11.0057954,76.9518941,0.025
GNSS_01609,401/2,11.0056438,76.9521408,0.031
GNSS_01610,401/2,11.005681,76.9523005,0.023
GNSS_01611,401/2,11.005708,76.9524802,0.038
GNSS_01612,401/2,11.0058103,76.9524881,0.042
GNSS_01613,401/2,11.0059296,76.9524701,0.024
GNSS_01614,401/2,11.0059366,76.9523413,0.023
GNSS_01615,401/2,11.005921,76.9522088,0.025
GNSS_01616,401/2,11.0057846,76.9521886,0.035
GNSS_01617,402/3,11.005708,76.9524802,0.02
GNSS_01618,402/3,11.0056904,76.9526524,0.044
GNSS_01619,402/3,11.0056479,76.9528567,0.031
GNSS_01620,402/3,11.0057683,76.9528369,0.018
GNSS_01621,402/3,11.0059167,76.9527874,0.041
GNSS_01622,402/3,11.0059302,76.9526273,0.044
GNSS_01623,402/3,11.0059296,76.9524701,0.041
GNSS_01624,402/3,11.0058103,76.9524881,0.028
GNSS_01625,403/4,11.0056479,76.9528567,0.042
GNSS_01626,403/4,11.0056447,76.9530027,0.041
GNSS_01627,403/4,11.0056579,76.9531276,0.031
GNSS_01628,403/4,11.0057908,76.9530861,0.045
GNSS_01629,403/4,11.0059275,76.953065,0.043
GNSS_01630,403/4,11.005932,76.9529086,0.026
GNSS_01631,403/4,11.0059167,76.9527874,0.024
GNSS_01632,403/4,11.0057683,76.9528369,0.034
GNSS_01633,404/1,11.0056579,76.9531276,0.043
GNSS_01634,404/1,11.0056799,76.9532975,0.019
GNSS_01635,404/1,11.0056697,76.9534724,0.027
GNSS_01636,404/1,11.0058109,76.9534514,0.041
GNSS_01637,404/1,11.0059518,76.9534632,0.039
GNSS_01638,404/1,11.0059288,76.9532457,0.03
GNSS_01639,404/1,11.0059275,76.953065,0.021
GNSS_01640,404/1,11.0057908,76.9530861,0.032
GNSS_01641,405/2,11.0056697,76.9534724,0.024
GNSS_01642,405/2,11.0056312,76.9536182,0.034
GNSS_01643,405/2,11.0056268,76.9537761,0.027
GNSS_01644,405/2,11.0057672,76.9537679,0.035
GNSS_01645,405/2,11.005945,76.9537689,0.025
GNSS_01646,405/2,11.005966,76.9536167,0.033
GNSS_01647,405/2,11.0059518,76.9534632,0.024
GNSS_01648,405/2,11.0058109,76.9534514,0.031
GNSS_01649,406/3,11.0056268,76.9537761,0.029
GNSS_01650,406/3,11.0056472,76.9539218,0.029
GNSS_01651,406/3,11.0056321,76.9540888,0.038
GNSS_01652,406/3,11.0057966,76.9540568,0.028
GNSS_01653,406/3,11.005938,76.9540138,0.029
GNSS_01654,406/3,11.0059304,76.9539016,0.03
GNSS_01655,406/3,11.005945,76.9537689,0.033
GNSS_01656,406/3,11.0057672,76.9537679,0.044
GNSS_01657,407/4,11.0056321,76.9540888,0.025
GNSS_01658,407/4,11.0056484,76.954261,0.024
GNSS_01659,407/4,11.0056402,76.9543984,0.03
GNSS_01660,407/4,11.0057841,76.9543577,0.028
GNSS_01661,407/4,11.0059124,76.9542929,0.022
GNSS_01662,407/4,11.0059192,76.9541681,0.044
GNSS_01663,407/4,11.005938,76.9540138,0.022
GNSS_01664,407/4,11.0057966,76.9540568,0.04
GNSS_01665,408/1,11.0056402,76.9543984,0.042
GNSS_01666,408/1,11.0056409,76.9544926,0.035
GNSS_01667,408/1,11.0056569,76.954616,0.032
GNSS_01668,408/1,11.0057799,76.9546329,0.027
GNSS_01669,408/1,11.0059421,76.9546535,0.031
GNSS_01670,408/1,11.005936,76.9544889,0.025
GNSS_01671,408/1,11.0059124,76.9542929,0.041
GNSS_01672,408/1,11.0057841,76.9543577,0.019
GNSS_01673,409/2,11.0056569,76.954616,0.04
GNSS_01674,409/2,11.0056585,76.954792,0.031
GNSS_01675,409/2,11.0056454,76.954997,0.035
GNSS_01676,409/2,11.0057905,76.9550071,0.03
GNSS_01677,409/2,11.0059318,76.9549926,0.027
GNSS_01678,409/2,11.0059368,76.9548421,0.028
GNSS_01679,409/2,11.0059421,76.9546535,0.033
GNSS_01680,409/2,11.0057799,76.9546329,0.043
GNSS_01681,410/3,11.0056454,76.954997,0.027
GNSS_01682,410/3,11.0056468,76.9551303,0.036
GNSS_01683,410/3,11.0056658,76.9552974,0.034
GNSS_01684,410/3,11.0057787,76.9552768,0.034
GNSS_01685,410/3,11.0059084,76.9552846,0.036
GNSS_01686,410/3,11.0059309,76.9551394,0.033
GNSS_01687,410/3,11.0059318,76.9549926,0.044
GNSS_01688,410/3,11.0057905,76.9550071,0.026
GNSS_01689,411/4,11.0056658,76.9552974,0.042
GNSS_01690,411/4,11.0056707,76.9554519,0.028
GNSS_01691,411/4,11.0056735,76.955588,0.026
GNSS_01692,411/4,11.0058375,76.9555932,0.035
GNSS_01693,411/4,11.0059782,76.9556042,0.022
GNSS_01694,411/4,11.0059549,76.9554486,0.023
GNSS_01695,411/4,11.0059084,76.9552846,0.04
GNSS_01696,411/4,11.0057787,76.9552768,0.027
GNSS_01697,412/1,11.0056735,76.955588,0.042
GNSS_01698,412/1,11.0056646,76.9557308,0.02
GNSS_01699,412/1,11.0056883,76.9558895,0.027
GNSS_01700,412/1,11.0058019,76.9559379,0.026
GNSS_01701,412/1,11.0059078,76.9559566,0.036
GNSS_01702,412/1,11.0059488,76.9557635,0.037
GNSS_01703,412/1,11.0059782,76.9556042,0.034
GNSS_01704,412/1,11.0058375,76.9555932,0.029
GNSS_01705,413/2,11.0056883,76.9558895,0.038
GNSS_01706,413/2,11.0056859,76.9560321,0.032
GNSS_01707,413/2,11.0057116,76.9561782,0.03
GNSS_01708,413/2,11.0058138,76.9561775,0.023
GNSS_01709,413/2,11.0059442,76.9561957,0.041
GNSS_01710,413/2,11.0059329,76.9560732,0.021
GNSS_01711,413/2,11.0059078,76.9559566,0.024
GNSS_01712,413/2,11.0058019,76.9559379,0.025
GNSS_01713,414/3,11.0057116,76.9561782,0.023
GNSS_01714,414/3,11.0057031,76.9563468,0.021
GNSS_01715,414/3,11.0056934,76.9565544,0.02
GNSS_01716,414/3,11.0058077,76.9565544,0.042
GNSS_01717,414/3,11.0059287,76.9565735,0.033
GNSS_01718,414/3,11.0059312,76.9563995,0.019
GNSS_01719,414/3,11.0059442,76.9561957,0.029
GNSS_01720,414/3,11.0058138,76.9561775,0.039
GNSS_01721,415/4,11.0056934,76.9565544,0.02
GNSS_01722,415/4,11.0056962,76.9567214,0.043
GNSS_01723,415/4,11.0056908,76.9568942,0.029
GNSS_01724,415/4,11.0058144,76.9569202,0.024
GNSS_01725,415/4,11.0059721,76.9569114,0.038
GNSS_01726,415/4,11.0059665,76.9567618,0.03
GNSS_01727,415/4,11.0059287,76.9565735,0.021
GNSS_01728,415/4,11.0058077,76.9565544,0.032
GNSS_01729,416/1,11.0056908,76.9568942,0.041
GNSS_01730,416/1,11.0056473,76.9570388,0.027
GNSS_01731,416/1,11.0056336,76.9571702,0.031
GNSS_01732,416/1,11.0057801,76.9572093,0.044
GNSS_01733,416/1,11.0059222,76.9572126,0.033
GNSS_01734,416/1,11.005958,76.9570565,0.025
GNSS_01735,416/1,11.0059721,76.9569114,0.03
GNSS_01736,416/1,11.0058144,76.9569202,0.044
GNSS_01737,417/2,11.0056336,76.9571702,0.03
GNSS_01738,417/2,11.0056479,76.9573464,0.038
GNSS_01739,417/2,11.0056616,76.9575206,0.042
GNSS_01740,417/2,11.0058021,76.9575039,0.03
GNSS_01741,417/2,11.0059044,76.9574772,0.035
GNSS_01742,417/2,11.0059172,76.9573305,0.032
GNSS_01743,417/2,11.0059222,76.9572126,0.043
GNSS_01744,417/2,11.0057801,76.9572093,0.031
GNSS_01745,418/3,11.0056616,76.9575206,0.028
GNSS_01746,418/3,11.0056873,76.9576554,0.025
GNSS_01747,418/3,11.005715,76.9577991,0.026
GNSS_01748,418/3,11.0058267,76.9578093,0.018
GNSS_01749,418/3,11.0059507,76.9577984,0.04
GNSS_01750,418/3,11.0059376,76.9576203,0.041
GNSS_01751,418/3,11.0059044,76.9574772,0.027
GNSS_01752,418/3,11.0058021,76.9575039,0.031
GNSS_01753,419/4,11.005715,76.9577991,0.038
GNSS_01754,419/4,11.0056813,76.9579576,0.026
GNSS_01755,419/4,11.0056824,76.958136,0.039
GNSS_01756,419/4,11.0058236,76.9581474,0.04
GNSS_01757,419/4,11.0059546,76.9581417,0.034
GNSS_01758,419/4,11.0059565,76.9579727,0.04
GNSS_01759,419/4,11.0059507,76.9577984,0.033
GNSS_01760,419/4,11.0058267,76.9578093,0.023
GNSS_01761,420/1,11.005943,76.9518787,0.037
GNSS_01762,420/1,11.0059405,76.9520547,0.035
GNSS_01763,420/1,11.005921,76.9522088,0.04
GNSS_01764,420/1,11.0060543,76.9522002,0.024
GNSS_01765,420/1,11.0061654,76.9522155,0.02
GNSS_01766,420/1,11.0061886,76.9520459,0.035
GNSS_01767,420/1,11.0062097,76.9518703,0.032
GNSS_01768,420/1,11.0060583,76.9518683,0.04
GNSS_01769,421/2,11.005921,76.9522088,0.026
GNSS_01770,421/2,11.0059366,76.9523413,0.038
GNSS_01771,421/2,11.0059296,76.9524701,0.04
GNSS_01772,421/2,11.0060866,76.9524774,0.029
GNSS_01773,421/2,11.0062189,76.952475,0.041
GNSS_01774,421/2,11.0061782,76.9523352,0.023
GNSS_01775,421/2,11.0061654,76.9522155,0.026
GNSS_01776,421/2,11.0060543,76.9522002,0.035
GNSS_01777,422/3,11.0059296,76.9524701,0.031
GNSS_01778,422/3,11.0059302,76.9526273,0.027
GNSS_01779,422/3,11.0059167,76.9527874,0.022
GNSS_01780,422/3,11.0060622,76.9527717,0.044
GNSS_01781,422/3,11.0062242,76.9527591,0.019
GNSS_01782,422/3,11.0062237,76.9526125,0.044
GNSS_01783,422/3,11.0062189,76.952475,0.026
GNSS_01784,422/3,11.0060866,76.9524774,0.021
GNSS_01785,423/4,11.0059167,76.9527874,0.022
GNSS_01786,423/4,11.005932,76.9529086,0.031
GNSS_01787,423/4,11.0059275,76.953065,0.027
GNSS_01788,423/4,11.0060701,76.9530664,0.026
GNSS_01789,423/4,11.0061785,76.9531014,0.04
GNSS_01790,423/4,11.0062192,76.9529281,0.045
GNSS_01791,423/4,11.0062242,76.9527591,0.031
GNSS_01792,423/4,11.0060622,76.9527717,0.039
GNSS_01793,424/1,11.0059275,76.953065,0.022
GNSS_01794,424/1,11.0059288,76.9532457,0.025
GNSS_01795,424/1,11.0059518,76.9534632,0.029
GNSS_01796,424/1,11.0060433,76.953448,0.033
GNSS_01797,424/1,11.0061544,76.9534297,0.023
GNSS_01798,424/1,11.0061528,76.9532652,0.042
GNSS_01799,424/1,11.0061785,76.9531014,0.025
GNSS_01800,424/1,11.0060701,76.9530664,0.028
GNSS_01801,425/2,11.0059518,76.9534632,0.025
GNSS_01802,425/2,11.005966,76.9536167,0.039
GNSS_01803,425/2,11.005945,76.9537689,0.03
GNSS_01804,425/2,11.0060986,76.9537551,0.038
GNSS_01805,425/2,11.00623,76.9537517,0.019
GNSS_01806,425/2,11.0061902,76.9536068,0.03
GNSS_01807,425/2,11.0061544,76.9534297,0.039
GNSS_01808,425/2,11.0060433,76.953448,0.032
GNSS_01809,426/3,11.005945,76.9537689,0.026
GNSS_01810,426/3,11.0059304,76.9539016,0.027
GNSS_01811,426/3,11.005938,76.9540138,0.035
GNSS_01812,426/3,11.0060619,76.9539899,0.019
GNSS_01813,426/3,11.0061963,76.9539936,0.043
GNSS_01814,426/3,11.0062067,76.9538866,0.032
GNSS_01815,426/3,11.00623,76.9537517,0.025
GNSS_01816,426/3,11.0060986,76.9537551,0.035
GNSS_01817,427/4,11.005938,76.9540138,0.036
GNSS_01818,427/4,11.0059192,76.9541681,0.044
GNSS_01819,427/4,11.0059124,76.9542929,0.024
GNSS_01820,427/4,11.0060767,76.9543185,0.03
GNSS_01821,427/4,11.0062499,76.9543151,0.018
GNSS_01822,427/4,11.0062372,76.954156,0.039
GNSS_01823,427/4,11.0061963,76.9539936,0.034
GNSS_01824,427/4,11.0060619,76.9539899,0.029
GNSS_01825,428/1,11.0059124,76.9542929,0.039
GNSS_01826,428/1,11.005936,76.9544889,0.031
GNSS_01827,428/1,11.0059421,76.9546535,0.034
GNSS_01828,428/1,11.0060685,76.9546605,0.028
GNSS_01829,428/1,11.0061613,76.9546676,0.02
GNSS_01830,428/1,11.0062106,76.9545086,0.022
GNSS_01831,428/1,11.0062499,76.9543151,0.02
GNSS_01832,428/1,11.0060767,76.9543185,0.035
GNSS_01833,429/2,11.0059421,76.9546535,0.022
GNSS_01834,429/2,11.0059368,76.9548421,0.032
GNSS_01835,429/2,11.0059318,76.9549926,0.021
GNSS_01836,429/2,11.0060702,76.9549816,0.031
GNSS_01837,429/2,11.006242,76.9549539,0.027
GNSS_01838,429/2,11.0061909,76.9547955,0.033
GNSS_01839,429/2,11.0061613,76.9546676,0.035
GNSS_01840,429/2,11.0060685,76.9546605,0.027
GNSS_01841,430/3,11.0059318,76.9549926,0.028
GNSS_01842,430/3,11.0059309,76.9551394,0.038
GNSS_01843,430/3,11.0059084,76.9552846,0.025
GNSS_01844,430/3,11.0060667,76.9552906,0.019
GNSS_01845,430/3,11.0062392,76.9552933,0.037
GNSS_01846,430/3,11.0062426,76.9551045,0.033
GNSS_01847,430/3,11.006242,76.9549539,0.033
GNSS_01848,430/3,11.0060702,76.9549816,0.031
GNSS_01849,431/4,11.0059084,76.9552846,0.038
GNSS_01850,431/4,11.0059549,76.9554486,0.025
GNSS_01851,431/4,11.0059782,76.9556042,0.04
GNSS_01852,431/4,11.0061231,76.9556118,0.043
GNSS_01853,431/4,11.0062598,76.9556336,0.033
GNSS_01854,431/4,11.0062536,76.9554655,0.02
GNSS_01855,431/4,11.0062392,76.9552933,0.022
GNSS_01856,431/4,11.0060667,76.9552906,0.026
GNSS_01857,432/1,11.0059782,76.9556042,0.039
GNSS_01858,432/1,11.0059488,76.9557635,0.032
GNSS_01859,432/1,11.0059078,76.9559566,0.038
GNSS_01860,432/1,11.006065,76.9559444,0.042
GNSS_01861,432/1,11.0062583,76.9559431,0.035
GNSS_01862,432/1,11.006267,76.9558085,0.028
GNSS_01863,432/1,11.0062598,76.9556336,0.035
GNSS_01864,432/1,11.0061231,76.9556118,0.027
GNSS_01865,433/2,11.0059078,76.9559566,0.028
GNSS_01866,433/2,11.0059329,76.9560732,0.032
GNSS_01867,433/2,11.0059442,76.9561957,0.031
GNSS_01868,433/2,11.0060768,76.9562627,0.033
GNSS_01869,433/2,11.0062273,76.9562932,0.035
GNSS_01870,433/2,11.0062275,76.9561312,0.027
GNSS_01871,433/2,11.0062583,76.9559431,0.035
GNSS_01872,433/2,11.006065,76.9559444,0.021
GNSS_01873,434/3,11.0059442,76.9561957,0.043
GNSS_01874,434/3,11.0059312,76.9563995,0.023
GNSS_01875,434/3,11.0059287,76.9565735,0.019
GNSS_01876,434/3,11.0060792,76.956567,0.021
GNSS_01877,434/3,11.0062188,76.9565916,0.023
GNSS_01878,434/3,11.0062295,76.9564404,0.019
GNSS_01879,434/3,11.0062273,76.9562932,0.035
GNSS_01880,434/3,11.0060768,76.9562627,0.028
GNSS_01881,435/4,11.0059287,76.9565735,0.025
GNSS_01882,435/4,11.0059665,76.9567618,0.028
GNSS_01883,435/4,11.0059721,76.9569114,0.034
GNSS_01884,435/4,11.0061166,76.9569227,0.02
GNSS_01885,435/4,11.0062252,76.9569209,0.043
GNSS_01886,435/4,11.006227,76.9567676,0.024
GNSS_01887,435/4,11.0062188,76.9565916,0.031
GNSS_01888,435/4,11.0060792,76.956567,0.042
GNSS_01889,436/1,11.0059721,76.9569114,0.028
GNSS_01890,436/1,11.005958,76.9570565,0.038
GNSS_01891,436/1,11.0059222,76.9572126,0.042
GNSS_01892,436/1,11.0060659,76.9572389,0.04
GNSS_01893,436/1,11.0062464,76.9572447,0.039
GNSS_01894,436/1,11.0062506,76.9570801,0.02
GNSS_01895,436/1,11.0062252,76.9569209,0.035
GNSS_01896,436/1,11.0061166,76.9569227,0.032
GNSS_01897,437/2,11.0059222,76.9572126,0.044
GNSS_01898,437/2,11.0059172,76.9573305,0.044
GNSS_01899,437/2,11.0059044,76.9574772,0.021
GNSS_01900,437/2,11.0060476,76.9574907,0.038
GNSS_01901,437/2,11.0062001,76.9575139,0.032
GNSS_01902,437/2,11.0062112,76.9573653,0.023
GNSS_01903,437/2,11.0062464,76.9572447,0.032
GNSS_01904,437/2,11.0060659,76.9572389,0.025
GNSS_01905,438/3,11.0059044,76.9574772,0.033
GNSS_01906,438/3,11.0059376,76.9576203,0.038
GNSS_01907,438/3,11.0059507,76.9577984,0.039
GNSS_01908,438/3,11.0061125,76.9578075,0.034
GNSS_01909,438/3,11.0062387,76.9578036,0.036
GNSS_01910,438/3,11.0062353,76.9576525,0.037
GNSS_01911,438/3,11.0062001,76.9575139,0.03
GNSS_01912,438/3,11.0060476,76.9574907,0.021
GNSS_01913,439/4,11.0059507,76.9577984,0.033
GNSS_01914,439/4,11.0059565,76.9579727,0.032
GNSS_01915,439/4,11.0059546,76.9581417,0.036
GNSS_01916,439/4,11.0061007,76.9581387,0.032
GNSS_01917,439/4,11.0062259,76.9581451,0.034
GNSS_01918,439/4,11.0062372,76.9579643,0.043
GNSS_01919,439/4,11.0062387,76.9578036,0.042
GNSS_01920,439/4,11.0061125,76.9578075,0.033
GNSS_01921,440/1,11.0062097,76.9518703,0.035
GNSS_01922,440/1,11.0061886,76.9520459,0.04
GNSS_01923,440/1,11.0061654,76.9522155,0.027
GNSS_01924,440/1,11.0063214,76.9522165,0.024
GNSS_01925,440/1,11.0064774,76.9522002,0.033
GNSS_01926,440/1,11.0064652,76.9520318,0.028
GNSS_01927,440/1,11.0064768,76.9518631,0.033
GNSS_01928,440/1,11.0063491,76.951863,0.038
GNSS_01929,441/2,11.0061654,76.9522155,0.029
GNSS_01930,441/2,11.0061782,76.9523352,0.038
GNSS_01931,441/2,11.0062189,76.952475,0.045
GNSS_01932,441/2,11.0063259,76.9524756,0.034
GNSS_01933,441/2,11.0064518,76.9524937,0.032
GNSS_01934,441/2,11.0064726,76.9523533,0.045
GNSS_01935,441/2,11.0064774,76.9522002,0.026
GNSS_01936,441/2,11.0063214,76.9522165,0.026
GNSS_01937,442/3,11.0062189,76.952475,0.039
GNSS_01938,442/3,11.0062237,76.9526125,0.043
GNSS_01939,442/3,11.0062242,76.9527591,0.04
GNSS_01940,442/3,11.0063547,76.9527433,0.043
GNSS_01941,442/3,11.0064522,76.9527431,0.032
GNSS_01942,442/3,11.0064637,76.952621,0.033
GNSS_01943,442/3,11.0064518,76.9524937,0.033
GNSS_01944,442/3,11.0063259,76.9524756,0.021
GNSS_01945,443/4,11.0062242,76.9527591,0.028
GNSS_01946,443/4,11.0062192,76.9529281,0.034
GNSS_01947,443/4,11.0061785,76.9531014,0.024
GNSS_01948,443/4,11.006315,76.9531014,0.04
GNSS_01949,443/4,11.0064553,76.9530755,0.02
GNSS_01950,443/4,11.0064566,76.952915,0.029
GNSS_01951,443/4,11.0064522,76.9527431,0.043
GNSS_01952,443/4,11.0063547,76.9527433,0.038
GNSS_01953,444/1,11.0061785,76.9531014,0.031
GNSS_01954,444/1,11.0061528,76.9532652,0.042
GNSS_01955,444/1,11.0061544,76.9534297,0.037
GNSS_01956,444/1,11.0063032,76.9534083,0.04
GNSS_01957,444/1,11.0064376,76.9534172,0.021
GNSS_01958,444/1,11.0064515,76.953243,0.035
GNSS_01959,444/1,11.0064553,76.9530755,0.019
GNSS_01960,444/1,11.006315,76.9531014,0.04
GNSS_01961,445/2,11.0061544,76.9534297,0.039
GNSS_01962,445/2,11.0061902,76.9536068,0.027
GNSS_01963,445/2,11.00623,76.9537517,0.04
GNSS_01964,445/2,11.0063444,76.9537186,0.029
GNSS_01965,445/2,11.0064932,76.9536966,0.041
GNSS_01966,445/2,11.0064819,76.9535484,0.041
GNSS_01967,445/2,11.0064376,76.9534172,0.024
GNSS_01968,445/2,11.0063032,76.9534083,0.036
GNSS_01969,446/3,11.00623,76.9537517,0.035
GNSS_01970,446/3,11.0062067,76.9538866,0.019
GNSS_01971,446/3,11.0061963,76.9539936,0.032
GNSS_01972,446/3,11.0063225,76.9540413,0.027
GNSS_01973,446/3,11.006432,76.9540633,0.033
GNSS_01974,446/3,11.0064553,76.9538874,0.027
GNSS_01975,446/3,11.0064932,76.9536966,0.037
GNSS_01976,446/3,11.0063444,76.9537186,0.022
GNSS_01977,447/4,11.0061963,76.9539936,0.03
GNSS_01978,447/4,11.0062372,76.954156,0.034
GNSS_01979,447/4,11.0062499,76.9543151,0.032
GNSS_01980,447/4,11.0063657,76.9543412,0.024
GNSS_01981,447/4,11.0064808,76.9543458,0.026
GNSS_01982,447/4,11.0064558,76.9542021,0.029
GNSS_01983,447/4,11.006432,76.9540633,0.022
GNSS_01984,447/4,11.0063225,76.9540413,0.02
GNSS_01985,448/1,11.0062499,76.9543151,0.025
GNSS_01986,448/1,11.0062106,76.9545086,0.029
GNSS_01987,448/1,11.0061613,76.9546676,0.03
GNSS_01988,448/1,11.0063168,76.954652,0.037
GNSS_01989,448/1,11.0064493,76.9546629,0.039
GNSS_01990,448/1,11.0064729,76.9544968,0.031
GNSS_01991,448/1,11.0064808,76.9543458,0.023
GNSS_01992,448/1,11.0063657,76.9543412,0.029
GNSS_01993,449/2,11.0061613,76.9546676,0.038
GNSS_01994,449/2,11.0061909,76.9547955,0.025
GNSS_01995,449/2,11.006242,76.9549539,0.02
GNSS_01996,449/2,11.0063932,76.9549623,0.039
GNSS_01997,449/2,11.0065205,76.9549802,0.027
GNSS_01998,449/2,11.0064716,76.9548408,0.043
GNSS_01999,449/2,11.0064493,76.9546629,0.02
GNSS_02000,449/2,11.0063168,76.954652,0.036
GNSS_02001,450/3,11.006242,76.9549539,0.027
GNSS_02002,450/3,11.0062426,76.9551045,0.036
GNSS_02003,450/3,11.0062392,76.9552933,0.039
GNSS_02004,450/3,11.0063631,76.9552892,0.023
GNSS_02005,450/3,11.006502,76.9553156,0.027
GNSS_02006,450/3,11.00651,76.9551406,0.04
GNSS_02007,450/3,11.0065205,76.9549802,0.04
GNSS_02008,450/3,11.0063932,76.9549623,0.035
GNSS_02009,451/4,11.0062392,76.9552933,0.023
GNSS_02010,451/4,11.0062536,76.9554655,0.028
GNSS_02011,451/4,11.0062598,76.9556336,0.038
GNSS_02012,451/4,11.0063962,76.9556493,0.041
GNSS_02013,451/4,11.0065112,76.9556631,0.021
GNSS_02014,451/4,11.006499,76.9554731,0.019
GNSS_02015,451/4,11.006502,76.9553156,0.044
GNSS_02016,451/4,11.0063631,76.9552892,0.043
GNSS_02017,452/1,11.0062598,76.9556336,0.021
GNSS_02018,452/1,11.006267,76.9558085,0.03
GNSS_02019,452/1,11.0062583,76.9559431,0.019
GNSS_02020,452/1,11.0063539,76.9559529,0.024
GNSS_02021,452/1,11.0064383,76.9559282,0.033
GNSS_02022,452/1,11.0064879,76.9557855,0.024
GNSS_02023,452/1,11.0065112,76.9556631,0.032
GNSS_02024,452/1,11.0063962,76.9556493,0.025
GNSS_02025,453/2,11.0062583,76.9559431,0.037
GNSS_02026,453/2,11.0062275,76.9561312,0.036
GNSS_02027,453/2,11.0062273,76.9562932,0.028
GNSS_02028,453/2,11.0063858,76.956262,0.042
GNSS_02029,453/2,11.0065145,76.9562423,0.032
GNSS_02030,453/2,11.0064696,76.9560883,0.025
GNSS_02031,453/2,11.0064383,76.9559282,0.02
GNSS_02032,453/2,11.0063539,76.9559529,0.023
GNSS_02033,454/3,11.0062273,76.9562932,0.036
GNSS_02034,454/3,11.0062295,76.9564404,0.018
GNSS_02035,454/3,11.0062188,76.9565916,0.028
GNSS_02036,454/3,11.006396,76.9565912,0.025
GNSS_02037,454/3,11.0065363,76.9566142,0.041
GNSS_02038,454/3,11.0065253,76.9564288,0.036
GNSS_02039,454/3,11.0065145,76.9562423,0.041
GNSS_02040,454/3,11.0063858,76.956262,0.019
GNSS_02041,455/4,11.0062188,76.9565916,0.032
GNSS_02042,455/4,11.006227,76.9567676,0.037
GNSS_02043,455/4,11.0062252,76.9569209,0.042
GNSS_02044,455/4,11.0063565,76.9568854,0.031
GNSS_02045,455/4,11.0065176,76.9568825,0.034
GNSS_02046,455/4,11.0065271,76.9567663,0.02
GNSS_02047,455/4,11.0065363,76.9566142,0.023
GNSS_02048,455/4,11.006396,76.9565912,0.044
GNSS_02049,456/1,11.0062252,76.9569209,0.025
GNSS_02050,456/1,11.0062506,76.9570801,0.032
GNSS_02051,456/1,11.0062464,76.9572447,0.027
GNSS_02052,456/1,11.0063839,76.9572217,0.029
GNSS_02053,456/1,11.0065047,76.9572117,0.022
GNSS_02054,456/1,11.006495,76.9570412,0.027
GNSS_02055,456/1,11.0065176,76.9568825,0.028
GNSS_02056,456/1,11.0063565,76.9568854,0.035
GNSS_02057,457/2,11.0062464,76.9572447,0.025
GNSS_02058,457/2,11.0062112,76.9573653,0.02
GNSS_02059,457/2,11.0062001,76.9575139,0.025
GNSS_02060,457/2,11.0063476,76.9575165,0.028
GNSS_02061,457/2,11.0064677,76.9574901,0.045
GNSS_02062,457/2,11.0064852,76.9573572,0.045
GNSS_02063,457/2,11.0065047,76.9572117,0.043
GNSS_02064,457/2,11.0063839,76.9572217,0.044
GNSS_02065,458/3,11.0062001,76.9575139,0.036
GNSS_02066,458/3,11.0062353,76.9576525,0.02
GNSS_02067,458/3,11.0062387,76.9578036,0.028
GNSS_02068,458/3,11.0063293,76.9578171,0.044
GNSS_02069,458/3,11.0064495,76.957827,0.035
GNSS_02070,458/3,11.0064724,76.9576558,0.035
GNSS_02071,458/3,11.0064677,76.9574901,0.024
GNSS_02072,458/3,11.0063476,76.9575165,0.024
GNSS_02073,459/4,11.0062387,76.9578036,0.034
GNSS_02074,459/4,11.0062372,76.9579643,0.03
GNSS_02075,459/4,11.0062259,76.9581451,0.022
GNSS_02076,459/4,11.0063624,76.9581383,0.036
GNSS_02077,459/4,11.0064962,76.958146,0.034
GNSS_02078,459/4,11.0064693,76.9579811,0.036
GNSS_02079,459/4,11.0064495,76.957827,0.023
GNSS_02080,459/4,11.0063293,76.9578171,0.022
GNSS_02081,460/1,11.0064768,76.9518631,0.022
GNSS_02082,460/1,11.0064652,76.9520318,0.045
GNSS_02083,460/1,11.0064774,76.9522002,0.044
GNSS_02084,460/1,11.006633,76.9521785,0.022
GNSS_02085,460/1,11.0067614,76.952149,0.043
GNSS_02086,460/1,11.0067625,76.9520035,0.043
GNSS_02087,460/1,11.0067446,76.9518577,0.027
GNSS_02088,460/1,11.006597,76.9518766,0.033
GNSS_02089,461/2,11.0064774,76.9522002,0.042
GNSS_02090,461/2,11.0064726,76.9523533,0.038
GNSS_02091,461/2,11.0064518,76.9524937,0.039
GNSS_02092,461/2,11.006563,76.952463,0.042
GNSS_02093,461/2,11.0067101,76.952467,0.029
GNSS_02094,461/2,11.006722,76.9523153,0.029
GNSS_02095,461/2,11.0067614,76.952149,0.03
GNSS_02096,461/2,11.006633,76.9521785,0.043
GNSS_02097,462/3,11.0064518,76.9524937,0.022
GNSS_02098,462/3,11.0064637,76.952621,0.019
GNSS_02099,462/3,11.0064522,76.9527431,0.045
GNSS_02100,462/3,11.0065899,76.9527699,0.035
GNSS_02101,462/3,11.0067063,76.9527855,0.034
GNSS_02102,462/3,11.0067024,76.9526381,0.035
GNSS_02103,462/3,11.0067101,76.952467,0.034
GNSS_02104,462/3,11.006563,76.952463,0.024
GNSS_02105,463/4,11.0064522,76.9527431,0.031
GNSS_02106,463/4,11.0064566,76.952915,0.032
GNSS_02107,463/4,11.0064553,76.9530755,0.034
GNSS_02108,463/4,11.0065811,76.9530953,0.037
GNSS_02109,463/4,11.0066968,76.9531153,0.028
GNSS_02110,463/4,11.0067019,76.9529383,0.041
GNSS_02111,463/4,11.0067063,76.9527855,0.031
GNSS_02112,463/4,11.0065899,76.9527699,0.022
GNSS_02113,464/1,11.0064553,76.9530755,0.044
GNSS_02114,464/1,11.0064515,76.953243,0.043
GNSS_02115,464/1,11.0064376,76.9534172,0.044
GNSS_02116,464/1,11.0066063,76.95341,0.024
GNSS_02117,464/1,11.0067509,76.9534041,0.036
GNSS_02118,464/1,11.0067178,76.953245,0.023
GNSS_02119,464/1,11.0066968,76.9531153,0.024
GNSS_02120,464/1,11.0065811,76.9530953,0.023
GNSS_02121,465/2,11.0064376,76.9534172,0.027
GNSS_02122,465/2,11.0064819,76.9535484,0.03
GNSS_02123,465/2,11.0064932,76.9536966,0.025
GNSS_02124,465/2,11.0066091,76.953672,0.029
GNSS_02125,465/2,11.0067599,76.9536786,0.019
GNSS_02126,465/2,11.0067559,76.9535456,0.038
GNSS_02127,465/2,11.0067509,76.9534041,0.028
GNSS_02128,465/2,11.0066063,76.95341,0.026
GNSS_02129,466/3,11.0064932,76.9536966,0.032
GNSS_02130,466/3,11.0064553,76.9538874,0.035
GNSS_02131,466/3,11.006432,76.9540633,0.037
GNSS_02132,466/3,11.006592,76.954024,0.019
GNSS_02133,466/3,11.0067436,76.9540064,0.021
GNSS_02134,466/3,11.0067694,76.9538289,0.03
GNSS_02135,466/3,11.0067599,76.9536786,0.042
GNSS_02136,466/3,11.0066091,76.953672,0.042
GNSS_02137,467/4,11.006432,76.9540633,0.038
GNSS_02138,467/4,11.0064558,76.9542021,0.033
GNSS_02139,467/4,11.0064808,76.9543458,0.032
GNSS_02140,467/4,11.0066234,76.9543383,0.035
GNSS_02141,467/4,11.0067373,76.9543136,0.019
GNSS_02142,467/4,11.0067523,76.9541534,0.026
GNSS_02143,467/4,11.0067436,76.9540064,0.029
GNSS_02144,467/4,11.006592,76.954024,0.026
GNSS_02145,468/1,11.0064808,76.9543458,0.035
GNSS_02146,468/1,11.0064729,76.9544968,0.019
GNSS_02147,468/1,11.0064493,76.9546629,0.032
GNSS_02148,468/1,11.0065943,76.9546509,0.022
GNSS_02149,468/1,11.0067343,76.9546484,0.04
GNSS_02150,468/1,11.0067472,76.9544729,0.03
GNSS_02151,468/1,11.0067373,76.9543136,0.038
GNSS_02152,468/1,11.0066234,76.9543383,0.021
GNSS_02153,469/2,11.0064493,76.9546629,0.022
GNSS_02154,469/2,11.0064716,76.9548408,0.029
GNSS_02155,469/2,11.0065205,76.9549802,0.03
GNSS_02156,469/2,11.0066211,76.9549947,0.023
GNSS_02157,469/2,11.0067417,76.9550263,0.034
GNSS_02158,469/2,11.006741,76.9548567,0.037
GNSS_02159,469/2,11.0067343,76.9546484,0.023
GNSS_02160,469/2,11.0065943,76.9546509,0.03
GNSS_02161,470/3,11.0065205,76.9549802,0.037
GNSS_02162,470/3,11.00651,76.9551406,0.022
GNSS_02163,470/3,11.006502,76.9553156,0.038
GNSS_02164,470/3,11.00665,76.9553249,0.02
GNSS_02165,470/3,11.0067889,76.9553428,0.037
GNSS_02166,470/3,11.0067483,76.9551921,0.035
GNSS_02167,470/3,11.0067417,76.9550263,0.02
GNSS_02168,470/3,11.0066211,76.9549947,0.037
GNSS_02169,471/4,11.006502,76.9553156,0.044
GNSS_02170,471/4,11.006499,76.9554731,0.028
GNSS_02171,471/4,11.0065112,76.9556631,0.028
GNSS_02172,471/4,11.0066072,76.9556217,0.039
GNSS_02173,471/4,11.0067169,76.9556052,0.043
GNSS_02174,471/4,11.0067628,76.9554854,0.033
GNSS_02175,471/4,11.0067889,76.9553428,0.036
GNSS_02176,471/4,11.00665,76.9553249,0.022
GNSS_02177,472/1,11.0065112,76.9556631,0.029
GNSS_02178,472/1,11.0064879,76.9557855,0.026
GNSS_02179,472/1,11.0064383,76.9559282,0.039
GNSS_02180,472/1,11.0066012,76.9559221,0.03
GNSS_02181,472/1,11.0067642,76.9558966,0.035
GNSS_02182,472/1,11.0067287,76.9557543,0.021
GNSS_02183,472/1,11.0067169,76.9556052,0.022
GNSS_02184,472/1,11.0066072,76.9556217,0.023
GNSS_02185,473/2,11.0064383,76.9559282,0.031
GNSS_02186,473/2,11.0064696,76.9560883,0.031
GNSS_02187,473/2,11.0065145,76.9562423,0.04
GNSS_02188,473/2,11.006612,76.9562746,0.034
GNSS_02189,473/2,11.0067474,76.9563209,0.031
GNSS_02190,473/2,11.0067431,76.9561226,0.024
GNSS_02191,473/2,11.0067642,76.9558966,0.036
GNSS_02192,473/2,11.0066012,76.9559221,0.03
GNSS_02193,474/3,11.0065145,76.9562423,0.025
GNSS_02194,474/3,11.0065253,76.9564288,0.033
GNSS_02195,474/3,11.0065363,76.9566142,0.035
GNSS_02196,474/3,11.0066527,76.9566233,0.033
GNSS_02197,474/3,11.0067916,76.9565982,0.04
GNSS_02198,474/3,11.0067555,76.9564776,0.019
GNSS_02199,474/3,11.0067474,76.9563209,0.022
GNSS_02200,474/3,11.006612,76.9562746,0.036
GNSS_02201,475/4,11.0065363,76.9566142,0.041
GNSS_02202,475/4,11.0065271,76.9567663,0.026
GNSS_02203,475/4,11.0065176,76.9568825,0.043
GNSS_02204,475/4,11.006669,76.9568976,0.019
GNSS_02205,475/4,11.0067902,76.9569131,0.029
GNSS_02206,475/4,11.0067978,76.9567416,0.023
GNSS_02207,475/4,11.0067916,76.9565982,0.036
GNSS_02208,475/4,11.0066527,76.9566233,0.034
GNSS_02209,476/1,11.0065176,76.9568825,0.033
GNSS_02210,476/1,11.006495,76.9570412,0.044
GNSS_02211,476/1,11.0065047,76.9572117,0.038
GNSS_02212,476/1,11.0066341,76.957237,0.028
GNSS_02213,476/1,11.006736,76.9572596,0.019
GNSS_02214,476/1,11.0067765,76.9571033,0.039
GNSS_02215,476/1,11.0067902,76.9569131,0.027
GNSS_02216,476/1,11.006669,76.9568976,0.042
GNSS_02217,477/2,11.0065047,76.9572117,0.02
GNSS_02218,477/2,11.0064852,76.9573572,0.031
GNSS_02219,477/2,11.0064677,76.9574901,0.021
GNSS_02220,477/2,11.0066102,76.9574884,0.041
GNSS_02221,477/2,11.0067317,76.9574699,0.027
GNSS_02222,477/2,11.0067234,76.9573501,0.029
GNSS_02223,477/2,11.006736,76.9572596,0.024
GNSS_02224,477/2,11.0066341,76.957237,0.024
GNSS_02225,478/3,11.0064677,76.9574901,0.035
GNSS_02226,478/3,11.0064724,76.9576558,0.045
GNSS_02227,478/3,11.0064495,76.957827,0.031
GNSS_02228,478/3,11.0066041,76.9578125,0.037
GNSS_02229,478/3,11.0067828,76.9577929,0.043
GNSS_02230,478/3,11.0067506,76.9576325,0.045
GNSS_02231,478/3,11.0067317,76.9574699,0.026
GNSS_02232,478/3,11.0066102,76.9574884,0.034
GNSS_02233,479/4,11.0064495,76.957827,0.035
GNSS_02234,479/4,11.0064693,76.9579811,0.043
GNSS_02235,479/4,11.0064962,76.958146,0.035
GNSS_02236,479/4,11.006614,76.9581471,0.031
GNSS_02237,479/4,11.0067655,76.9581443,0.038
GNSS_02238,479/4,11.0067689,76.9579623,0.031
GNSS_02239,479/4,11.0067828,76.9577929,0.04
GNSS_02240,479/4,11.0066041,76.9578125,0.042
GNSS_02241,480/1,11.0067446,76.9518577,0.018
GNSS_02242,480/1,11.0067625,76.9520035,0.019
GNSS_02243,480/1,11.0067614,76.952149,0.035
GNSS_02244,480/1,11.0068831,76.9521747,0.021
GNSS_02245,480/1,11.0070131,76.9521656,0.041
GNSS_02246,480/1,11.0070021,76.9520146,0.04
GNSS_02247,480/1,11.0070133,76.9518546,0.045
GNSS_02248,480/1,11.0068983,76.9518481,0.029
GNSS_02249,481/2,11.0067614,76.952149,0.024
GNSS_02250,481/2,11.006722,76.9523153,0.035
GNSS_02251,481/2,11.0067101,76.952467,0.037
GNSS_02252,481/2,11.0068718,76.9524885,0.025
GNSS_02253,481/2,11.0070133,76.9524778,0.02
GNSS_02254,481/2,11.0070153,76.9523115,0.026
GNSS_02255,481/2,11.0070131,76.9521656,0.033
GNSS_02256,481/2,11.0068831,76.9521747,0.039
GNSS_02257,482/3,11.0067101,76.952467,0.038
GNSS_02258,482/3,11.0067024,76.9526381,0.035
GNSS_02259,482/3,11.0067063,76.9527855,0.019
GNSS_02260,482/3,11.0068421,76.9527883,0.023
GNSS_02261,482/3,11.0070139,76.9527911,0.027
GNSS_02262,482/3,11.0070306,76.9526234,0.027
GNSS_02263,482/3,11.0070133,76.9524778,0.036
GNSS_02264,482/3,11.0068718,76.9524885,0.043
GNSS_02265,483/4,11.0067063,76.9527855,0.035
GNSS_02266,483/4,11.0067019,76.9529383,0.042
GNSS_02267,483/4,11.0066968,76.9531153,0.032
GNSS_02268,483/4,11.0068542,76.9531095,0.027
GNSS_02269,483/4,11.007015,76.9531056,0.039
GNSS_02270,483/4,11.0070069,76.9529402,0.029
GNSS_02271,483/4,11.0070139,76.9527911,0.038
GNSS_02272,483/4,11.0068421,76.9527883,0.041
GNSS_02273,484/1,11.0066968,76.9531153,0.033
GNSS_02274,484/1,11.0067178,76.953245,0.019
GNSS_02275,484/1,11.0067509,76.9534041,0.034
GNSS_02276,484/1,11.0068881,76.9534062,0.027
GNSS_02277,484/1,11.0070165,76.9534209,0.043
GNSS_02278,484/1,11.0070231,76.9532514,0.039
GNSS_02279,484/1,11.007015,76.9531056,0.02
GNSS_02280,484/1,11.0068542,76.9531095,0.022
GNSS_02281,485/2,11.0067509,76.9534041,0.032
GNSS_02282,485/2,11.0067559,76.9535456,0.022
GNSS_02283,485/2,11.0067599,76.9536786,0.034
GNSS_02284,485/2,11.0068811,76.9537167,0.023
GNSS_02285,485/2,11.0070183,76.9537372,0.021
GNSS_02286,485/2,11.0070119,76.9535717,0.039
GNSS_02287,485/2,11.0070165,76.9534209,0.026
GNSS_02288,485/2,11.0068881,76.9534062,0.041
GNSS_02289,486/3,11.0067599,76.9536786,0.031
GNSS_02290,486/3,11.0067694,76.9538289,0.024
GNSS_02291,486/3,11.0067436,76.9540064,0.03
GNSS_02292,486/3,11.0068902,76.9540314,0.044
GNSS_02293,486/3,11.0070203,76.954054,0.024
GNSS_02294,486/3,11.0070299,76.9539131,0.026
GNSS_02295,486/3,11.0070183,76.9537372,0.021
GNSS_02296,486/3,11.0068811,76.9537167,0.039
GNSS_02297,487/4,11.0067436,76.9540064,0.031
GNSS_02298,487/4,11.0067523,76.9541534,0.032
GNSS_02299,487/4,11.0067373,76.9543136,0.023
GNSS_02300,487/4,11.0068868,76.9543376,0.043
GNSS_02301,487/4,11.0070225,76.9543713,0.038
GNSS_02302,487/4,11.0070078,76.9542035,0.032
GNSS_02303,487/4,11.0070203,76.954054,0.039
GNSS_02304,487/4,11.0068902,76.9540314,0.022
GNSS_02305,488/1,11.0067373,76.9543136,0.036
GNSS_02306,488/1,11.0067472,76.9544729,0.022
GNSS_02307,488/1,11.0067343,76.9546484,0.038
GNSS_02308,488/1,11.0068885,76.9546795,0.03
GNSS_02309,488/1,11.0070248,76.9546888,0.037
GNSS_02310,488/1,11.0070193,76.9545372,0.032
GNSS_02311,488/1,11.0070225,76.9543713,0.018
GNSS_02312,488/1,11.0068868,76.9543376,0.043
GNSS_02313,489/2,11.0067343,76.9546484,0.027
GNSS_02314,489/2,11.006741,76.9548567,0.042
GNSS_02315,489/2,11.0067417,76.9550263,0.021
GNSS_02316,489/2,11.0069029,76.9550154,0.039
GNSS_02317,489/2,11.0070271,76.9550063,0.038
GNSS_02318,489/2,11.0070374,76.9548669,0.019
GNSS_02319,489/2,11.0070248,76.9546888,0.038
GNSS_02320,489/2,11.0068885,76.9546795,0.035
GNSS_02321,490/3,11.0067417,76.9550263,0.025
GNSS_02322,490/3,11.0067483,76.9551921,0.027
GNSS_02323,490/3,11.0067889,76.9553428,0.03
GNSS_02324,490/3,11.0069178,76.955336,0.021
GNSS_02325,490/3,11.0070293,76.9553235,0.022
GNSS_02326,490/3,11.0070391,76.9551833,0.025
GNSS_02327,490/3,11.0070271,76.9550063,0.018
GNSS_02328,490/3,11.0069029,76.9550154,0.035
GNSS_02329,491/4,11.0067889,76.9553428,0.033
GNSS_02330,491/4,11.0067628,76.9554854,0.025
GNSS_02331,491/4,11.0067169,76.9556052,0.043
GNSS_02332,491/4,11.0068788,76.9556275,0.04
GNSS_02333,491/4,11.0070313,76.9556403,0.034
GNSS_02334,491/4,11.0070226,76.9554735,0.023
GNSS_02335,491/4,11.0070293,76.9553235,0.026
GNSS_02336,491/4,11.0069178,76.955336,0.042
GNSS_02337,492/1,11.0067169,76.9556052,0.031
GNSS_02338,492/1,11.0067287,76.9557543,0.036
GNSS_02339,492/1,11.0067642,76.9558966,0.021
GNSS_02340,492/1,11.0068801,76.9559331,0.019
GNSS_02341,492/1,11.007033,76.9559564,0.03
GNSS_02342,492/1,11.0070266,76.955807,0.023
GNSS_02343,492/1,11.0070313,76.9556403,0.034
GNSS_02344,492/1,11.0068788,76.9556275,0.034
GNSS_02345,493/2,11.0067642,76.9558966,0.026
GNSS_02346,493/2,11.0067431,76.9561226,0.04
GNSS_02347,493/2,11.0067474,76.9563209,0.037
GNSS_02348,493/2,11.0068835,76.9562787,0.036
GNSS_02349,493/2,11.0070344,76.9562716,0.032
GNSS_02350,493/2,11.0070249,76.9561117,0.044
GNSS_02351,493/2,11.007033,76.9559564,0.038
GNSS_02352,493/2,11.0068801,76.9559331,0.031
GNSS_02353,494/3,11.0067474,76.9563209,0.037
GNSS_02354,494/3,11.0067555,76.9564776,0.021
GNSS_02355,494/3,11.0067916,76.9565982,0.026
GNSS_02356,494/3,11.0069244,76.9565887,0.035
GNSS_02357,494/3,11.0070354,76.9565859,0.039
GNSS_02358,494/3,11.0070242,76.9564279,0.031
GNSS_02359,494/3,11.0070344,76.9562716,0.044
GNSS_02360,494/3,11.0068835,76.9562787,0.022
GNSS_02361,495/4,11.0067916,76.9565982,0.023
GNSS_02362,495/4,11.0067978,76.9567416,0.043
GNSS_02363,495/4,11.0067902,76.9569131,0.027
GNSS_02364,495/4,11.0068957,76.9569147,0.041
GNSS_02365,495/4,11.007036,76.956899,0.027
GNSS_02366,495/4,11.0070513,76.956744,0.031
GNSS_02367,495/4,11.0070354,76.9565859,0.02
GNSS_02368,495/4,11.0069244,76.9565887,0.021
GNSS_02369,496/1,11.0067902,76.9569131,0.027
GNSS_02370,496/1,11.0067765,76.9571033,0.034
GNSS_02371,496/1,11.006736,76.9572596,0.032
GNSS_02372,496/1,11.0068925,76.9572289,0.029
GNSS_02373,496/1,11.0070361,76.957211,0.037
GNSS_02374,496/1,11.007023,76.9570629,0.021
GNSS_02375,496/1,11.007036,76.956899,0.033
GNSS_02376,496/1,11.0068957,76.9569147,0.02
GNSS_02377,497/2,11.006736,76.9572596,0.029
GNSS_02378,497/2,11.0067234,76.9573501,0.035
GNSS_02379,497/2,11.0067317,76.9574699,0.033
GNSS_02380,497/2,11.0069001,76.9574839,0.044
GNSS_02381,497/2,11.0070358,76.9575218,0.028
GNSS_02382,497/2,11.0070391,76.9573711,0.027
GNSS_02383,497/2,11.0070361,76.957211,0.04
GNSS_02384,497/2,11.0068925,76.9572289,0.034
GNSS_02385,498/3,11.0067317,76.9574699,0.037
GNSS_02386,498/3,11.0067506,76.9576325,0.023
GNSS_02387,498/3,11.0067828,76.9577929,0.036
GNSS_02388,498/3,11.0069177,76.9578222,0.038
GNSS_02389,498/3,11.007035,76.9578315,0.037
GNSS_02390,498/3,11.0070415,76.9576663,0.041
GNSS_02391,498/3,11.0070358,76.9575218,0.021
GNSS_02392,498/3,11.0069001,76.9574839,0.034
GNSS_02393,499/4,11.0067828,76.9577929,0.023
GNSS_02394,499/4,11.0067689,76.9579623,0.044
GNSS_02395,499/4,11.0067655,76.9581443,0.02
GNSS_02396,499/4,11.0069073,76.9581475,0.021
GNSS_02397,499/4,11.0070338,76.9581401,0.04
GNSS_02398,499/4,11.0070394,76.9579871,0.039
GNSS_02399,499/4,11.007035,76.9578315,0.028
GNSS_02400,499/4,11.0069177,76.9578222,0.031
