{
  "type": "FeatureCollection",
  "crs": {
    "type": "name",
    "properties": {
      "name": "urn:ogc:def:crs:OGC:1.3:CRS84"
    }
  },
  "features": [
    {
      "type": "Feature",
      "id": "P001",
      "properties": {
        "parcel_id": "P001",
        "survey_no": "200",
        "subdivision_no": "1",
        "full_survey": "200/1",
        "area": 1270.8,
        "land_use": "Mixed Use"
      },
      "geometry": {
        "type": "Polygon",
        "coordinates": [
          [
            [
              73.73781823238335,
              18.590854025651165
            ],
            [
              73.73800893637674,
              18.590853947824286
            ],
            [
              73.73818431845767,
              18.590841749495564
            ],
            [
              73.73818749931077,
              18.59100716984405
            ],
            [
              73.73818180707951,
              18.591153615393477
            ],
            [
              73.7378240941196,
              18.591144576513386
            ],
            [
              73.73781823238335,
              18.590854025651165
            ]
          ]
        ]
      }
    },
    {
      "type": "Feature",
      "id": "P002",
      "properties": {
        "parcel_id": "P002",
        "survey_no": "201",
        "subdivision_no": "2",
        "full_survey": "201/2",
        "area": 1361.2,
        "land_use": "Industrial"
      },
      "geometry": {
        "type": "Polygon",
        "coordinates": [
          [
            [
              73.73824809099172,
              18.59084823729054
            ],
            [
              73.7384189109432,
              18.59081985788895
            ],
            [
              73.7386104305429,
              18.590848027842064
            ],
            [
              73.73860062549028,
              18.590996340434433
            ],
            [
              73.73861065336146,
              18.59115012750554
            ],
            [
              73.73824260637669,
              18.591163217817837
            ],
            [
              73.73824809099172,
              18.59084823729054
            ]
          ]
        ]
      }
    },
    {
      "type": "Feature",
      "id": "P003",
      "properties": {
        "parcel_id": "P003",
        "survey_no": "184",
        "subdivision_no": "2",
        "full_survey": "184/2",
        "area": 1487.0,
        "land_use": "Institutional"
      },
      "geometry": {
        "type": "Polygon",
        "coordinates": [
          [
            [
              73.73866455360137,
              18.5908327453739
            ],
            [
              73.73904429851643,
              18.5908327453739
            ],
            [
              73.73904429851643,
              18.591167254626104
            ],
            [
              73.73866455360137,
              18.591167254626104
            ],
            [
              73.73866455360137,
              18.5908327453739
            ]
          ]
        ]
      }
    },
    {
      "type": "Feature",
      "id": "P004",
      "properties": {
        "parcel_id": "P004",
        "survey_no": "203",
        "subdivision_no": "4",
        "full_survey": "203/4",
        "area": 1323.2,
        "land_use": "Agricultural"
      },
      "geometry": {
        "type": "Polygon",
        "coordinates": [
          [
            [
              73.73909508673094,
              18.590852135360603
            ],
            [
              73.7392853105178,
              18.590827103764756
            ],
            [
              73.73947080657622,
              18.590849385440954
            ],
            [
              73.73946754268816,
              18.591004850739857
            ],
            [
              73.73945839914032,
              18.591155469289852
            ],
            [
              73.73910917762196,
              18.591142679585573
            ],
            [
              73.73909508673094,
              18.590852135360603
            ]
          ]
        ]
      }
    },
    {
      "type": "Feature",
      "id": "P005",
      "properties": {
        "parcel_id": "P005",
        "survey_no": "204",
        "subdivision_no": "1",
        "full_survey": "204/1",
        "area": 1353.6,
        "land_use": "Agricultural"
      },
      "geometry": {
        "type": "Polygon",
        "coordinates": [
          [
            [
              73.73952037064593,
              18.590849084214543
            ],
            [
              73.73971479286025,
              18.590835313488977
            ],
            [
              73.73988622866469,
              18.590841382717038
            ],
            [
              73.73988843444813,
              18.590994823221735
            ],
            [
              73.73988818178819,
              18.59115611602733
            ],
            [
              73.73952957191406,
              18.59116172360926
            ],
            [
              73.73952037064593,
              18.590849084214543
            ]
          ]
        ]
      }
    },
    {
      "type": "Feature",
      "id": "P006",
      "properties": {
        "parcel_id": "P006",
        "survey_no": "205",
        "subdivision_no": "2",
        "full_survey": "205/2",
        "area": 1396.3,
        "land_use": "Agricultural"
      },
      "geometry": {
        "type": "Polygon",
        "coordinates": [
          [
            [
              73.7399628820687,
              18.59084259510897
            ],
            [
              73.74013154719387,
              18.59081850424841
            ],
            [
              73.74032149668602,
              18.590852906172223
            ],
            [
              73.74032600032211,
              18.591001845758324
            ],
            [
              73.74031021285528,
              18.591159545820812
            ],
            [
              73.73996226302765,
              18.591173237195488
            ],
            [
              73.7399628820687,
              18.59084259510897
            ]
          ]
        ]
      }
    },
    {
      "type": "Feature",
      "id": "P007",
      "properties": {
        "parcel_id": "P007",
        "survey_no": "206",
        "subdivision_no": "3",
        "full_survey": "206/3",
        "area": 1253.8,
        "land_use": "Commercial"
      },
      "geometry": {
        "type": "Polygon",
        "coordinates": [
          [
            [
              73.7403896124431,
              18.59085251546483
            ],
            [
              73.74055827146843,
              18.59085786545468
            ],
            [
              73.74074294096572,
              18.59084405007223
            ],
            [
              73.7407598973199,
              18.590995833029975
            ],
            [
              73.74073506492593,
              18.591148275742164
            ],
            [
              73.74037980155113,
              18.591144437653345
            ],
            [
              73.7403896124431,
              18.59085251546483
            ]
          ]
        ]
      }
    },
    {
      "type": "Feature",
      "id": "P008",
      "properties": {
        "parcel_id": "P008",
        "survey_no": "207",
        "subdivision_no": "4",
        "full_survey": "207/4",
        "area": 1334.9,
        "land_use": "Agricultural"
      },
      "geometry": {
        "type": "Polygon",
        "coordinates": [
          [
            [
              73.74080304878227,
              18.59084602908849
            ],
            [
              73.74099461367531,
              18.590854142379495
            ],
            [
              73.74117278582372,
              18.59084720480471
            ],
            [
              73.74118636371485,
              18.591001171566795
            ],
            [
              73.74116644575395,
              18.591156163720864
            ],
            [
              73.74080112393683,
              18.591151038402487
            ],
            [
              73.74080304878227,
              18.59084602908849
            ]
          ]
        ]
      }
    },
    {
      "type": "Feature",
      "id": "P009",
      "properties": {
        "parcel_id": "P009",
        "survey_no": "208",
        "subdivision_no": "1",
        "full_survey": "208/1",
        "area": 1312.6,
        "land_use": "Agricultural"
      },
      "geometry": {
        "type": "Polygon",
        "coordinates": [
          [
            [
              73.74123745387583,
              18.59084958302589
            ],
            [
              73.74141456894309,
              18.590838196654754
            ],
            [
              73.74159906455618,
              18.590842316146187
            ],
            [
              73.7415868033854,
              18.590998151286104
            ],
            [
              73.74160255889252,
              18.59114798353219
            ],
            [
              73.74123857191347,
              18.591165932022207
            ],
            [
              73.74123745387583,
              18.59084958302589
            ]
          ]
        ]
      }
    },
    {
      "type": "Feature",
      "id": "P010",
      "properties": {
        "parcel_id": "P010",
        "survey_no": "209",
        "subdivision_no": "2",
        "full_survey": "209/2",
        "area": 1354.2,
        "land_use": "Institutional"
      },
      "geometry": {
        "type": "Polygon",
        "coordinates": [
          [
            [
              73.74165858036228,
              18.590840678686316
            ],
            [
              73.7418451959866,
              18.590845770930454
            ],
            [
              73.74202232324465,
              18.590851900987868
            ],
            [
              73.74204506073802,
              18.591002643254228
            ],
            [
              73.74202032920012,
              18.591148367526333
            ],
            [
              73.74165596007094,
              18.591159721589012
            ],
            [
              73.74165858036228,
              18.590840678686316
            ]
          ]
        ]
      }
    },
    {
      "type": "Feature",
      "id": "P011",
      "properties": {
        "parcel_id": "P011",
        "survey_no": "210",
        "subdivision_no": "3",
        "full_survey": "210/3",
        "area": 1306.9,
        "land_use": "Commercial"
      },
      "geometry": {
        "type": "Polygon",
        "coordinates": [
          [
            [
              73.74209825304474,
              18.59085292652494
            ],
            [
              73.74227715240934,
              18.590854086238217
            ],
            [
              73.74245799462729,
              18.590850026927388
            ],
            [
              73.74245899454982,
              18.591000878136054
            ],
            [
              73.74246003940462,
              18.591147177858762
            ],
            [
              73.74208513767334,
              18.591166562057506
            ],
            [
              73.74209825304474,
              18.59085292652494
            ]
          ]
        ]
      }
    },
    {
      "type": "Feature",
      "id": "P012",
      "properties": {
        "parcel_id": "P012",
        "survey_no": "211",
        "subdivision_no": "4",
        "full_survey": "211/4",
        "area": 1315.4,
        "land_use": "Institutional"
      },
      "geometry": {
        "type": "Polygon",
        "coordinates": [
          [
            [
              73.74251806385338,
              18.590850881494077
            ],
            [
              73.7427054737311,
              18.590841557892958
            ],
            [
              73.74288473082491,
              18.590846794446914
            ],
            [
              73.74286207540072,
              18.59099908023146
            ],
            [
              73.74288357405594,
              18.59114890848378
            ],
            [
              73.74251600352628,
              18.591171993322007
            ],
            [
              73.74251806385338,
              18.590850881494077
            ]
          ]
        ]
      }
    },
    {
      "type": "Feature",
      "id": "P013",
      "properties": {
        "parcel_id": "P013",
        "survey_no": "212",
        "subdivision_no": "1",
        "full_survey": "212/1",
        "area": 1316.5,
        "land_use": "Residential"
      },
      "geometry": {
        "type": "Polygon",
        "coordinates": [
          [
            [
              73.7429476941334,
              18.59085002098007
            ],
            [
              73.74313299104422,
              18.59085978360902
            ],
            [
              73.74330477751498,
              18.590839471761907
            ],
            [
              73.7433012287213,
              18.59100387740731
            ],
            [
              73.74331331064099,
              18.591159906054646
            ],
            [
              73.74294471683406,
              18.591171327500536
            ],
            [
              73.7429476941334,
              18.59085002098007
            ]
          ]
        ]
      }
    },
    {
      "type": "Feature",
      "id": "P014",
      "properties": {
        "parcel_id": "P014",
        "survey_no": "213",
        "subdivision_no": "2",
        "full_survey": "213/2",
        "area": 1355.5,
        "land_use": "Mixed Use"
      },
      "geometry": {
        "type": "Polygon",
        "coordinates": [
          [
            [
              73.74338206175518,
              18.590847552055177
            ],
            [
              73.74356110951824,
              18.590833850454167
            ],
            [
              73.74373708838812,
              18.590840665713326
            ],
            [
              73.74374579107236,
              18.591005611722757
            ],
            [
              73.74372840728276,
              18.59114930104648
            ],
            [
              73.7433702763557,
              18.59116737749997
            ],
            [
              73.74338206175518,
              18.590847552055177
            ]
          ]
        ]
      }
    },
    {
      "type": "Feature",
      "id": "P015",
      "properties": {
        "parcel_id": "P015",
        "survey_no": "214",
        "subdivision_no": "3",
        "full_survey": "214/3",
        "area": 1334.2,
        "land_use": "Residential"
      },
      "geometry": {
        "type": "Polygon",
        "coordinates": [
          [
            [
              73.7438056764266,
              18.590849351456196
            ],
            [
              73.74398556824119,
              18.590826917226646
            ],
            [
              73.74415593834996,
              18.590839693322543
            ],
            [
              73.74414939328055,
              18.59099428230473
            ],
            [
              73.74416441792583,
              18.59115394847603
            ],
            [
              73.74379551625488,
              18.59116142527328
            ],
            [
              73.7438056764266,
              18.590849351456196
            ]
          ]
        ]
      }
    },
    {
      "type": "Feature",
      "id": "P016",
      "properties": {
        "parcel_id": "P016",
        "survey_no": "215",
        "subdivision_no": "4",
        "full_survey": "215/4",
        "area": 1395.9,
        "land_use": "Residential"
      },
      "geometry": {
        "type": "Polygon",
        "coordinates": [
          [
            [
              73.74422556740855,
              18.590853783239062
            ],
            [
              73.7444027539494,
              18.590824643640993
            ],
            [
              73.744594537089,
              18.59084309643492
            ],
            [
              73.74459500956301,
              18.590996964811655
            ],
            [
              73.74459189791946,
              18.591157643592997
            ],
            [
              73.74423315991909,
              18.591168664558516
            ],
            [
              73.74422556740855,
              18.590853783239062
            ]
          ]
        ]
      }
    },
    {
      "type": "Feature",
      "id": "P017",
      "properties": {
        "parcel_id": "P017",
        "survey_no": "216",
        "subdivision_no": "1",
        "full_survey": "216/1",
        "area": 1375.5,
        "land_use": "Mixed Use"
      },
      "geometry": {
        "type": "Polygon",
        "coordinates": [
          [
            [
              73.74465876904569,
              18.590846043213528
            ],
            [
              73.74483962564364,
              18.59082891993335
            ],
            [
              73.7450116400789,
              18.59085174458765
            ],
            [
              73.74502162463973,
              18.590999747561426
            ],
            [
              73.74501462520605,
              18.59115650394023
            ],
            [
              73.74465085198223,
              18.591170181225426
            ],
            [
              73.74465876904569,
              18.590846043213528
            ]
          ]
        ]
      }
    },
    {
      "type": "Feature",
      "id": "P018",
      "properties": {
        "parcel_id": "P018",
        "survey_no": "217",
        "subdivision_no": "2",
        "full_survey": "217/2",
        "area": 1259.4,
        "land_use": "Agricultural"
      },
      "geometry": {
        "type": "Polygon",
        "coordinates": [
          [
            [
              73.74507936271664,
              18.590852847818454
            ],
            [
              73.74526625042968,
              18.590853422925363
            ],
            [
              73.74543416449818,
              18.590853884076527
            ],
            [
              73.74542459356788,
              18.59100336648068
            ],
            [
              73.74544279430383,
              18.591156919076756
            ],
            [
              73.74508568085503,
              18.591165921667308
            ],
            [
              73.74507936271664,
              18.590852847818454
            ]
          ]
        ]
      }
    },
    {
      "type": "Feature",
      "id": "P019",
      "properties": {
        "parcel_id": "P019",
        "survey_no": "218",
        "subdivision_no": "3",
        "full_survey": "218/3",
        "area": 1331.0,
        "land_use": "Institutional"
      },
      "geometry": {
        "type": "Polygon",
        "coordinates": [
          [
            [
              73.74550678267099,
              18.590846322507833
            ],
            [
              73.74568634641814,
              18.590845438528355
            ],
            [
              73.74587420486571,
              18.590844208504365
            ],
            [
              73.74589345375237,
              18.591006897071054
            ],
            [
              73.74587364351277,
              18.591148251438067
            ],
            [
              73.74551375961836,
              18.591151364678584
            ],
            [
              73.74550678267099,
              18.590846322507833
            ]
          ]
        ]
      }
    },
    {
      "type": "Feature",
      "id": "P020",
      "properties": {
        "parcel_id": "P020",
        "survey_no": "219",
        "subdivision_no": "4",
        "full_survey": "219/4",
        "area": 1322.1,
        "land_use": "Industrial"
      },
      "geometry": {
        "type": "Polygon",
        "coordinates": [
          [
            [
              73.7459376312077,
              18.590850049958792
            ],
            [
              73.74611030643257,
              18.590846631521877
            ],
            [
              73.74629726186514,
              18.590852731557558
            ],
            [
              73.74629019194334,
              18.590999531865272
            ],
            [
              73.7462963525773,
              18.59114814164692
            ],
            [
              73.74592857651038,
              18.591176788142842
            ],
            [
              73.7459376312077,
              18.590850049958792
            ]
          ]
        ]
      }
    },
    {
      "type": "Feature",
      "id": "P021",
      "properties": {
        "parcel_id": "P021",
        "survey_no": "220",
        "subdivision_no": "1",
        "full_survey": "220/1",
        "area": 1257.2,
        "land_use": "Agricultural"
      },
      "geometry": {
        "type": "Polygon",
        "coordinates": [
          [
            [
              73.73781810912212,
              18.591208429773864
            ],
            [
              73.73800213601645,
              18.59122534067957
            ],
            [
              73.73817822110743,
              18.591213208210906
            ],
            [
              73.73816716119364,
              18.591361283424366
            ],
            [
              73.73817909507554,
              18.591513949014224
            ],
            [
              73.73781168865082,
              18.591522027689
            ],
            [
              73.73781810912212,
              18.591208429773864
            ]
          ]
        ]
      }
    },
    {
      "type": "Feature",
      "id": "P022",
      "properties": {
        "parcel_id": "P022",
        "survey_no": "221",
        "subdivision_no": "2",
        "full_survey": "221/2",
        "area": 1312.3,
        "land_use": "Mixed Use"
      },
      "geometry": {
        "type": "Polygon",
        "coordinates": [
          [
            [
              73.73824301205548,
              18.59120363556654
            ],
            [
              73.73843369957376,
              18.59118738051958
            ],
            [
              73.73860278339379,
              18.591203357715816
            ],
            [
              73.73861170279868,
              18.591361302766657
            ],
            [
              73.73861307367935,
              18.59150827673218
            ],
            [
              73.73823988557463,
              18.59149186794274
            ],
            [
              73.73824301205548,
              18.59120363556654
            ]
          ]
        ]
      }
    },
    {
      "type": "Feature",
      "id": "P023",
      "properties": {
        "parcel_id": "P023",
        "survey_no": "222",
        "subdivision_no": "3",
        "full_survey": "222/3",
        "area": 1280.7,
        "land_use": "Mixed Use"
      },
      "geometry": {
        "type": "Polygon",
        "coordinates": [
          [
            [
              73.73868203216668,
              18.591206966545037
            ],
            [
              73.73885431413778,
              18.59121294299177
            ],
            [
              73.739026504956,
              18.591205919565073
            ],
            [
              73.73903876490175,
              18.591356110635363
            ],
            [
              73.73902743329556,
              18.591519965040735
            ],
            [
              73.73868010720656,
              18.591521238509603
            ],
            [
              73.73868203216668,
              18.591206966545037
            ]
          ]
        ]
      }
    },
    {
      "type": "Feature",
      "id": "P024",
      "properties": {
        "parcel_id": "P024",
        "survey_no": "223",
        "subdivision_no": "4",
        "full_survey": "223/4",
        "area": 1292.7,
        "land_use": "Agricultural"
      },
      "geometry": {
        "type": "Polygon",
        "coordinates": [
          [
            [
              73.73910111100467,
              18.591200706559942
            ],
            [
              73.7392788966276,
              18.59121424049783
            ],
            [
              73.73946508677142,
              18.591212431562923
            ],
            [
              73.73946218829045,
              18.591362891880813
            ],
            [
              73.73945819782027,
              18.59151970931229
            ],
            [
              73.73910691632129,
              18.59151851681354
            ],
            [
              73.73910111100467,
              18.591200706559942
            ]
          ]
        ]
      }
    },
    {
      "type": "Feature",
      "id": "P025",
      "properties": {
        "parcel_id": "P025",
        "survey_no": "224",
        "subdivision_no": "1",
        "full_survey": "224/1",
        "area": 1264.6,
        "land_use": "Institutional"
      },
      "geometry": {
        "type": "Polygon",
        "coordinates": [
          [
            [
              73.73953068533864,
              18.591206936271142
            ],
            [
              73.73970780665931,
              18.591197311942974
            ],
            [
              73.73988502914003,
              18.591201314933954
            ],
            [
              73.7398684785737,
              18.59136575506409
            ],
            [
              73.73988895518562,
              18.591505692308647
            ],
            [
              73.73953081860982,
              18.59151814147754
            ],
            [
              73.73953068533864,
              18.591206936271142
            ]
          ]
        ]
      }
    },
    {
      "type": "Feature",
      "id": "P026",
      "properties": {
        "parcel_id": "P026",
        "survey_no": "225",
        "subdivision_no": "2",
        "full_survey": "225/2",
        "area": 1321.2,
        "land_use": "Industrial"
      },
      "geometry": {
        "type": "Polygon",
        "coordinates": [
          [
            [
              73.73995584634496,
              18.591203493404294
            ],
            [
              73.74014210285877,
              18.59119486299974
            ],
            [
              73.74031182142984,
              18.59120774352369
            ],
            [
              73.74031428243059,
              18.5913663825702
            ],
            [
              73.74031659263014,
              18.591518701740878
            ],
            [
              73.73996225258801,
              18.591517272635063
            ],
            [
              73.73995584634496,
              18.591203493404294
            ]
          ]
        ]
      }
    },
    {
      "type": "Feature",
      "id": "P027",
      "properties": {
        "parcel_id": "P027",
        "survey_no": "226",
        "subdivision_no": "3",
        "full_survey": "226/3",
        "area": 1380.0,
        "land_use": "Agricultural"
      },
      "geometry": {
        "type": "Polygon",
        "coordinates": [
          [
            [
              73.74038948787008,
              18.59120614165797
            ],
            [
              73.74056299572842,
              18.591184713609348
            ],
            [
              73.74074839867808,
              18.59120508100516
            ],
            [
              73.74075449979976,
              18.591365583050408
            ],
            [
              73.74075232916812,
              18.591508903699804
            ],
            [
              73.74038078838385,
              18.591524101853423
            ],
            [
              73.74038948787008,
              18.59120614165797
            ]
          ]
        ]
      }
    },
    {
      "type": "Feature",
      "id": "P028",
      "properties": {
        "parcel_id": "P028",
        "survey_no": "227",
        "subdivision_no": "4",
        "full_survey": "227/4",
        "area": 1278.7,
        "land_use": "Commercial"
      },
      "geometry": {
        "type": "Polygon",
        "coordinates": [
          [
            [
              73.74081173903556,
              18.59121261462539
            ],
            [
              73.7409972408085,
              18.59120175724039
            ],
            [
              73.74117133814347,
              18.591206300451187
            ],
            [
              73.7411573010118,
              18.59135855219945
            ],
            [
              73.74117366196833,
              18.591507611955517
            ],
            [
              73.74080956204651,
              18.59152015905969
            ],
            [
              73.74081173903556,
              18.59121261462539
            ]
          ]
        ]
      }
    },
    {
      "type": "Feature",
      "id": "P029",
      "properties": {
        "parcel_id": "P029",
        "survey_no": "228",
        "subdivision_no": "1",
        "full_survey": "228/1",
        "area": 1359.0,
        "land_use": "Industrial"
      },
      "geometry": {
        "type": "Polygon",
        "coordinates": [
          [
            [
              73.74123944412102,
              18.59120290210431
            ],
            [
              73.74142103041362,
              18.591181776429874
            ],
            [
              73.74159316749953,
              18.591200693357482
            ],
            [
              73.74160625358233,
              18.591363912129374
            ],
            [
              73.74160176082927,
              18.591506788151566
            ],
            [
              73.74123130732784,
              18.591511307909915
            ],
            [
              73.74123944412102,
              18.59120290210431
            ]
          ]
        ]
      }
    },
    {
      "type": "Feature",
      "id": "P030",
      "properties": {
        "parcel_id": "P030",
        "survey_no": "229",
        "subdivision_no": "2",
        "full_survey": "229/2",
        "area": 1277.2,
        "land_use": "Commercial"
      },
      "geometry": {
        "type": "Polygon",
        "coordinates": [
          [
            [
              73.74166669775207,
              18.59120299479719
            ],
            [
              73.74185236382672,
              18.59121184879803
            ],
            [
              73.74202459532636,
              18.59120319591514
            ],
            [
              73.74200489424858,
              18.591352424511665
            ],
            [
              73.74203079103565,
              18.59151903648756
            ],
            [
              73.74166774215485,
              18.591521014847103
            ],
            [
              73.74166669775207,
              18.59120299479719
            ]
          ]
        ]
      }
    },
    {
      "type": "Feature",
      "id": "P031",
      "properties": {
        "parcel_id": "P031",
        "survey_no": "230",
        "subdivision_no": "3",
        "full_survey": "230/3",
        "area": 1327.9,
        "land_use": "Mixed Use"
      },
      "geometry": {
        "type": "Polygon",
        "coordinates": [
          [
            [
              73.74208920738155,
              18.591203836783453
            ],
            [
              73.7422757248673,
              18.591179250348553
            ],
            [
              73.74245846230822,
              18.591205365463257
            ],
            [
              73.74242869911542,
              18.59136551368947
            ],
            [
              73.74245752928164,
              18.59152014388882
            ],
            [
              73.7420991581206,
              18.591512379540475
            ],
            [
              73.74208920738155,
              18.591203836783453
            ]
          ]
        ]
      }
    },
    {
      "type": "Feature",
      "id": "P032",
      "properties": {
        "parcel_id": "P032",
        "survey_no": "231",
        "subdivision_no": "4",
        "full_survey": "231/4",
        "area": 1309.0,
        "land_use": "Industrial"
      },
      "geometry": {
        "type": "Polygon",
        "coordinates": [
          [
            [
              73.74251169817919,
              18.591208909047978
            ],
            [
              73.742691035482,
              18.591194841259504
            ],
            [
              73.74287130504239,
              18.591204892105324
            ],
            [
              73.74287994148796,
              18.591366195329837
            ],
            [
              73.74287659653838,
              18.591511606641046
            ],
            [
              73.74251356746066,
              18.591504208596398
            ],
            [
              73.74251169817919,
              18.591208909047978
            ]
          ]
        ]
      }
    },
    {
      "type": "Feature",
      "id": "P033",
      "properties": {
        "parcel_id": "P033",
        "survey_no": "232",
        "subdivision_no": "1",
        "full_survey": "232/1",
        "area": 1300.9,
        "land_use": "Agricultural"
      },
      "geometry": {
        "type": "Polygon",
        "coordinates": [
          [
            [
              73.742954527134,
              18.591201463984586
            ],
            [
              73.7431349710298,
              18.591196876284318
            ],
            [
              73.74331097958297,
              18.591214300995453
            ],
            [
              73.74330923903906,
              18.59136458853108
            ],
            [
              73.74330451405403,
              18.591517345749814
            ],
            [
              73.74293740964008,
              18.591499607467938
            ],
            [
              73.742954527134,
              18.591201463984586
            ]
          ]
        ]
      }
    },
    {
      "type": "Feature",
      "id": "P034",
      "properties": {
        "parcel_id": "P034",
        "survey_no": "233",
        "subdivision_no": "2",
        "full_survey": "233/2",
        "area": 1326.7,
        "land_use": "Residential"
      },
      "geometry": {
        "type": "Polygon",
        "coordinates": [
          [
            [
              73.743375376198,
              18.591209217959634
            ],
            [
              73.743556211783,
              18.591196535055325
            ],
            [
              73.74373777522398,
              18.591209242236967
            ],
            [
              73.7437440629853,
              18.591352974429086
            ],
            [
              73.7437258005038,
              18.59152048538743
            ],
            [
              73.74336646617415,
              18.591502651870417
            ],
            [
              73.743375376198,
              18.591209217959634
            ]
          ]
        ]
      }
    },
    {
      "type": "Feature",
      "id": "P035",
      "properties": {
        "parcel_id": "P035",
        "survey_no": "234",
        "subdivision_no": "3",
        "full_survey": "234/3",
        "area": 1336.9,
        "land_use": "Mixed Use"
      },
      "geometry": {
        "type": "Polygon",
        "coordinates": [
          [
            [
              73.74380852316567,
              18.59120359000853
            ],
            [
              73.74398441467272,
              18.591191165167277
            ],
            [
              73.74416036367731,
              18.59120292263892
            ],
            [
              73.74417155621887,
              18.591367286004026
            ],
            [
              73.74415896825039,
              18.591519043933967
            ],
            [
              73.74380321594674,
              18.591510339588826
            ],
            [
              73.74380852316567,
              18.59120359000853
            ]
          ]
        ]
      }
    },
    {
      "type": "Feature",
      "id": "P036",
      "properties": {
        "parcel_id": "P036",
        "survey_no": "235",
        "subdivision_no": "4",
        "full_survey": "235/4",
        "area": 1248.8,
        "land_use": "Residential"
      },
      "geometry": {
        "type": "Polygon",
        "coordinates": [
          [
            [
              73.74422898145708,
              18.591200360354513
            ],
            [
              73.74441297831957,
              18.591185077374238
            ],
            [
              73.74458345063998,
              18.591212614550642
            ],
            [
              73.74457574401286,
              18.59135453789453
            ],
            [
              73.74459579900854,
              18.59150529406839
            ],
            [
              73.74423428149503,
              18.591493999890293
            ],
            [
              73.74422898145708,
              18.591200360354513
            ]
          ]
        ]
      }
    },
    {
      "type": "Feature",
      "id": "P037",
      "properties": {
        "parcel_id": "P037",
        "survey_no": "236",
        "subdivision_no": "1",
        "full_survey": "236/1",
        "area": 1216.6,
        "land_use": "Agricultural"
      },
      "geometry": {
        "type": "Polygon",
        "coordinates": [
          [
            [
              73.74465360393226,
              18.59120104931815
            ],
            [
              73.74482753598194,
              18.591223454542032
            ],
            [
              73.74501329878093,
              18.5912083921306
            ],
            [
              73.74500601153564,
              18.591355669804376
            ],
            [
              73.74501786358954,
              18.59151637532429
            ],
            [
              73.74466240265184,
              18.591501895876966
            ],
            [
              73.74465360393226,
              18.59120104931815
            ]
          ]
        ]
      }
    },
    {
      "type": "Feature",
      "id": "P038",
      "properties": {
        "parcel_id": "P038",
        "survey_no": "237",
        "subdivision_no": "2",
        "full_survey": "237/2",
        "area": 1242.2,
        "land_use": "Mixed Use"
      },
      "geometry": {
        "type": "Polygon",
        "coordinates": [
          [
            [
              73.74507440849271,
              18.59120351774338
            ],
            [
              73.74526502192307,
              18.59122238906066
            ],
            [
              73.74543984705069,
              18.59121452563965
            ],
            [
              73.74542763224751,
              18.591359221240953
            ],
            [
              73.74544490201147,
              18.591506767825248
            ],
            [
              73.74508588233961,
              18.59152219379894
            ],
            [
              73.74507440849271,
              18.59120351774338
            ]
          ]
        ]
      }
    },
    {
      "type": "Feature",
      "id": "P039",
      "properties": {
        "parcel_id": "P039",
        "survey_no": "238",
        "subdivision_no": "3",
        "full_survey": "238/3",
        "area": 1309.3,
        "land_use": "Mixed Use"
      },
      "geometry": {
        "type": "Polygon",
        "coordinates": [
          [
            [
              73.74550503442613,
              18.591213897923883
            ],
            [
              73.74569320438614,
              18.591191736050085
            ],
            [
              73.74586283992511,
              18.591200616643466
            ],
            [
              73.74586186618022,
              18.59136367073175
            ],
            [
              73.74586791618363,
              18.591507241068207
            ],
            [
              73.74550151868358,
              18.591513136348357
            ],
            [
              73.74550503442613,
              18.591213897923883
            ]
          ]
        ]
      }
    },
    {
      "type": "Feature",
      "id": "P040",
      "properties": {
        "parcel_id": "P040",
        "survey_no": "239",
        "subdivision_no": "4",
        "full_survey": "239/4",
        "area": 1243.6,
        "land_use": "Industrial"
      },
      "geometry": {
        "type": "Polygon",
        "coordinates": [
          [
            [
              73.74592951851808,
              18.59120707271183
            ],
            [
              73.74611081962267,
              18.59122236871759
            ],
            [
              73.74630369049743,
              18.59120466651691
            ],
            [
              73.74629037663904,
              18.591354038159096
            ],
            [
              73.7462934322334,
              18.591508710247144
            ],
            [
              73.7459353900628,
              18.59150708126878
            ],
            [
              73.74592951851808,
              18.59120707271183
            ]
          ]
        ]
      }
    },
    {
      "type": "Feature",
      "id": "P041",
      "properties": {
        "parcel_id": "P041",
        "survey_no": "240",
        "subdivision_no": "1",
        "full_survey": "240/1",
        "area": 1279.6,
        "land_use": "Agricultural"
      },
      "geometry": {
        "type": "Polygon",
        "coordinates": [
          [
            [
              73.73781071235913,
              18.591572546365423
            ],
            [
              73.73800119629217,
              18.59155175210881
            ],
            [
              73.7381739190114,
              18.591568925709446
            ],
            [
              73.73816465917278,
              18.591723623281805
            ],
            [
              73.73817524043474,
              18.59187160212376
            ],
            [
              73.7378167512656,
              18.591865075469375
            ],
            [
              73.73781071235913,
              18.591572546365423
            ]
          ]
        ]
      }
    },
    {
      "type": "Feature",
      "id": "P042",
      "properties": {
        "parcel_id": "P042",
        "survey_no": "241",
        "subdivision_no": "2",
        "full_survey": "241/2",
        "area": 1263.1,
        "land_use": "Agricultural"
      },
      "geometry": {
        "type": "Polygon",
        "coordinates": [
          [
            [
              73.73824528625106,
              18.5915625376384
            ],
            [
              73.73842743573067,
              18.59156258048565
            ],
            [
              73.73860057313917,
              18.591569614775977
            ],
            [
              73.7386063863085,
              18.591720270522668
            ],
            [
              73.73860413615542,
              18.591868553217928
            ],
            [
              73.73825557256912,
              18.591869871926907
            ],
            [
              73.73824528625106,
              18.5915625376384
            ]
          ]
        ]
      }
    },
    {
      "type": "Feature",
      "id": "P043",
      "properties": {
        "parcel_id": "P043",
        "survey_no": "242",
        "subdivision_no": "3",
        "full_survey": "242/3",
        "area": 1286.4,
        "land_use": "Commercial"
      },
      "geometry": {
        "type": "Polygon",
        "coordinates": [
          [
            [
              73.7386800602285,
              18.591571572520277
            ],
            [
              73.73884670720658,
              18.59157331297502
            ],
            [
              73.73902654899508,
              18.591559526770524
            ],
            [
              73.73905013608513,
              18.59172539770629
            ],
            [
              73.73903617142847,
              18.591873951240004
            ],
            [
              73.7386778261421,
              18.59187157885324
            ],
            [
              73.7386800602285,
              18.591571572520277
            ]
          ]
        ]
      }
    },
    {
      "type": "Feature",
      "id": "P044",
      "properties": {
        "parcel_id": "P044",
        "survey_no": "243",
        "subdivision_no": "4",
        "full_survey": "243/4",
        "area": 1283.8,
        "land_use": "Residential"
      },
      "geometry": {
        "type": "Polygon",
        "coordinates": [
          [
            [
              73.73909938010551,
              18.59156398634928
            ],
            [
              73.73927874424761,
              18.591571384402954
            ],
            [
              73.73945603173946,
              18.591567048940785
            ],
            [
              73.73945843062249,
              18.591720010748443
            ],
            [
              73.73946933990993,
              18.591870524340003
            ],
            [
              73.7391053616915,
              18.59187856988224
            ],
            [
              73.73909938010551,
              18.59156398634928
            ]
          ]
        ]
      }
    },
    {
      "type": "Feature",
      "id": "P045",
      "properties": {
        "parcel_id": "P045",
        "survey_no": "244",
        "subdivision_no": "1",
        "full_survey": "244/1",
        "area": 1317.8,
        "land_use": "Industrial"
      },
      "geometry": {
        "type": "Polygon",
        "coordinates": [
          [
            [
              73.73952755164211,
              18.591573376862932
            ],
            [
              73.73971001541307,
              18.591564723801692
            ],
            [
              73.7398914770618,
              18.591572460460082
            ],
            [
              73.73990118813605,
              18.591714519209493
            ],
            [
              73.73988144375029,
              18.591871944402705
            ],
            [
              73.73952491658113,
              18.59187873536906
            ],
            [
              73.73952755164211,
              18.591573376862932
            ]
          ]
        ]
      }
    },
    {
      "type": "Feature",
      "id": "P046",
      "properties": {
        "parcel_id": "P046",
        "survey_no": "245",
        "subdivision_no": "2",
        "full_survey": "245/2",
        "area": 1307.6,
        "land_use": "Residential"
      },
      "geometry": {
        "type": "Polygon",
        "coordinates": [
          [
            [
              73.73995666606497,
              18.59157135251296
            ],
            [
              73.7401432059262,
              18.591556446178693
            ],
            [
              73.74032203240532,
              18.59156921123459
            ],
            [
              73.74031349309922,
              18.591719485709213
            ],
            [
              73.74031014625469,
              18.591866126430464
            ],
            [
              73.73994853432566,
              18.59187759176962
            ],
            [
              73.73995666606497,
              18.59157135251296
            ]
          ]
        ]
      }
    },
    {
      "type": "Feature",
      "id": "P047",
      "properties": {
        "parcel_id": "P047",
        "survey_no": "246",
        "subdivision_no": "3",
        "full_survey": "246/3",
        "area": 1291.3,
        "land_use": "Commercial"
      },
      "geometry": {
        "type": "Polygon",
        "coordinates": [
          [
            [
              73.7403878501059,
              18.591569625175296
            ],
            [
              73.74055520379807,
              18.591570515021676
            ],
            [
              73.74074067443554,
              18.59156428335866
            ],
            [
              73.74076057348206,
              18.5917181232852
            ],
            [
              73.74073918354021,
              18.59187820635232
            ],
            [
              73.74039127631602,
              18.59187034725184
            ],
            [
              73.7403878501059,
              18.591569625175296
            ]
          ]
        ]
      }
    },
    {
      "type": "Feature",
      "id": "P048",
      "properties": {
        "parcel_id": "P048",
        "survey_no": "247",
        "subdivision_no": "4",
        "full_survey": "247/4",
        "area": 1286.2,
        "land_use": "Industrial"
      },
      "geometry": {
        "type": "Polygon",
        "coordinates": [
          [
            [
              73.74081537333589,
              18.591571679363614
            ],
            [
              73.74099355974595,
              18.59154771531986
            ],
            [
              73.74117517703051,
              18.591569724861515
            ],
            [
              73.74116411508979,
              18.591722092252525
            ],
            [
              73.74116948845376,
              18.591870714830875
            ],
            [
              73.74080763392425,
              18.591863498757057
            ],
            [
              73.74081537333589,
              18.591571679363614
            ]
          ]
        ]
      }
    },
    {
      "type": "Feature",
      "id": "P049",
      "properties": {
        "parcel_id": "P049",
        "survey_no": "248",
        "subdivision_no": "1",
        "full_survey": "248/1",
        "area": 1327.4,
        "land_use": "Institutional"
      },
      "geometry": {
        "type": "Polygon",
        "coordinates": [
          [
            [
              73.7412343809757,
              18.59157096228371
            ],
            [
              73.74141104914119,
              18.591545426218303
            ],
            [
              73.74159199072481,
              18.59157195716119
            ],
            [
              73.74161754323616,
              18.591724585951543
            ],
            [
              73.7415920501047,
              18.591871875036063
            ],
            [
              73.74123571747896,
              18.59185888844791
            ],
            [
              73.7412343809757,
              18.59157096228371
            ]
          ]
        ]
      }
    },
    {
      "type": "Feature",
      "id": "P050",
      "properties": {
        "parcel_id": "P050",
        "survey_no": "249",
        "subdivision_no": "2",
        "full_survey": "249/2",
        "area": 1339.9,
        "land_use": "Mixed Use"
      },
      "geometry": {
        "type": "Polygon",
        "coordinates": [
          [
            [
              73.7416658086472,
              18.591565979896927
            ],
            [
              73.74184977736624,
              18.59154846865104
            ],
            [
              73.74202534853026,
              18.591565644333258
            ],
            [
              73.7420075807643,
              18.591715264789997
            ],
            [
              73.74202718400677,
              18.59187853425347
            ],
            [
              73.74165646070186,
              18.591878949325242
            ],
            [
              73.7416658086472,
              18.591565979896927
            ]
          ]
        ]
      }
    },
    {
      "type": "Feature",
      "id": "P051",
      "properties": {
        "parcel_id": "P051",
        "survey_no": "250",
        "subdivision_no": "3",
        "full_survey": "250/3",
        "area": 1287.5,
        "land_use": "Institutional"
      },
      "geometry": {
        "type": "Polygon",
        "coordinates": [
          [
            [
              73.74208673761379,
              18.59156614098324
            ],
            [
              73.74226941712766,
              18.591571015131375
            ],
            [
              73.74244445082894,
              18.591566919280872
            ],
            [
              73.7424453686771,
              18.59172742326283
            ],
            [
              73.74245025281853,
              18.591865611133578
            ],
            [
              73.7420995226473,
              18.591894084542353
            ],
            [
              73.74208673761379,
              18.59156614098324
            ]
          ]
        ]
      }
    },
    {
      "type": "Feature",
      "id": "P052",
      "properties": {
        "parcel_id": "P052",
        "survey_no": "251",
        "subdivision_no": "4",
        "full_survey": "251/4",
        "area": 1283.1,
        "land_use": "Mixed Use"
      },
      "geometry": {
        "type": "Polygon",
        "coordinates": [
          [
            [
              73.74251383550269,
              18.591561527281986
            ],
            [
              73.74270728406832,
              18.59155886534896
            ],
            [
              73.74287833783688,
              18.591571113188984
            ],
            [
              73.74289040197534,
              18.59171407392845
            ],
            [
              73.74287500416084,
              18.591874953989297
            ],
            [
              73.74252117973201,
              18.591848828252076
            ],
            [
              73.74251383550269,
              18.591561527281986
            ]
          ]
        ]
      }
    },
    {
      "type": "Feature",
      "id": "P053",
      "properties": {
        "parcel_id": "P053",
        "survey_no": "252",
        "subdivision_no": "1",
        "full_survey": "252/1",
        "area": 1263.0,
        "land_use": "Agricultural"
      },
      "geometry": {
        "type": "Polygon",
        "coordinates": [
          [
            [
              73.74293870287154,
              18.591574149364654
            ],
            [
              73.7431187582034,
              18.591574460408577
            ],
            [
              73.74330706736419,
              18.59157435858155
            ],
            [
              73.7433047436715,
              18.591718182783282
            ],
            [
              73.74330639648807,
              18.59187490380077
            ],
            [
              73.74295485445178,
              18.59187497623928
            ],
            [
              73.74293870287154,
              18.591574149364654
            ]
          ]
        ]
      }
    },
    {
      "type": "Feature",
      "id": "P054",
      "properties": {
        "parcel_id": "P054",
        "survey_no": "253",
        "subdivision_no": "2",
        "full_survey": "253/2",
        "area": 1267.2,
        "land_use": "Residential"
      },
      "geometry": {
        "type": "Polygon",
        "coordinates": [
          [
            [
              73.74337934997008,
              18.591569713666047
            ],
            [
              73.74356244234328,
              18.59156870629063
            ],
            [
              73.74372841718505,
              18.591561302920404
            ],
            [
              73.7437319141273,
              18.591726644336863
            ],
            [
              73.74372579638506,
              18.591868263684965
            ],
            [
              73.74337864154225,
              18.591883869510532
            ],
            [
              73.74337934997008,
              18.591569713666047
            ]
          ]
        ]
      }
    },
    {
      "type": "Feature",
      "id": "P055",
      "properties": {
        "parcel_id": "P055",
        "survey_no": "254",
        "subdivision_no": "3",
        "full_survey": "254/3",
        "area": 1276.9,
        "land_use": "Residential"
      },
      "geometry": {
        "type": "Polygon",
        "coordinates": [
          [
            [
              73.74379822292288,
              18.591572846550722
            ],
            [
              73.74398537116832,
              18.59155196854179
            ],
            [
              73.74415931655848,
              18.59157413512458
            ],
            [
              73.74415491018661,
              18.591719820627162
            ],
            [
              73.74416901490969,
              18.591873123308172
            ],
            [
              73.74380603565173,
              18.591862785864
            ],
            [
              73.74379822292288,
              18.591572846550722
            ]
          ]
        ]
      }
    },
    {
      "type": "Feature",
      "id": "P056",
      "properties": {
        "parcel_id": "P056",
        "survey_no": "255",
        "subdivision_no": "4",
        "full_survey": "255/4",
        "area": 1303.4,
        "land_use": "Institutional"
      },
      "geometry": {
        "type": "Polygon",
        "coordinates": [
          [
            [
              73.74422686293804,
              18.59157035815636
            ],
            [
              73.744415619965,
              18.5915543534385
            ],
            [
              73.74458740074078,
              18.59156902203917
            ],
            [
              73.74458117292423,
              18.591713087421052
            ],
            [
              73.74459166207143,
              18.591871393744103
            ],
            [
              73.74422805265117,
              18.591874632231914
            ],
            [
              73.74422686293804,
              18.59157035815636
            ]
          ]
        ]
      }
    },
    {
      "type": "Feature",
      "id": "P057",
      "properties": {
        "parcel_id": "P057",
        "survey_no": "256",
        "subdivision_no": "1",
        "full_survey": "256/1",
        "area": 1255.0,
        "land_use": "Agricultural"
      },
      "geometry": {
        "type": "Polygon",
        "coordinates": [
          [
            [
              73.74465825953705,
              18.591573754228605
            ],
            [
              73.74483309986341,
              18.59157168437978
            ],
            [
              73.74501712069826,
              18.591567339225662
            ],
            [
              73.74501650163693,
              18.59172214634141
            ],
            [
              73.74501127083002,
              18.591866915371558
            ],
            [
              73.74465928071218,
              18.591876596491392
            ],
            [
              73.74465825953705,
              18.591573754228605
            ]
          ]
        ]
      }
    },
    {
      "type": "Feature",
      "id": "P058",
      "properties": {
        "parcel_id": "P058",
        "survey_no": "257",
        "subdivision_no": "2",
        "full_survey": "257/2",
        "area": 1206.4,
        "land_use": "Mixed Use"
      },
      "geometry": {
        "type": "Polygon",
        "coordinates": [
          [
            [
              73.74507633807961,
              18.591570152495912
            ],
            [
              73.74527159106192,
              18.591580628704325
            ],
            [
              73.74545143415038,
              18.591574331707395
            ],
            [
              73.74543219478176,
              18.591723063851248
            ],
            [
              73.74544390217801,
              18.591869621618798
            ],
            [
              73.74507863430784,
              18.59185225819238
            ],
            [
              73.74507633807961,
              18.591570152495912
            ]
          ]
        ]
      }
    },
    {
      "type": "Feature",
      "id": "P059",
      "properties": {
        "parcel_id": "P059",
        "survey_no": "258",
        "subdivision_no": "3",
        "full_survey": "258/3",
        "area": 1293.4,
        "land_use": "Mixed Use"
      },
      "geometry": {
        "type": "Polygon",
        "coordinates": [
          [
            [
              73.74551493311026,
              18.59156767862086
            ],
            [
              73.7456918538416,
              18.591577372833033
            ],
            [
              73.74586677337292,
              18.591574530880127
            ],
            [
              73.74587621274677,
              18.59172025157807
            ],
            [
              73.74587506852353,
              18.59187777456622
            ],
            [
              73.74550176706046,
              18.591875336164527
            ],
            [
              73.74551493311026,
              18.59156767862086
            ]
          ]
        ]
      }
    },
    {
      "type": "Feature",
      "id": "P060",
      "properties": {
        "parcel_id": "P060",
        "survey_no": "259",
        "subdivision_no": "4",
        "full_survey": "259/4",
        "area": 1326.3,
        "land_use": "Commercial"
      },
      "geometry": {
        "type": "Polygon",
        "coordinates": [
          [
            [
              73.74592988938697,
              18.591561580757947
            ],
            [
              73.74611099868302,
              18.59156270828629
            ],
            [
              73.7463012023028,
              18.591564533194163
            ],
            [
              73.74632097595979,
              18.591725899690942
            ],
            [
              73.74630366630606,
              18.591869013456634
            ],
            [
              73.74593910486895,
              18.59185760417416
            ],
            [
              73.74592988938697,
              18.591561580757947
            ]
          ]
        ]
      }
    },
    {
      "type": "Feature",
      "id": "P061",
      "properties": {
        "parcel_id": "P061",
        "survey_no": "260",
        "subdivision_no": "1",
        "full_survey": "260/1",
        "area": 1333.2,
        "land_use": "Industrial"
      },
      "geometry": {
        "type": "Polygon",
        "coordinates": [
          [
            [
              73.73781134528166,
              18.591932382592436
            ],
            [
              73.73799244614666,
              18.591911093651195
            ],
            [
              73.73818526750456,
              18.591923217776937
            ],
            [
              73.73816899611629,
              18.592080891250024
            ],
            [
              73.73818250926068,
              18.592225572487976
            ],
            [
              73.73782663784576,
              18.592248713371
            ],
            [
              73.73781134528166,
              18.591932382592436
            ]
          ]
        ]
      }
    },
    {
      "type": "Feature",
      "id": "P062",
      "properties": {
        "parcel_id": "P062",
        "survey_no": "261",
        "subdivision_no": "2",
        "full_survey": "261/2",
        "area": 1282.9,
        "land_use": "Mixed Use"
      },
      "geometry": {
        "type": "Polygon",
        "coordinates": [
          [
            [
              73.73824345357976,
              18.591930158129564
            ],
            [
              73.73843143749734,
              18.591928546087107
            ],
            [
              73.73861616660723,
              18.59192116966622
            ],
            [
              73.73859401710773,
              18.592080730845954
            ],
            [
              73.73860432909754,
              18.592232244832555
            ],
            [
              73.73824263987595,
              18.592232740633193
            ],
            [
              73.73824345357976,
              18.591930158129564
            ]
          ]
        ]
      }
    },
    {
      "type": "Feature",
      "id": "P063",
      "properties": {
        "parcel_id": "P063",
        "survey_no": "262",
        "subdivision_no": "3",
        "full_survey": "262/3",
        "area": 1250.3,
        "land_use": "Institutional"
      },
      "geometry": {
        "type": "Polygon",
        "coordinates": [
          [
            [
              73.73868299346267,
              18.591926310205032
            ],
            [
              73.73886126378154,
              18.591912329667487
            ],
            [
              73.7390274102469,
              18.591925184760353
            ],
            [
              73.73902225503257,
              18.59207582169545
            ],
            [
              73.73903630824493,
              18.592225853527925
            ],
            [
              73.73867010335535,
              18.59222198818225
            ],
            [
              73.73868299346267,
              18.591926310205032
            ]
          ]
        ]
      }
    },
    {
      "type": "Feature",
      "id": "P064",
      "properties": {
        "parcel_id": "P064",
        "survey_no": "263",
        "subdivision_no": "4",
        "full_survey": "263/4",
        "area": 1342.6,
        "land_use": "Mixed Use"
      },
      "geometry": {
        "type": "Polygon",
        "coordinates": [
          [
            [
              73.7390957524816,
              18.591927631984714
            ],
            [
              73.73927394650374,
              18.591928415448677
            ],
            [
              73.73946678721362,
              18.59192344822262
            ],
            [
              73.73946706472168,
              18.59208254732452
            ],
            [
              73.7394551420806,
              18.592240025040155
            ],
            [
              73.73909934650122,
              18.5922397983844
            ],
            [
              73.7390957524816,
              18.591927631984714
            ]
          ]
        ]
      }
    },
    {
      "type": "Feature",
      "id": "P065",
      "properties": {
        "parcel_id": "P065",
        "survey_no": "264",
        "subdivision_no": "1",
        "full_survey": "264/1",
        "area": 1313.9,
        "land_use": "Agricultural"
      },
      "geometry": {
        "type": "Polygon",
        "coordinates": [
          [
            [
              73.73953556454678,
              18.591921307566082
            ],
            [
              73.73971663309678,
              18.591905866997845
            ],
            [
              73.73988730007979,
              18.59192859994114
            ],
            [
              73.73989614491593,
              18.59208122147315
            ],
            [
              73.73988936289932,
              18.59223290629801
            ],
            [
              73.73952829013824,
              18.592221084600936
            ],
            [
              73.73953556454678,
              18.591921307566082
            ]
          ]
        ]
      }
    },
    {
      "type": "Feature",
      "id": "P066",
      "properties": {
        "parcel_id": "P066",
        "survey_no": "265",
        "subdivision_no": "2",
        "full_survey": "265/2",
        "area": 1254.1,
        "land_use": "Industrial"
      },
      "geometry": {
        "type": "Polygon",
        "coordinates": [
          [
            [
              73.73996078930182,
              18.591931042282624
            ],
            [
              73.74013746550743,
              18.59194700216647
            ],
            [
              73.74031795056504,
              18.591921777659145
            ],
            [
              73.74031780640047,
              18.59208161936554
            ],
            [
              73.74032259791474,
              18.592227369728818
            ],
            [
              73.73995894624326,
              18.592242403379533
            ],
            [
              73.73996078930182,
              18.591931042282624
            ]
          ]
        ]
      }
    },
    {
      "type": "Feature",
      "id": "P067",
      "properties": {
        "parcel_id": "P067",
        "survey_no": "266",
        "subdivision_no": "3",
        "full_survey": "266/3",
        "area": 1315.4,
        "land_use": "Mixed Use"
      },
      "geometry": {
        "type": "Polygon",
        "coordinates": [
          [
            [
              73.74037637111608,
              18.591922341041954
            ],
            [
              73.74056012244058,
              18.591908026800468
            ],
            [
              73.74074411656524,
              18.591923968808693
            ],
            [
              73.74074671771446,
              18.592086092028275
            ],
            [
              73.74074081292447,
              18.592230528730504
            ],
            [
              73.74038780546206,
              18.592220382405923
            ],
            [
              73.74037637111608,
              18.591922341041954
            ]
          ]
        ]
      }
    },
    {
      "type": "Feature",
      "id": "P068",
      "properties": {
        "parcel_id": "P068",
        "survey_no": "267",
        "subdivision_no": "4",
        "full_survey": "267/4",
        "area": 1331.5,
        "land_use": "Commercial"
      },
      "geometry": {
        "type": "Polygon",
        "coordinates": [
          [
            [
              73.74081120343959,
              18.591933464154078
            ],
            [
              73.74099448956237,
              18.591910513420014
            ],
            [
              73.74117219540682,
              18.591927478524514
            ],
            [
              73.74117759111942,
              18.59207817443139
            ],
            [
              73.74116807659811,
              18.592236934764703
            ],
            [
              73.74080373554897,
              18.59222502576167
            ],
            [
              73.74081120343959,
              18.591933464154078
            ]
          ]
        ]
      }
    },
    {
      "type": "Feature",
      "id": "P069",
      "properties": {
        "parcel_id": "P069",
        "survey_no": "268",
        "subdivision_no": "1",
        "full_survey": "268/1",
        "area": 1330.6,
        "land_use": "Institutional"
      },
      "geometry": {
        "type": "Polygon",
        "coordinates": [
          [
            [
              73.74123889163936,
              18.591922878216277
            ],
            [
              73.74142076768086,
              18.591913967585935
            ],
            [
              73.74160057129839,
              18.591919972293383
            ],
            [
              73.7415827448353,
              18.59208311269246
            ],
            [
              73.7415908777458,
              18.59223689960807
            ],
            [
              73.74122839992152,
              18.592237691499232
            ],
            [
              73.74123889163936,
              18.591922878216277
            ]
          ]
        ]
      }
    },
    {
      "type": "Feature",
      "id": "P070",
      "properties": {
        "parcel_id": "P070",
        "survey_no": "269",
        "subdivision_no": "2",
        "full_survey": "269/2",
        "area": 1312.6,
        "land_use": "Industrial"
      },
      "geometry": {
        "type": "Polygon",
        "coordinates": [
          [
            [
              73.74165970824954,
              18.591930469020106
            ],
            [
              73.7418512365327,
              18.591935074557888
            ],
            [
              73.74203289854235,
              18.591925561721073
            ],
            [
              73.74204159047233,
              18.592086425479014
            ],
            [
              73.74201693265194,
              18.59223790059957
            ],
            [
              73.74166973263067,
              18.59223344088946
            ],
            [
              73.74165970824954,
              18.591930469020106
            ]
          ]
        ]
      }
    },
    {
      "type": "Feature",
      "id": "P071",
      "properties": {
        "parcel_id": "P071",
        "survey_no": "270",
        "subdivision_no": "3",
        "full_survey": "270/3",
        "area": 1331.2,
        "land_use": "Mixed Use"
      },
      "geometry": {
        "type": "Polygon",
        "coordinates": [
          [
            [
              73.74209966216306,
              18.59193218799245
            ],
            [
              73.74227155345685,
              18.59189561450521
            ],
            [
              73.74244552209656,
              18.591921655010925
            ],
            [
              73.742453412347,
              18.592076074650198
            ],
            [
              73.74244684882453,
              18.592236377243854
            ],
            [
              73.74209699629309,
              18.592233575440584
            ],
            [
              73.74209966216306,
              18.59193218799245
            ]
          ]
        ]
      }
    },
    {
      "type": "Feature",
      "id": "P072",
      "properties": {
        "parcel_id": "P072",
        "survey_no": "271",
        "subdivision_no": "4",
        "full_survey": "271/4",
        "area": 1386.7,
        "land_use": "Commercial"
      },
      "geometry": {
        "type": "Polygon",
        "coordinates": [
          [
            [
              73.74251006874847,
              18.59192503687218
            ],
            [
              73.74269838254548,
              18.59189708285791
            ],
            [
              73.74287664895967,
              18.591928079235526
            ],
            [
              73.74288018054256,
              18.592076140247844
            ],
            [
              73.74287718877557,
              18.59222872392375
            ],
            [
              73.74252199099567,
              18.592247914979605
            ],
            [
              73.74251006874847,
              18.59192503687218
            ]
          ]
        ]
      }
    },
    {
      "type": "Feature",
      "id": "P073",
      "properties": {
        "parcel_id": "P073",
        "survey_no": "272",
        "subdivision_no": "1",
        "full_survey": "272/1",
        "area": 1269.8,
        "land_use": "Agricultural"
      },
      "geometry": {
        "type": "Polygon",
        "coordinates": [
          [
            [
              73.74293992172036,
              18.59193060743212
            ],
            [
              73.74312846366021,
              18.59191587427766
            ],
            [
              73.74330782327438,
              18.591926371591242
            ],
            [
              73.74329694597917,
              18.592082297919266
            ],
            [
              73.7433018559297,
              18.59222889468182
            ],
            [
              73.74295077248104,
              18.592225276614435
            ],
            [
              73.74293992172036,
              18.59193060743212
            ]
          ]
        ]
      }
    },
    {
      "type": "Feature",
      "id": "P074",
      "properties": {
        "parcel_id": "P074",
        "survey_no": "273",
        "subdivision_no": "2",
        "full_survey": "273/2",
        "area": 1305.5,
        "land_use": "Institutional"
      },
      "geometry": {
        "type": "Polygon",
        "coordinates": [
          [
            [
              73.74337234147485,
              18.591929575809015
            ],
            [
              73.74355768212384,
              18.591920498436803
            ],
            [
              73.74374134333713,
              18.59192598388306
            ],
            [
              73.74371339379704,
              18.59207415762272
            ],
            [
              73.74373262265581,
              18.59223373535045
            ],
            [
              73.7433744511252,
              18.59224815951651
            ],
            [
              73.74337234147485,
              18.591929575809015
            ]
          ]
        ]
      }
    },
    {
      "type": "Feature",
      "id": "P075",
      "properties": {
        "parcel_id": "P075",
        "survey_no": "274",
        "subdivision_no": "3",
        "full_survey": "274/3",
        "area": 1334.9,
        "land_use": "Institutional"
      },
      "geometry": {
        "type": "Polygon",
        "coordinates": [
          [
            [
              73.74380842797068,
              18.59191965478538
            ],
            [
              73.7439793385647,
              18.591904201986935
            ],
            [
              73.74416615621571,
              18.591934134895048
            ],
            [
              73.74418049568894,
              18.59207856954482
            ],
            [
              73.74417025133683,
              18.592230959992982
            ],
            [
              73.74380727074526,
              18.59222346775654
            ],
            [
              73.74380842797068,
              18.59191965478538
            ]
          ]
        ]
      }
    },
    {
      "type": "Feature",
      "id": "P076",
      "properties": {
        "parcel_id": "P076",
        "survey_no": "275",
        "subdivision_no": "4",
        "full_survey": "275/4",
        "area": 1359.8,
        "land_use": "Industrial"
      },
      "geometry": {
        "type": "Polygon",
        "coordinates": [
          [
            [
              73.74423644756625,
              18.591926251904876
            ],
            [
              73.74441214743332,
              18.59189961974163
            ],
            [
              73.7445863966794,
              18.591922682506976
            ],
            [
              73.7446005787202,
              18.592074512161645
            ],
            [
              73.74458295512308,
              18.592238497258435
            ],
            [
              73.74423260548349,
              18.592234822679455
            ],
            [
              73.74423644756625,
              18.591926251904876
            ]
          ]
        ]
      }
    },
    {
      "type": "Feature",
      "id": "P077",
      "properties": {
        "parcel_id": "P077",
        "survey_no": "276",
        "subdivision_no": "1",
        "full_survey": "276/1",
        "area": 1290.3,
        "land_use": "Industrial"
      },
      "geometry": {
        "type": "Polygon",
        "coordinates": [
          [
            [
              73.74465326671032,
              18.59192275402366
            ],
            [
              73.74483030860614,
              18.591918736613025
            ],
            [
              73.74500778649504,
              18.59192687742873
            ],
            [
              73.74499484727733,
              18.592084618347993
            ],
            [
              73.74501996339121,
              18.592229987472518
            ],
            [
              73.74465679586413,
              18.592244054697968
            ],
            [
              73.74465326671032,
              18.59192275402366
            ]
          ]
        ]
      }
    },
    {
      "type": "Feature",
      "id": "P078",
      "properties": {
        "parcel_id": "P078",
        "survey_no": "277",
        "subdivision_no": "2",
        "full_survey": "277/2",
        "area": 1353.8,
        "land_use": "Industrial"
      },
      "geometry": {
        "type": "Polygon",
        "coordinates": [
          [
            [
              73.74508216367425,
              18.591934042454557
            ],
            [
              73.74527058678483,
              18.591906422388355
            ],
            [
              73.74544815564528,
              18.59192404501615
            ],
            [
              73.7454462755341,
              18.592074421851787
            ],
            [
              73.74544077193856,
              18.59223664950283
            ],
            [
              73.74508176500154,
              18.592235481303376
            ],
            [
              73.74508216367425,
              18.591934042454557
            ]
          ]
        ]
      }
    },
    {
      "type": "Feature",
      "id": "P079",
      "properties": {
        "parcel_id": "P079",
        "survey_no": "278",
        "subdivision_no": "3",
        "full_survey": "278/3",
        "area": 1232.3,
        "land_use": "Commercial"
      },
      "geometry": {
        "type": "Polygon",
        "coordinates": [
          [
            [
              73.74550854995604,
              18.59192484570723
            ],
            [
              73.74569047731973,
              18.59193838067339
            ],
            [
              73.74586212403472,
              18.591924938873284
            ],
            [
              73.74586566111488,
              18.592072744229704
            ],
            [
              73.74586250729824,
              18.59223741793996
            ],
            [
              73.7455110355198,
              18.59222022989241
            ],
            [
              73.74550854995604,
              18.59192484570723
            ]
          ]
        ]
      }
    },
    {
      "type": "Feature",
      "id": "P080",
      "properties": {
        "parcel_id": "P080",
        "survey_no": "279",
        "subdivision_no": "4",
        "full_survey": "279/4",
        "area": 1319.9,
        "land_use": "Industrial"
      },
      "geometry": {
        "type": "Polygon",
        "coordinates": [
          [
            [
              73.74593855190759,
              18.59192229777346
            ],
            [
              73.74612453556223,
              18.591900639052255
            ],
            [
              73.74630239608149,
              18.59192499231745
            ],
            [
              73.74629723290226,
              18.59207763486207
            ],
            [
              73.7462931254706,
              18.592232953756003
            ],
            [
              73.745936619613,
              18.5922173527898
            ],
            [
              73.74593855190759,
              18.59192229777346
            ]
          ]
        ]
      }
    },
    {
      "type": "Feature",
      "id": "P081",
      "properties": {
        "parcel_id": "P081",
        "survey_no": "280",
        "subdivision_no": "1",
        "full_survey": "280/1",
        "area": 1291.1,
        "land_use": "Commercial"
      },
      "geometry": {
        "type": "Polygon",
        "coordinates": [
          [
            [
              73.73782358971503,
              18.59228361414764
            ],
            [
              73.73799451994277,
              18.592299883897255
            ],
            [
              73.73818163768975,
              18.592282857523607
            ],
            [
              73.73818331679827,
              18.59244650069783
            ],
            [
              73.73817744883814,
              18.592596715583127
            ],
            [
              73.73781941591407,
              18.592599131275698
            ],
            [
              73.73782358971503,
              18.59228361414764
            ]
          ]
        ]
      }
    },
    {
      "type": "Feature",
      "id": "P082",
      "properties": {
        "parcel_id": "P082",
        "survey_no": "281",
        "subdivision_no": "2",
        "full_survey": "281/2",
        "area": 1388.1,
        "land_use": "Industrial"
      },
      "geometry": {
        "type": "Polygon",
        "coordinates": [
          [
            [
              73.73823915601636,
              18.592291611471204
            ],
            [
              73.7384190691847,
              18.592254125513918
            ],
            [
              73.73860105297858,
              18.592288746432104
            ],
            [
              73.73860070819718,
              18.592434378826432
            ],
            [
              73.73860251816234,
              18.592592014037425
            ],
            [
              73.73823890564526,
              18.592606997857796
            ],
            [
              73.73823915601636,
              18.592291611471204
            ]
          ]
        ]
      }
    },
    {
      "type": "Feature",
      "id": "P083",
      "properties": {
        "parcel_id": "P083",
        "survey_no": "282",
        "subdivision_no": "3",
        "full_survey": "282/3",
        "area": 1323.3,
        "land_use": "Institutional"
      },
      "geometry": {
        "type": "Polygon",
        "coordinates": [
          [
            [
              73.73867718641036,
              18.592291430535123
            ],
            [
              73.73886181750312,
              18.59225475415876
            ],
            [
              73.73902752325056,
              18.592281376277025
            ],
            [
              73.73901091173558,
              18.592440121720653
            ],
            [
              73.739040490694,
              18.592589127725418
            ],
            [
              73.73867218745393,
              18.592602016472842
            ],
            [
              73.73867718641036,
              18.592291430535123
            ]
          ]
        ]
      }
    },
    {
      "type": "Feature",
      "id": "P084",
      "properties": {
        "parcel_id": "P084",
        "survey_no": "283",
        "subdivision_no": "4",
        "full_survey": "283/4",
        "area": 1276.9,
        "land_use": "Residential"
      },
      "geometry": {
        "type": "Polygon",
        "coordinates": [
          [
            [
              73.7390932535067,
              18.5922792431524
            ],
            [
              73.73927571154357,
              18.59230053469058
            ],
            [
              73.739460825793,
              18.592291097192405
            ],
            [
              73.73945862094982,
              18.59244519274016
            ],
            [
              73.73945471910694,
              18.592593117708255
            ],
            [
              73.7390930088556,
              18.592590169384987
            ],
            [
              73.7390932535067,
              18.5922792431524
            ]
          ]
        ]
      }
    },
    {
      "type": "Feature",
      "id": "P085",
      "properties": {
        "parcel_id": "P085",
        "survey_no": "284",
        "subdivision_no": "1",
        "full_survey": "284/1",
        "area": 1279.5,
        "land_use": "Residential"
      },
      "geometry": {
        "type": "Polygon",
        "coordinates": [
          [
            [
              73.73952319103535,
              18.59228130429053
            ],
            [
              73.73971463670001,
              18.592301583027744
            ],
            [
              73.73989696694865,
              18.59228367662977
            ],
            [
              73.73990369193292,
              18.592440737270664
            ],
            [
              73.7398955341542,
              18.59259539506008
            ],
            [
              73.73952920494354,
              18.592573477271547
            ],
            [
              73.73952319103535,
              18.59228130429053
            ]
          ]
        ]
      }
    },
    {
      "type": "Feature",
      "id": "P086",
      "properties": {
        "parcel_id": "P086",
        "survey_no": "285",
        "subdivision_no": "2",
        "full_survey": "285/2",
        "area": 1335.9,
        "land_use": "Residential"
      },
      "geometry": {
        "type": "Polygon",
        "coordinates": [
          [
            [
              73.73995382305424,
              18.5922909316576
            ],
            [
              73.7401275805897,
              18.59228595247599
            ],
            [
              73.74032532918858,
              18.592286603350992
            ],
            [
              73.74032405847399,
              18.592446465182796
            ],
            [
              73.7403152146631,
              18.592595435748432
            ],
            [
              73.73995858449373,
              18.592602721007477
            ],
            [
              73.73995382305424,
              18.5922909316576
            ]
          ]
        ]
      }
    },
    {
      "type": "Feature",
      "id": "P087",
      "properties": {
        "parcel_id": "P087",
        "survey_no": "286",
        "subdivision_no": "3",
        "full_survey": "286/3",
        "area": 1303.8,
        "land_use": "Agricultural"
      },
      "geometry": {
        "type": "Polygon",
        "coordinates": [
          [
            [
              73.74038190249401,
              18.592290744905405
            ],
            [
              73.74055610327329,
              18.592282202120565
            ],
            [
              73.7407424120279,
              18.59228761878952
            ],
            [
              73.74072836961392,
              18.592433648598156
            ],
            [
              73.74073625460385,
              18.592593516357383
            ],
            [
              73.74038464765587,
              18.59261298144916
            ],
            [
              73.74038190249401,
              18.592290744905405
            ]
          ]
        ]
      }
    },
    {
      "type": "Feature",
      "id": "P088",
      "properties": {
        "parcel_id": "P088",
        "survey_no": "287",
        "subdivision_no": "4",
        "full_survey": "287/4",
        "area": 1215.3,
        "land_use": "Institutional"
      },
      "geometry": {
        "type": "Polygon",
        "coordinates": [
          [
            [
              73.74080652520043,
              18.59228664190685
            ],
            [
              73.7409826134699,
              18.59229611456405
            ],
            [
              73.74116944689399,
              18.592286505876373
            ],
            [
              73.74115870945685,
              18.592435918776154
            ],
            [
              73.74116629906199,
              18.59259459959687
            ],
            [
              73.74081180444036,
              18.592575030557708
            ],
            [
              73.74080652520043,
              18.59228664190685
            ]
          ]
        ]
      }
    },
    {
      "type": "Feature",
      "id": "P089",
      "properties": {
        "parcel_id": "P089",
        "survey_no": "288",
        "subdivision_no": "1",
        "full_survey": "288/1",
        "area": 1308.1,
        "land_use": "Industrial"
      },
      "geometry": {
        "type": "Polygon",
        "coordinates": [
          [
            [
              73.741245393366,
              18.592282171017064
            ],
            [
              73.74141435249527,
              18.592268018620732
            ],
            [
              73.74160653788117,
              18.592283556873618
            ],
            [
              73.74158778170758,
              18.592439579462546
            ],
            [
              73.74159945177189,
              18.592588746823555
            ],
            [
              73.74123508970092,
              18.592591073586167
            ],
            [
              73.741245393366,
              18.592282171017064
            ]
          ]
        ]
      }
    },
    {
      "type": "Feature",
      "id": "P090",
      "properties": {
        "parcel_id": "P090",
        "survey_no": "289",
        "subdivision_no": "2",
        "full_survey": "289/2",
        "area": 1328.2,
        "land_use": "Mixed Use"
      },
      "geometry": {
        "type": "Polygon",
        "coordinates": [
          [
            [
              73.74167051405304,
              18.59228015651292
            ],
            [
              73.7418511906232,
              18.592266831331166
            ],
            [
              73.74202841625043,
              18.592281227615292
            ],
            [
              73.74201071366338,
              18.59243593379699
            ],
            [
              73.74201905757566,
              18.59259151104622
            ],
            [
              73.7416623196051,
              18.592602622404154
            ],
            [
              73.74167051405304,
              18.59228015651292
            ]
          ]
        ]
      }
    },
    {
      "type": "Feature",
      "id": "P091",
      "properties": {
        "parcel_id": "P091",
        "survey_no": "290",
        "subdivision_no": "3",
        "full_survey": "290/3",
        "area": 1382.6,
        "land_use": "Industrial"
      },
      "geometry": {
        "type": "Polygon",
        "coordinates": [
          [
            [
              73.74208426541232,
              18.59229086127815
            ],
            [
              73.74227497309458,
              18.592262235974268
            ],
            [
              73.74245516069527,
              18.5922797761994
            ],
            [
              73.74246263388366,
              18.592442431810035
            ],
            [
              73.74245069844575,
              18.592596552244157
            ],
            [
              73.7421001520048,
              18.592596596651962
            ],
            [
              73.74208426541232,
              18.59229086127815
            ]
          ]
        ]
      }
    },
    {
      "type": "Feature",
      "id": "P092",
      "properties": {
        "parcel_id": "P092",
        "survey_no": "291",
        "subdivision_no": "4",
        "full_survey": "291/4",
        "area": 1291.3,
        "land_use": "Mixed Use"
      },
      "geometry": {
        "type": "Polygon",
        "coordinates": [
          [
            [
              73.74252239957521,
              18.592281404537406
            ],
            [
              73.7427083208277,
              18.59228764792984
            ],
            [
              73.74287603218883,
              18.592293180202866
            ],
            [
              73.74287084919986,
              18.592444785188967
            ],
            [
              73.74288387359051,
              18.59259036684178
            ],
            [
              73.74251613374436,
              18.59260349816095
            ],
            [
              73.74252239957521,
              18.592281404537406
            ]
          ]
        ]
      }
    },
    {
      "type": "Feature",
      "id": "P093",
      "properties": {
        "parcel_id": "P093",
        "survey_no": "292",
        "subdivision_no": "1",
        "full_survey": "292/1",
        "area": 1361.8,
        "land_use": "Residential"
      },
      "geometry": {
        "type": "Polygon",
        "coordinates": [
          [
            [
              73.74294012317698,
              18.592294149312153
            ],
            [
              73.74312193708496,
              18.59226155807486
            ],
            [
              73.7433008047556,
              18.592287662598892
            ],
            [
              73.74332082396576,
              18.592435615219706
            ],
            [
              73.74330522244476,
              18.592587860018273
            ],
            [
              73.74294871146034,
              18.592598024581378
            ],
            [
              73.74294012317698,
              18.592294149312153
            ]
          ]
        ]
      }
    },
    {
      "type": "Feature",
      "id": "P094",
      "properties": {
        "parcel_id": "P094",
        "survey_no": "293",
        "subdivision_no": "2",
        "full_survey": "293/2",
        "area": 1310.2,
        "land_use": "Residential"
      },
      "geometry": {
        "type": "Polygon",
        "coordinates": [
          [
            [
              73.74337096973848,
              18.592282113237054
            ],
            [
              73.74354680594759,
              18.59228137922103
            ],
            [
              73.74373395853073,
              18.592293874209943
            ],
            [
              73.74374215587228,
              18.59243801353913
            ],
            [
              73.74373220993878,
              18.59258678586796
            ],
            [
              73.74337072066949,
              18.59259337009446
            ],
            [
              73.74337096973848,
              18.592282113237054
            ]
          ]
        ]
      }
    },
    {
      "type": "Feature",
      "id": "P095",
      "properties": {
        "parcel_id": "P095",
        "survey_no": "294",
        "subdivision_no": "3",
        "full_survey": "294/3",
        "area": 1313.8,
        "land_use": "Residential"
      },
      "geometry": {
        "type": "Polygon",
        "coordinates": [
          [
            [
              73.74379912878416,
              18.592281207548325
            ],
            [
              73.74397888478615,
              18.592291701144415
            ],
            [
              73.74416380540977,
              18.592289706032055
            ],
            [
              73.74417132708592,
              18.592447363983766
            ],
            [
              73.74416235175359,
              18.592592528511524
            ],
            [
              73.74379411528845,
              18.592590240207816
            ],
            [
              73.74379912878416,
              18.592281207548325
            ]
          ]
        ]
      }
    },
    {
      "type": "Feature",
      "id": "P096",
      "properties": {
        "parcel_id": "P096",
        "survey_no": "295",
        "subdivision_no": "4",
        "full_survey": "295/4",
        "area": 1297.9,
        "land_use": "Mixed Use"
      },
      "geometry": {
        "type": "Polygon",
        "coordinates": [
          [
            [
              73.74422680381136,
              18.59228165706866
            ],
            [
              73.74440937507961,
              18.592290862212966
            ],
            [
              73.7445835332202,
              18.5922795987297
            ],
            [
              73.74458329682851,
              18.592436484314753
            ],
            [
              73.74459363823536,
              18.59259369121205
            ],
            [
              73.74423273278961,
              18.59260017890441
            ],
            [
              73.74422680381136,
              18.59228165706866
            ]
          ]
        ]
      }
    },
    {
      "type": "Feature",
      "id": "P097",
      "properties": {
        "parcel_id": "P097",
        "survey_no": "296",
        "subdivision_no": "1",
        "full_survey": "296/1",
        "area": 1326.4,
        "land_use": "Mixed Use"
      },
      "geometry": {
        "type": "Polygon",
        "coordinates": [
          [
            [
              73.74466098341365,
              18.59229059192023
            ],
            [
              73.74483175956853,
              18.592287800469297
            ],
            [
              73.7450148805837,
              18.592284430772878
            ],
            [
              73.74504009940337,
              18.592438784976334
            ],
            [
              73.74502469725698,
              18.5925969032929
            ],
            [
              73.74465028470013,
              18.59258312957925
            ],
            [
              73.74466098341365,
              18.59229059192023
            ]
          ]
        ]
      }
    },
    {
      "type": "Feature",
      "id": "P098",
      "properties": {
        "parcel_id": "P098",
        "survey_no": "297",
        "subdivision_no": "2",
        "full_survey": "297/2",
        "area": 1330.4,
        "land_use": "Residential"
      },
      "geometry": {
        "type": "Polygon",
        "coordinates": [
          [
            [
              73.74507626089553,
              18.59229407435208
            ],
            [
              73.74525888106947,
              18.592280207883995
            ],
            [
              73.74545116062589,
              18.592286967595843
            ],
            [
              73.74545144413662,
              18.592444538343848
            ],
            [
              73.74543642713044,
              18.592596512645727
            ],
            [
              73.74508064804895,
              18.592589431547985
            ],
            [
              73.74507626089553,
              18.59229407435208
            ]
          ]
        ]
      }
    },
    {
      "type": "Feature",
      "id": "P099",
      "properties": {
        "parcel_id": "P099",
        "survey_no": "298",
        "subdivision_no": "3",
        "full_survey": "298/3",
        "area": 1352.4,
        "land_use": "Commercial"
      },
      "geometry": {
        "type": "Polygon",
        "coordinates": [
          [
            [
              73.7455108522881,
              18.592283209157667
            ],
            [
              73.74568828733224,
              18.59226974959264
            ],
            [
              73.74587262372675,
              18.592292561860713
            ],
            [
              73.74586956607344,
              18.592439955862798
            ],
            [
              73.74586621302554,
              18.592599361588025
            ],
            [
              73.74550709401652,
              18.592599195079746
            ],
            [
              73.7455108522881,
              18.592283209157667
            ]
          ]
        ]
      }
    },
    {
      "type": "Feature",
      "id": "P100",
      "properties": {
        "parcel_id": "P100",
        "survey_no": "299",
        "subdivision_no": "4",
        "full_survey": "299/4",
        "area": 1406.3,
        "land_use": "Residential"
      },
      "geometry": {
        "type": "Polygon",
        "coordinates": [
          [
            [
              73.74594252828888,
              18.592286666244448
            ],
            [
              73.74611385242174,
              18.592265634706862
            ],
            [
              73.74629827977611,
              18.592281096292556
            ],
            [
              73.74629989916366,
              18.592444127202697
            ],
            [
              73.74630453610997,
              18.592596698655424
            ],
            [
              73.74592847849628,
              18.592611466441845
            ],
            [
              73.74594252828888,
              18.592286666244448
            ]
          ]
        ]
      }
    },
    {
      "type": "Feature",
      "id": "P101",
      "properties": {
        "parcel_id": "P101",
        "survey_no": "300",
        "subdivision_no": "1",
        "full_survey": "300/1",
        "area": 1346.5,
        "land_use": "Commercial"
      },
      "geometry": {
        "type": "Polygon",
        "coordinates": [
          [
            [
              73.73782641414275,
              18.592640455670203
            ],
            [
              73.73799748254972,
              18.592618596249647
            ],
            [
              73.73818334622543,
              18.592648954239547
            ],
            [
              73.73816476996903,
              18.592801567647275
            ],
            [
              73.73818445518643,
              18.5929565204979
            ],
            [
              73.7378183446413,
              18.592959839382427
            ],
            [
              73.73782641414275,
              18.592640455670203
            ]
          ]
        ]
      }
    },
    {
      "type": "Feature",
      "id": "P102",
      "properties": {
        "parcel_id": "P102",
        "survey_no": "301",
        "subdivision_no": "2",
        "full_survey": "301/2",
        "area": 1287.4,
        "land_use": "Residential"
      },
      "geometry": {
        "type": "Polygon",
        "coordinates": [
          [
            [
              73.73823909284577,
              18.59264488766719
            ],
            [
              73.73843137551243,
              18.59261413290696
            ],
            [
              73.7386042251198,
              18.592652504331898
            ],
            [
              73.73859809635574,
              18.592803829402733
            ],
            [
              73.73861215829501,
              18.592947004453613
            ],
            [
              73.73825572579187,
              18.592933913846597
            ],
            [
              73.73823909284577,
              18.59264488766719
            ]
          ]
        ]
      }
    },
    {
      "type": "Feature",
      "id": "P103",
      "properties": {
        "parcel_id": "P103",
        "survey_no": "302",
        "subdivision_no": "3",
        "full_survey": "302/3",
        "area": 1301.2,
        "land_use": "Industrial"
      },
      "geometry": {
        "type": "Polygon",
        "coordinates": [
          [
            [
              73.73866755382323,
              18.592640911784294
            ],
            [
              73.73885857493713,
              18.592642498388116
            ],
            [
              73.7390335312159,
              18.592651128943523
            ],
            [
              73.739019518004,
              18.5928018585394
            ],
            [
              73.73903026235973,
              18.592954161195262
            ],
            [
              73.73867803683679,
              18.59296360068872
            ],
            [
              73.73866755382323,
              18.592640911784294
            ]
          ]
        ]
      }
    },
    {
      "type": "Feature",
      "id": "P104",
      "properties": {
        "parcel_id": "P104",
        "survey_no": "303",
        "subdivision_no": "4",
        "full_survey": "303/4",
        "area": 1331.1,
        "land_use": "Industrial"
      },
      "geometry": {
        "type": "Polygon",
        "coordinates": [
          [
            [
              73.73910116803899,
              18.592640752488137
            ],
            [
              73.73928163155827,
              18.59266365452326
            ],
            [
              73.7394625281516,
              18.59265398367281
            ],
            [
              73.73948591078053,
              18.592806284018224
            ],
            [
              73.73945537967309,
              18.592958135582712
            ],
            [
              73.73910249369118,
              18.592966922386495
            ],
            [
              73.73910116803899,
              18.592640752488137
            ]
          ]
        ]
      }
    },
    {
      "type": "Feature",
      "id": "P105",
      "properties": {
        "parcel_id": "P105",
        "survey_no": "304",
        "subdivision_no": "1",
        "full_survey": "304/1",
        "area": 1283.6,
        "land_use": "Residential"
      },
      "geometry": {
        "type": "Polygon",
        "coordinates": [
          [
            [
              73.73953230866164,
              18.592650762325675
            ],
            [
              73.7397074735768,
              18.592620495736085
            ],
            [
              73.73989176594768,
              18.59264725235953
            ],
            [
              73.73987909169618,
              18.59279327656672
            ],
            [
              73.73988163739244,
              18.59295905509806
            ],
            [
              73.7395370288927,
              18.59293965959082
            ],
            [
              73.73953230866164,
              18.592650762325675
            ]
          ]
        ]
      }
    },
    {
      "type": "Feature",
      "id": "P106",
      "properties": {
        "parcel_id": "P106",
        "survey_no": "305",
        "subdivision_no": "2",
        "full_survey": "305/2",
        "area": 1251.5,
        "land_use": "Commercial"
      },
      "geometry": {
        "type": "Polygon",
        "coordinates": [
          [
            [
              73.73995484523931,
              18.592648341154334
            ],
            [
              73.74013262514364,
              18.59266576473715
            ],
            [
              73.7403207849461,
              18.592640854967964
            ],
            [
              73.74030448071025,
              18.592802728617745
            ],
            [
              73.74031038023408,
              18.592959545999122
            ],
            [
              73.73995610128064,
              18.592954586937783
            ],
            [
              73.73995484523931,
              18.592648341154334
            ]
          ]
        ]
      }
    },
    {
      "type": "Feature",
      "id": "P107",
      "properties": {
        "parcel_id": "P107",
        "survey_no": "306",
        "subdivision_no": "3",
        "full_survey": "306/3",
        "area": 1249.3,
        "land_use": "Mixed Use"
      },
      "geometry": {
        "type": "Polygon",
        "coordinates": [
          [
            [
              73.74038428197602,
              18.592640206788836
            ],
            [
              73.74056247003942,
              18.592650296403068
            ],
            [
              73.74074364997668,
              18.592647699502425
            ],
            [
              73.74072470863946,
              18.59279590029184
            ],
            [
              73.74073649425648,
              18.59295374684933
            ],
            [
              73.74038691779238,
              18.592956103752417
            ],
            [
              73.74038428197602,
              18.592640206788836
            ]
          ]
        ]
      }
    },
    {
      "type": "Feature",
      "id": "P108",
      "properties": {
        "parcel_id": "P108",
        "survey_no": "307",
        "subdivision_no": "4",
        "full_survey": "307/4",
        "area": 1337.7,
        "land_use": "Institutional"
      },
      "geometry": {
        "type": "Polygon",
        "coordinates": [
          [
            [
              73.74080514321082,
              18.59264282552935
            ],
            [
              73.74099799234592,
              18.592625785262623
            ],
            [
              73.74117675033662,
              18.59264777063091
            ],
            [
              73.74117213217023,
              18.592802297641864
            ],
            [
              73.74116280119316,
              18.592948381776996
            ],
            [
              73.74081039690341,
              18.592951274503132
            ],
            [
              73.74080514321082,
              18.59264282552935
            ]
          ]
        ]
      }
    },
    {
      "type": "Feature",
      "id": "P109",
      "properties": {
        "parcel_id": "P109",
        "survey_no": "308",
        "subdivision_no": "1",
        "full_survey": "308/1",
        "area": 1284.0,
        "land_use": "Agricultural"
      },
      "geometry": {
        "type": "Polygon",
        "coordinates": [
          [
            [
              73.74123667471478,
              18.59264807894139
            ],
            [
              73.74141758447624,
              18.59264347665425
            ],
            [
              73.74159258913542,
              18.59265280192423
            ],
            [
              73.74159533517384,
              18.59279574748701
            ],
            [
              73.74158917917202,
              18.59295124003625
            ],
            [
              73.74123250924532,
              18.59295468392031
            ],
            [
              73.74123667471478,
              18.59264807894139
            ]
          ]
        ]
      }
    },
    {
      "type": "Feature",
      "id": "P110",
      "properties": {
        "parcel_id": "P110",
        "survey_no": "309",
        "subdivision_no": "2",
        "full_survey": "309/2",
        "area": 1370.5,
        "land_use": "Institutional"
      },
      "geometry": {
        "type": "Polygon",
        "coordinates": [
          [
            [
              73.74167306239882,
              18.592641205735337
            ],
            [
              73.74184094577893,
              18.592613464339266
            ],
            [
              73.74202045243327,
              18.59265196152177
            ],
            [
              73.74202068287582,
              18.592805697432656
            ],
            [
              73.74202454677045,
              18.592956408328746
            ],
            [
              73.74166599536154,
              18.592969298641332
            ],
            [
              73.74167306239882,
              18.592641205735337
            ]
          ]
        ]
      }
    },
    {
      "type": "Feature",
      "id": "P111",
      "properties": {
        "parcel_id": "P111",
        "survey_no": "310",
        "subdivision_no": "3",
        "full_survey": "310/3",
        "area": 1299.1,
        "land_use": "Mixed Use"
      },
      "geometry": {
        "type": "Polygon",
        "coordinates": [
          [
            [
              73.74208763802642,
              18.59264017034229
            ],
            [
              73.74226676785949,
              18.59263742854697
            ],
            [
              73.74245403708282,
              18.592641405163253
            ],
            [
              73.74245539256968,
              18.592799127024804
            ],
            [
              73.74245082281345,
              18.592953165750874
            ],
            [
              73.74210013248681,
              18.59294159529159
            ],
            [
              73.74208763802642,
              18.59264017034229
            ]
          ]
        ]
      }
    },
    {
      "type": "Feature",
      "id": "P112",
      "properties": {
        "parcel_id": "P112",
        "survey_no": "311",
        "subdivision_no": "4",
        "full_survey": "311/4",
        "area": 1326.6,
        "land_use": "Agricultural"
      },
      "geometry": {
        "type": "Polygon",
        "coordinates": [
          [
            [
              73.74251709295899,
              18.59263977664635
            ],
            [
              73.74269571483613,
              18.59266289595804
            ],
            [
              73.74287383942276,
              18.592653592064565
            ],
            [
              73.74289413701044,
              18.592800502203843
            ],
            [
              73.7428806262334,
              18.59294641672853
            ],
            [
              73.74251178374043,
              18.59297396970547
            ],
            [
              73.74251709295899,
              18.59263977664635
            ]
          ]
        ]
      }
    },
    {
      "type": "Feature",
      "id": "P113",
      "properties": {
        "parcel_id": "P113",
        "survey_no": "312",
        "subdivision_no": "1",
        "full_survey": "312/1",
        "area": 1344.6,
        "land_use": "Residential"
      },
      "geometry": {
        "type": "Polygon",
        "coordinates": [
          [
            [
              73.74293755180615,
              18.592640014077386
            ],
            [
              73.74313381653081,
              18.59263760805633
            ],
            [
              73.74330023937327,
              18.592652872820796
            ],
            [
              73.7433037174133,
              18.592797069499326
            ],
            [
              73.74329868639754,
              18.592952019552865
            ],
            [
              73.74294018874677,
              18.592965003102197
            ],
            [
              73.74293755180615,
              18.592640014077386
            ]
          ]
        ]
      }
    },
    {
      "type": "Feature",
      "id": "P114",
      "properties": {
        "parcel_id": "P114",
        "survey_no": "313",
        "subdivision_no": "2",
        "full_survey": "313/2",
        "area": 1264.9,
        "land_use": "Commercial"
      },
      "geometry": {
        "type": "Polygon",
        "coordinates": [
          [
            [
              73.74336969467899,
              18.592645330091127
            ],
            [
              73.74355468369907,
              18.592656398189725
            ],
            [
              73.74373017584242,
              18.592641127147523
            ],
            [
              73.74373325274128,
              18.592805530306517
            ],
            [
              73.74373461384846,
              18.592954616362306
            ],
            [
              73.74337884102084,
              18.592947976524805
            ],
            [
              73.74336969467899,
              18.592645330091127
            ]
          ]
        ]
      }
    },
    {
      "type": "Feature",
      "id": "P115",
      "properties": {
        "parcel_id": "P115",
        "survey_no": "314",
        "subdivision_no": "3",
        "full_survey": "314/3",
        "area": 1207.0,
        "land_use": "Commercial"
      },
      "geometry": {
        "type": "Polygon",
        "coordinates": [
          [
            [
              73.74380620775621,
              18.5926433252742
            ],
            [
              73.74398654987507,
              18.592663067061714
            ],
            [
              73.74415878963808,
              18.592647961123717
            ],
            [
              73.74416022878546,
              18.59279443956247
            ],
            [
              73.74415681312186,
              18.592948656629307
            ],
            [
              73.74380121126607,
              18.59294012952147
            ],
            [
              73.74380620775621,
              18.5926433252742
            ]
          ]
        ]
      }
    },
    {
      "type": "Feature",
      "id": "P116",
      "properties": {
        "parcel_id": "P116",
        "survey_no": "315",
        "subdivision_no": "4",
        "full_survey": "315/4",
        "area": 1303.6,
        "land_use": "Commercial"
      },
      "geometry": {
        "type": "Polygon",
        "coordinates": [
          [
            [
              73.744231381372,
              18.592653008995146
            ],
            [
              73.74439968528682,
              18.592659817826558
            ],
            [
              73.7445966472887,
              18.592647649333774
            ],
            [
              73.74459322600852,
              18.592794877191963
            ],
            [
              73.74459737687555,
              18.592958453949183
            ],
            [
              73.74422767639363,
              18.59296071670125
            ],
            [
              73.744231381372,
              18.592653008995146
            ]
          ]
        ]
      }
    },
    {
      "type": "Feature",
      "id": "P117",
      "properties": {
        "parcel_id": "P117",
        "survey_no": "316",
        "subdivision_no": "1",
        "full_survey": "316/1",
        "area": 1273.2,
        "land_use": "Commercial"
      },
      "geometry": {
        "type": "Polygon",
        "coordinates": [
          [
            [
              73.74466167149363,
              18.592639938876246
            ],
            [
              73.74482905394163,
              18.592652472903488
            ],
            [
              73.74500932347836,
              18.59264072460064
            ],
            [
              73.74500401331247,
              18.59279757950049
            ],
            [
              73.74500807668076,
              18.59295574502986
            ],
            [
              73.74465795429089,
              18.592964817150143
            ],
            [
              73.74466167149363,
              18.592639938876246
            ]
          ]
        ]
      }
    },
    {
      "type": "Feature",
      "id": "P118",
      "properties": {
        "parcel_id": "P118",
        "survey_no": "317",
        "subdivision_no": "2",
        "full_survey": "317/2",
        "area": 1406.7,
        "land_use": "Institutional"
      },
      "geometry": {
        "type": "Polygon",
        "coordinates": [
          [
            [
              73.74507725045109,
              18.59264803701571
            ],
            [
              73.74525676553117,
              18.59263051370002
            ],
            [
              73.74544640044817,
              18.59264097589617
            ],
            [
              73.74546341314016,
              18.592806511388183
            ],
            [
              73.7454510939004,
              18.592950958041037
            ],
            [
              73.74509115848748,
              18.592970061803175
            ],
            [
              73.74507725045109,
              18.59264803701571
            ]
          ]
        ]
      }
    },
    {
      "type": "Feature",
      "id": "P119",
      "properties": {
        "parcel_id": "P119",
        "survey_no": "318",
        "subdivision_no": "3",
        "full_survey": "318/3",
        "area": 1206.3,
        "land_use": "Industrial"
      },
      "geometry": {
        "type": "Polygon",
        "coordinates": [
          [
            [
              73.74551191221651,
              18.592653760071716
            ],
            [
              73.74569563662824,
              18.59266377306261
            ],
            [
              73.74587434919793,
              18.59264416380643
            ],
            [
              73.74585558266826,
              18.592795205321945
            ],
            [
              73.74587369785229,
              18.592950329024607
            ],
            [
              73.74551463292885,
              18.592949491827728
            ],
            [
              73.74551191221651,
              18.592653760071716
            ]
          ]
        ]
      }
    },
    {
      "type": "Feature",
      "id": "P120",
      "properties": {
        "parcel_id": "P120",
        "survey_no": "319",
        "subdivision_no": "4",
        "full_survey": "319/4",
        "area": 1385.8,
        "land_use": "Mixed Use"
      },
      "geometry": {
        "type": "Polygon",
        "coordinates": [
          [
            [
              73.74593171881808,
              18.59264593118974
            ],
            [
              73.74612244439624,
              18.592622049552045
            ],
            [
              73.74628876961705,
              18.592643022317926
            ],
            [
              73.74629326058825,
              18.592797226420625
            ],
            [
              73.74630442385319,
              18.59294742907159
            ],
            [
              73.74592900266808,
              18.5929686698879
            ],
            [
              73.74593171881808,
              18.59264593118974
            ]
          ]
        ]
      }
    },
    {
      "type": "Feature",
      "id": "P121",
      "properties": {
        "parcel_id": "P121",
        "survey_no": "320",
        "subdivision_no": "1",
        "full_survey": "320/1",
        "area": 1227.5,
        "land_use": "Mixed Use"
      },
      "geometry": {
        "type": "Polygon",
        "coordinates": [
          [
            [
              73.73781402913751,
              18.59300962211834
            ],
            [
              73.73800400509745,
              18.5930210516946
            ],
            [
              73.73817614470792,
              18.59300326356157
            ],
            [
              73.73816050272933,
              18.593152686311786
            ],
            [
              73.73818167341008,
              18.5933177442213
            ],
            [
              73.73781337266095,
              18.59329981847034
            ],
            [
              73.73781402913751,
              18.59300962211834
            ]
          ]
        ]
      }
    },
    {
      "type": "Feature",
      "id": "P122",
      "properties": {
        "parcel_id": "P122",
        "survey_no": "321",
        "subdivision_no": "2",
        "full_survey": "321/2",
        "area": 1289.2,
        "land_use": "Residential"
      },
      "geometry": {
        "type": "Polygon",
        "coordinates": [
          [
            [
              73.73824631009423,
              18.593012646039917
            ],
            [
              73.73842297420614,
              18.59300546570207
            ],
            [
              73.73860556309135,
              18.593004632603492
            ],
            [
              73.7385908525331,
              18.593154781196755
            ],
            [
              73.73859937771726,
              18.593311623678836
            ],
            [
              73.73824256644617,
              18.593327955301923
            ],
            [
              73.73824631009423,
              18.593012646039917
            ]
          ]
        ]
      }
    },
    {
      "type": "Feature",
      "id": "P123",
      "properties": {
        "parcel_id": "P123",
        "survey_no": "322",
        "subdivision_no": "3",
        "full_survey": "322/3",
        "area": 1359.7,
        "land_use": "Residential"
      },
      "geometry": {
        "type": "Polygon",
        "coordinates": [
          [
            [
              73.73867468782906,
              18.593012217976966
            ],
            [
              73.73885397194414,
              18.592992611783867
            ],
            [
              73.73903437671535,
              18.593000164879854
            ],
            [
              73.7390541614179,
              18.59316285376829
            ],
            [
              73.73903484279963,
              18.59331867122761
            ],
            [
              73.7386794667124,
              18.593312332549484
            ],
            [
              73.73867468782906,
              18.593012217976966
            ]
          ]
        ]
      }
    },
    {
      "type": "Feature",
      "id": "P124",
      "properties": {
        "parcel_id": "P124",
        "survey_no": "323",
        "subdivision_no": "4",
        "full_survey": "323/4",
        "area": 1263.2,
        "land_use": "Mixed Use"
      },
      "geometry": {
        "type": "Polygon",
        "coordinates": [
          [
            [
              73.73910707862612,
              18.593001219197603
            ],
            [
              73.73928335354687,
              18.593018318883107
            ],
            [
              73.73946611438062,
              18.59301130703575
            ],
            [
              73.73946152286868,
              18.593160437738284
            ],
            [
              73.73946295687044,
              18.59331800074692
            ],
            [
              73.73910161538674,
              18.593308197995
            ],
            [
              73.73910707862612,
              18.593001219197603
            ]
          ]
        ]
      }
    },
    {
      "type": "Feature",
      "id": "P125",
      "properties": {
        "parcel_id": "P125",
        "survey_no": "324",
        "subdivision_no": "1",
        "full_survey": "324/1",
        "area": 1314.6,
        "land_use": "Residential"
      },
      "geometry": {
        "type": "Polygon",
        "coordinates": [
          [
            [
              73.73952461485096,
              18.593007150686795
            ],
            [
              73.73970603584823,
              18.592981625361602
            ],
            [
              73.73988712130425,
              18.593006385092334
            ],
            [
              73.73989357678295,
              18.593152500150854
            ],
            [
              73.73988517989892,
              18.59330709748585
            ],
            [
              73.73953043319413,
              18.593301146382796
            ],
            [
              73.73952461485096,
              18.593007150686795
            ]
          ]
        ]
      }
    },
    {
      "type": "Feature",
      "id": "P126",
      "properties": {
        "parcel_id": "P126",
        "survey_no": "325",
        "subdivision_no": "2",
        "full_survey": "325/2",
        "area": 1323.6,
        "land_use": "Agricultural"
      },
      "geometry": {
        "type": "Polygon",
        "coordinates": [
          [
            [
              73.73995902065191,
              18.593013833379683
            ],
            [
              73.74013115807477,
              18.59300756004652
            ],
            [
              73.74032084024054,
              18.593010797450535
            ],
            [
              73.74032623224956,
              18.59316307547854
            ],
            [
              73.74031833758326,
              18.593306262792858
            ],
            [
              73.73995463500337,
              18.593331763665972
            ],
            [
              73.73995902065191,
              18.593013833379683
            ]
          ]
        ]
      }
    },
    {
      "type": "Feature",
      "id": "P127",
      "properties": {
        "parcel_id": "P127",
        "survey_no": "326",
        "subdivision_no": "3",
        "full_survey": "326/3",
        "area": 1350.9,
        "land_use": "Mixed Use"
      },
      "geometry": {
        "type": "Polygon",
        "coordinates": [
          [
            [
              73.74037440256383,
              18.59300190580615
            ],
            [
              73.74056928352803,
              18.593023653752077
            ],
            [
              73.74073913834587,
              18.59300593939722
            ],
            [
              73.74076453766901,
              18.593162705819534
            ],
            [
              73.74073958004381,
              18.59331749414279
            ],
            [
              73.74038299181099,
              18.593328270121876
            ],
            [
              73.74037440256383,
              18.59300190580615
            ]
          ]
        ]
      }
    },
    {
      "type": "Feature",
      "id": "P128",
      "properties": {
        "parcel_id": "P128",
        "survey_no": "327",
        "subdivision_no": "4",
        "full_survey": "327/4",
        "area": 1363.7,
        "land_use": "Commercial"
      },
      "geometry": {
        "type": "Polygon",
        "coordinates": [
          [
            [
              73.74080272390869,
              18.592999377014944
            ],
            [
              73.74098236786413,
              18.592992327454674
            ],
            [
              73.74117591758417,
              18.593002235534993
            ],
            [
              73.74115667903745,
              18.59315537057614
            ],
            [
              73.7411655800885,
              18.593314864299614
            ],
            [
              73.74081035193683,
              18.59333003219735
            ],
            [
              73.74080272390869,
              18.592999377014944
            ]
          ]
        ]
      }
    },
    {
      "type": "Feature",
      "id": "P129",
      "properties": {
        "parcel_id": "P129",
        "survey_no": "328",
        "subdivision_no": "1",
        "full_survey": "328/1",
        "area": 1313.6,
        "land_use": "Agricultural"
      },
      "geometry": {
        "type": "Polygon",
        "coordinates": [
          [
            [
              73.74124445907675,
              18.59301198381303
            ],
            [
              73.74141696464663,
              18.59298822449104
            ],
            [
              73.74159451418646,
              18.593006921299462
            ],
            [
              73.74160826331341,
              18.59316086793489
            ],
            [
              73.74158919666317,
              18.593320185237104
            ],
            [
              73.7412457398112,
              18.59330965215578
            ],
            [
              73.74124445907675,
              18.59301198381303
            ]
          ]
        ]
      }
    },
    {
      "type": "Feature",
      "id": "P130",
      "properties": {
        "parcel_id": "P130",
        "survey_no": "329",
        "subdivision_no": "2",
        "full_survey": "329/2",
        "area": 1346.9,
        "land_use": "Agricultural"
      },
      "geometry": {
        "type": "Polygon",
        "coordinates": [
          [
            [
              73.74166090904791,
              18.593001250572435
            ],
            [
              73.74184970586111,
              18.59301896677301
            ],
            [
              73.74203080540724,
              18.593011230857865
            ],
            [
              73.74203511666751,
              18.593162031166727
            ],
            [
              73.74202855655086,
              18.5933159304368
            ],
            [
              73.74166734152776,
              18.593334277931614
            ],
            [
              73.74166090904791,
              18.593001250572435
            ]
          ]
        ]
      }
    },
    {
      "type": "Feature",
      "id": "P131",
      "properties": {
        "parcel_id": "P131",
        "survey_no": "330",
        "subdivision_no": "3",
        "full_survey": "330/3",
        "area": 1342.3,
        "land_use": "Commercial"
      },
      "geometry": {
        "type": "Polygon",
        "coordinates": [
          [
            [
              73.74209970017705,
              18.59300444103323
            ],
            [
              73.7422685262321,
              18.59298867560678
            ],
            [
              73.74245535216446,
              18.59300749662162
            ],
            [
              73.74245404181816,
              18.593159128570633
            ],
            [
              73.74245685479603,
              18.593315990147687
            ],
            [
              73.74209281626597,
              18.593317984026374
            ],
            [
              73.74209970017705,
              18.59300444103323
            ]
          ]
        ]
      }
    },
    {
      "type": "Feature",
      "id": "P132",
      "properties": {
        "parcel_id": "P132",
        "survey_no": "331",
        "subdivision_no": "4",
        "full_survey": "331/4",
        "area": 1276.6,
        "land_use": "Agricultural"
      },
      "geometry": {
        "type": "Polygon",
        "coordinates": [
          [
            [
              73.74251843303132,
              18.59301221031862
            ],
            [
              73.74270085083319,
              18.59301967567221
            ],
            [
              73.74287198779804,
              18.59301256264955
            ],
            [
              73.74287190996549,
              18.59316519714615
            ],
            [
              73.74287758772176,
              18.59330946091849
            ],
            [
              73.74251092071107,
              18.593330605487957
            ],
            [
              73.74251843303132,
              18.59301221031862
            ]
          ]
        ]
      }
    },
    {
      "type": "Feature",
      "id": "P133",
      "properties": {
        "parcel_id": "P133",
        "survey_no": "332",
        "subdivision_no": "1",
        "full_survey": "332/1",
        "area": 1259.9,
        "land_use": "Residential"
      },
      "geometry": {
        "type": "Polygon",
        "coordinates": [
          [
            [
              73.74294860359547,
              18.592999029207384
            ],
            [
              73.74312247127536,
              18.59300666070998
            ],
            [
              73.7433009575373,
              18.59301065140763
            ],
            [
              73.74331172308372,
              18.593163607351233
            ],
            [
              73.7432995043258,
              18.593314296664992
            ],
            [
              73.74294858535143,
              18.59329943563977
            ],
            [
              73.74294860359547,
              18.592999029207384
            ]
          ]
        ]
      }
    },
    {
      "type": "Feature",
      "id": "P134",
      "properties": {
        "parcel_id": "P134",
        "survey_no": "333",
        "subdivision_no": "2",
        "full_survey": "333/2",
        "area": 1228.1,
        "land_use": "Industrial"
      },
      "geometry": {
        "type": "Polygon",
        "coordinates": [
          [
            [
              73.74338019056212,
              18.593003731178225
            ],
            [
              73.74354660308006,
              18.593024467566497
            ],
            [
              73.74373065094412,
              18.59299995580013
            ],
            [
              73.74373482490235,
              18.593166435676707
            ],
            [
              73.74373335322144,
              18.593312855820898
            ],
            [
              73.74337382557943,
              18.593301678248768
            ],
            [
              73.74338019056212,
              18.593003731178225
            ]
          ]
        ]
      }
    },
    {
      "type": "Feature",
      "id": "P135",
      "properties": {
        "parcel_id": "P135",
        "survey_no": "334",
        "subdivision_no": "3",
        "full_survey": "334/3",
        "area": 1256.7,
        "land_use": "Residential"
      },
      "geometry": {
        "type": "Polygon",
        "coordinates": [
          [
            [
              73.74380482582441,
              18.59300797763237
            ],
            [
              73.74397501159763,
              18.593012284511868
            ],
            [
              73.74416407667677,
              18.59299952865309
            ],
            [
              73.74417677992695,
              18.59315583984404
            ],
            [
              73.74416198776458,
              18.593305640206932
            ],
            [
              73.74380952656203,
              18.59330174913887
            ],
            [
              73.74380482582441,
              18.59300797763237
            ]
          ]
        ]
      }
    },
    {
      "type": "Feature",
      "id": "P136",
      "properties": {
        "parcel_id": "P136",
        "survey_no": "335",
        "subdivision_no": "4",
        "full_survey": "335/4",
        "area": 1288.3,
        "land_use": "Industrial"
      },
      "geometry": {
        "type": "Polygon",
        "coordinates": [
          [
            [
              73.74422061912806,
              18.59300691627189
            ],
            [
              73.74441041045372,
              18.592996820336776
            ],
            [
              73.74458711006476,
              18.593012703318617
            ],
            [
              73.74457014933115,
              18.593161375960268
            ],
            [
              73.7445846547664,
              18.593316901442034
            ],
            [
              73.74422777582457,
              18.593311364801362
            ],
            [
              73.74422061912806,
              18.59300691627189
            ]
          ]
        ]
      }
    },
    {
      "type": "Feature",
      "id": "P137",
      "properties": {
        "parcel_id": "P137",
        "survey_no": "336",
        "subdivision_no": "1",
        "full_survey": "336/1",
        "area": 1285.9,
        "land_use": "Industrial"
      },
      "geometry": {
        "type": "Polygon",
        "coordinates": [
          [
            [
              73.74465812553497,
              18.593012829643012
            ],
            [
              73.74484145534991,
              18.59298520524794
            ],
            [
              73.74500945861509,
              18.593000335099042
            ],
            [
              73.74500956570398,
              18.593162995386596
            ],
            [
              73.74500859542995,
              18.5933088113523
            ],
            [
              73.7446501803371,
              18.593302122674498
            ],
            [
              73.74465812553497,
              18.593012829643012
            ]
          ]
        ]
      }
    },
    {
      "type": "Feature",
      "id": "P138",
      "properties": {
        "parcel_id": "P138",
        "survey_no": "337",
        "subdivision_no": "2",
        "full_survey": "337/2",
        "area": 1339.0,
        "land_use": "Industrial"
      },
      "geometry": {
        "type": "Polygon",
        "coordinates": [
          [
            [
              73.74507339819256,
              18.593001074123855
            ],
            [
              73.74526527665229,
              18.593016766567757
            ],
            [
              73.74545011677847,
              18.593013567097483
            ],
            [
              73.74545215951169,
              18.593163140774244
            ],
            [
              73.74544070270854,
              18.593310139599723
            ],
            [
              73.74507527701259,
              18.593325067348886
            ],
            [
              73.74507339819256,
              18.593001074123855
            ]
          ]
        ]
      }
    },
    {
      "type": "Feature",
      "id": "P139",
      "properties": {
        "parcel_id": "P139",
        "survey_no": "338",
        "subdivision_no": "3",
        "full_survey": "338/3",
        "area": 1238.8,
        "land_use": "Industrial"
      },
      "geometry": {
        "type": "Polygon",
        "coordinates": [
          [
            [
              73.74550794101316,
              18.593007993808452
            ],
            [
              73.74569528674704,
              18.593024692373895
            ],
            [
              73.74586446397987,
              18.593004766150134
            ],
            [
              73.74588446524731,
              18.593152367840414
            ],
            [
              73.74587354070728,
              18.59331772405943
            ],
            [
              73.74551799563359,
              18.593294636250096
            ],
            [
              73.74550794101316,
              18.593007993808452
            ]
          ]
        ]
      }
    },
    {
      "type": "Feature",
      "id": "P140",
      "properties": {
        "parcel_id": "P140",
        "survey_no": "339",
        "subdivision_no": "4",
        "full_survey": "339/4",
        "area": 1312.9,
        "land_use": "Industrial"
      },
      "geometry": {
        "type": "Polygon",
        "coordinates": [
          [
            [
              73.74593973235761,
              18.593004132087657
            ],
            [
              73.74611746429191,
              18.593001726232163
            ],
            [
              73.74629012541905,
              18.59300907932838
            ],
            [
              73.74629536006152,
              18.59315721596636
            ],
            [
              73.7463006063931,
              18.59331078442757
            ],
            [
              73.745942784163,
              18.593330638819836
            ],
            [
              73.74593973235761,
              18.593004132087657
            ]
          ]
        ]
      }
    },
    {
      "type": "Feature",
      "id": "P141",
      "properties": {
        "parcel_id": "P141",
        "survey_no": "340",
        "subdivision_no": "1",
        "full_survey": "340/1",
        "area": 1287.1,
        "land_use": "Agricultural"
      },
      "geometry": {
        "type": "Polygon",
        "coordinates": [
          [
            [
              73.73782220630636,
              18.593365055286384
            ],
            [
              73.73799521996088,
              18.593340257642467
            ],
            [
              73.73818581295066,
              18.593365740921982
            ],
            [
              73.73816973574655,
              18.593518695092715
            ],
            [
              73.73817350111328,
              18.593672434545216
            ],
            [
              73.7378223876897,
              18.593656415759135
            ],
            [
              73.73782220630636,
              18.593365055286384
            ]
          ]
        ]
      }
    },
    {
      "type": "Feature",
      "id": "P142",
      "properties": {
        "parcel_id": "P142",
        "survey_no": "341",
        "subdivision_no": "2",
        "full_survey": "341/2",
        "area": 1266.0,
        "land_use": "Commercial"
      },
      "geometry": {
        "type": "Polygon",
        "coordinates": [
          [
            [
              73.73825270211653,
              18.593371377712618
            ],
            [
              73.7384334237873,
              18.593352509976075
            ],
            [
              73.73861241548997,
              18.593368063809677
            ],
            [
              73.73860983693524,
              18.59351741360893
            ],
            [
              73.73860673565008,
              18.59366631672189
            ],
            [
              73.73824970059943,
              18.59365913171218
            ],
            [
              73.73825270211653,
              18.593371377712618
            ]
          ]
        ]
      }
    },
    {
      "type": "Feature",
      "id": "P143",
      "properties": {
        "parcel_id": "P143",
        "survey_no": "342",
        "subdivision_no": "3",
        "full_survey": "342/3",
        "area": 1310.6,
        "land_use": "Industrial"
      },
      "geometry": {
        "type": "Polygon",
        "coordinates": [
          [
            [
              73.7386685622911,
              18.5933607334087
            ],
            [
              73.73886077889993,
              18.593346774270866
            ],
            [
              73.73904065916338,
              18.593361801642978
            ],
            [
              73.73902843388247,
              18.593523438403114
            ],
            [
              73.73902662471993,
              18.593674512903643
            ],
            [
              73.73867715229747,
              18.59365786726501
            ],
            [
              73.7386685622911,
              18.5933607334087
            ]
          ]
        ]
      }
    },
    {
      "type": "Feature",
      "id": "P144",
      "properties": {
        "parcel_id": "P144",
        "survey_no": "343",
        "subdivision_no": "4",
        "full_survey": "343/4",
        "area": 1308.7,
        "land_use": "Mixed Use"
      },
      "geometry": {
        "type": "Polygon",
        "coordinates": [
          [
            [
              73.73910885713043,
              18.593361597025414
            ],
            [
              73.7392830560432,
              18.593350317888365
            ],
            [
              73.73945531471689,
              18.593364812501466
            ],
            [
              73.73946318341042,
              18.593525358887423
            ],
            [
              73.73946209206086,
              18.593670710410244
            ],
            [
              73.73910990943253,
              18.593679136826722
            ],
            [
              73.73910885713043,
              18.593361597025414
            ]
          ]
        ]
      }
    },
    {
      "type": "Feature",
      "id": "P145",
      "properties": {
        "parcel_id": "P145",
        "survey_no": "344",
        "subdivision_no": "1",
        "full_survey": "344/1",
        "area": 1314.0,
        "land_use": "Industrial"
      },
      "geometry": {
        "type": "Polygon",
        "coordinates": [
          [
            [
              73.73952511662775,
              18.593370157470872
            ],
            [
              73.73970981861578,
              18.59335715878355
            ],
            [
              73.7398839947839,
              18.593369814296395
            ],
            [
              73.73990562510237,
              18.593525947758966
            ],
            [
              73.7398826051279,
              18.5936756931581
            ],
            [
              73.73953704451546,
              18.593669266904858
            ],
            [
              73.73952511662775,
              18.593370157470872
            ]
          ]
        ]
      }
    },
    {
      "type": "Feature",
      "id": "P146",
      "properties": {
        "parcel_id": "P146",
        "survey_no": "345",
        "subdivision_no": "2",
        "full_survey": "345/2",
        "area": 1317.6,
        "land_use": "Industrial"
      },
      "geometry": {
        "type": "Polygon",
        "coordinates": [
          [
            [
              73.7399619508892,
              18.59337125099374
            ],
            [
              73.74013647514809,
              18.59334362193232
            ],
            [
              73.74031004642646,
              18.59336913923462
            ],
            [
              73.74032399494185,
              18.593523331869907
            ],
            [
              73.74031032797406,
              18.593669210584547
            ],
            [
              73.73995118696111,
              18.59366996116818
            ],
            [
              73.7399619508892,
              18.59337125099374
            ]
          ]
        ]
      }
    },
    {
      "type": "Feature",
      "id": "P147",
      "properties": {
        "parcel_id": "P147",
        "survey_no": "346",
        "subdivision_no": "3",
        "full_survey": "346/3",
        "area": 1320.7,
        "land_use": "Commercial"
      },
      "geometry": {
        "type": "Polygon",
        "coordinates": [
          [
            [
              73.74038802764169,
              18.593371105931944
            ],
            [
              73.74055944762749,
              18.59335364556945
            ],
            [
              73.74075134989468,
              18.59336481478178
            ],
            [
              73.74075422166635,
              18.59352678344836
            ],
            [
              73.74074027768569,
              18.593673272074717
            ],
            [
              73.74037411426575,
              18.59365922628535
            ],
            [
              73.74038802764169,
              18.593371105931944
            ]
          ]
        ]
      }
    },
    {
      "type": "Feature",
      "id": "P148",
      "properties": {
        "parcel_id": "P148",
        "survey_no": "347",
        "subdivision_no": "4",
        "full_survey": "347/4",
        "area": 1349.7,
        "land_use": "Institutional"
      },
      "geometry": {
        "type": "Polygon",
        "coordinates": [
          [
            [
              73.74080458371894,
              18.59336575187978
            ],
            [
              73.74099921168086,
              18.59334479825405
            ],
            [
              73.74117921211544,
              18.593370130866916
            ],
            [
              73.74115247755692,
              18.59351247787624
            ],
            [
              73.74116688569323,
              18.593668868299744
            ],
            [
              73.74080399624559,
              18.593685863033567
            ],
            [
              73.74080458371894,
              18.59336575187978
            ]
          ]
        ]
      }
    },
    {
      "type": "Feature",
      "id": "P149",
      "properties": {
        "parcel_id": "P149",
        "survey_no": "348",
        "subdivision_no": "1",
        "full_survey": "348/1",
        "area": 1272.6,
        "land_use": "Industrial"
      },
      "geometry": {
        "type": "Polygon",
        "coordinates": [
          [
            [
              73.7412296210745,
              18.593369711761042
            ],
            [
              73.74141816230885,
              18.59337797255475
            ],
            [
              73.74159845476406,
              18.593370913747965
            ],
            [
              73.7416029479507,
              18.59352016378818
            ],
            [
              73.74159634091855,
              18.59367017104303
            ],
            [
              73.74124424106664,
              18.593676778663113
            ],
            [
              73.7412296210745,
              18.593369711761042
            ]
          ]
        ]
      }
    },
    {
      "type": "Feature",
      "id": "P150",
      "properties": {
        "parcel_id": "P150",
        "survey_no": "349",
        "subdivision_no": "2",
        "full_survey": "349/2",
        "area": 1328.3,
        "land_use": "Residential"
      },
      "geometry": {
        "type": "Polygon",
        "coordinates": [
          [
            [
              73.74166658935752,
              18.59336838780835
            ],
            [
              73.74185319479233,
              18.593357227491698
            ],
            [
              73.74202206618236,
              18.593372897373207
            ],
            [
              73.74203125947675,
              18.593517759036263
            ],
            [
              73.74202602189565,
              18.593669152661658
            ],
            [
              73.7416719580599,
              18.59369196103625
            ],
            [
              73.74166658935752,
              18.59336838780835
            ]
          ]
        ]
      }
    },
    {
      "type": "Feature",
      "id": "P151",
      "properties": {
        "parcel_id": "P151",
        "survey_no": "350",
        "subdivision_no": "3",
        "full_survey": "350/3",
        "area": 1391.9,
        "land_use": "Commercial"
      },
      "geometry": {
        "type": "Polygon",
        "coordinates": [
          [
            [
              73.74209404106387,
              18.593362110683714
            ],
            [
              73.74227446646165,
              18.59333642905974
            ],
            [
              73.74245585344623,
              18.593371669524046
            ],
            [
              73.74245757753945,
              18.593524533657575
            ],
            [
              73.7424593389434,
              18.593676167037405
            ],
            [
              73.74209058328614,
              18.593678515288946
            ],
            [
              73.74209404106387,
              18.593362110683714
            ]
          ]
        ]
      }
    },
    {
      "type": "Feature",
      "id": "P152",
      "properties": {
        "parcel_id": "P152",
        "survey_no": "351",
        "subdivision_no": "4",
        "full_survey": "351/4",
        "area": 1282.1,
        "land_use": "Residential"
      },
      "geometry": {
        "type": "Polygon",
        "coordinates": [
          [
            [
              73.74251694483443,
              18.593368526790208
            ],
            [
              73.74269813523732,
              18.59335127298587
            ],
            [
              73.74288284810093,
              18.593367067718702
            ],
            [
              73.7428719306071,
              18.593521315180695
            ],
            [
              73.74288433914602,
              18.593673784270308
            ],
            [
              73.74252258797596,
              18.59365724966261
            ],
            [
              73.74251694483443,
              18.593368526790208
            ]
          ]
        ]
      }
    },
    {
      "type": "Feature",
      "id": "P153",
      "properties": {
        "parcel_id": "P153",
        "survey_no": "352",
        "subdivision_no": "1",
        "full_survey": "352/1",
        "area": 1203.6,
        "land_use": "Industrial"
      },
      "geometry": {
        "type": "Polygon",
        "coordinates": [
          [
            [
              73.74295062843703,
              18.593371074552984
            ],
            [
              73.74313286000631,
              18.593380008518096
            ],
            [
              73.7433093530882,
              18.593363445729242
            ],
            [
              73.74330086451295,
              18.593526623482674
            ],
            [
              73.74331355759804,
              18.593674737771604
            ],
            [
              73.742954427896,
              18.593654913940963
            ],
            [
              73.74295062843703,
              18.593371074552984
            ]
          ]
        ]
      }
    },
    {
      "type": "Feature",
      "id": "P154",
      "properties": {
        "parcel_id": "P154",
        "survey_no": "353",
        "subdivision_no": "2",
        "full_survey": "353/2",
        "area": 1345.6,
        "land_use": "Industrial"
      },
      "geometry": {
        "type": "Polygon",
        "coordinates": [
          [
            [
              73.74337602284363,
              18.59336672687606
            ],
            [
              73.74354765371704,
              18.59333960861894
            ],
            [
              73.74374018636952,
              18.593361858967715
            ],
            [
              73.74372247093575,
              18.59352408868919
            ],
            [
              73.74374050208229,
              18.593677849900757
            ],
            [
              73.74338118958542,
              18.593676892408325
            ],
            [
              73.74337602284363,
              18.59336672687606
            ]
          ]
        ]
      }
    },
    {
      "type": "Feature",
      "id": "P155",
      "properties": {
        "parcel_id": "P155",
        "survey_no": "354",
        "subdivision_no": "3",
        "full_survey": "354/3",
        "area": 1320.5,
        "land_use": "Commercial"
      },
      "geometry": {
        "type": "Polygon",
        "coordinates": [
          [
            [
              73.74379284384042,
              18.593361846307218
            ],
            [
              73.7439807273788,
              18.59335170316728
            ],
            [
              73.74416423688693,
              18.593369494185296
            ],
            [
              73.74414501020769,
              18.59352052757727
            ],
            [
              73.74416691149943,
              18.593679490827583
            ],
            [
              73.74379462653575,
              18.59366188393004
            ],
            [
              73.74379284384042,
              18.593361846307218
            ]
          ]
        ]
      }
    },
    {
      "type": "Feature",
      "id": "P156",
      "properties": {
        "parcel_id": "P156",
        "survey_no": "355",
        "subdivision_no": "4",
        "full_survey": "355/4",
        "area": 1257.2,
        "land_use": "Mixed Use"
      },
      "geometry": {
        "type": "Polygon",
        "coordinates": [
          [
            [
              73.74422196818702,
              18.593368165940277
            ],
            [
              73.74441436066395,
              18.593373878361042
            ],
            [
              73.74458208066844,
              18.59336712559743
            ],
            [
              73.744576916421,
              18.593525414568
            ],
            [
              73.74458093455414,
              18.593665979621047
            ],
            [
              73.74421913371643,
              18.59367444435187
            ],
            [
              73.74422196818702,
              18.593368165940277
            ]
          ]
        ]
      }
    },
    {
      "type": "Feature",
      "id": "P157",
      "properties": {
        "parcel_id": "P157",
        "survey_no": "356",
        "subdivision_no": "1",
        "full_survey": "356/1",
        "area": 1282.5,
        "land_use": "Mixed Use"
      },
      "geometry": {
        "type": "Polygon",
        "coordinates": [
          [
            [
              73.74466209034132,
              18.593367905479727
            ],
            [
              73.74484185095658,
              18.59334951072067
            ],
            [
              73.74501580756548,
              18.593360271565196
            ],
            [
              73.74499998874487,
              18.593512018315554
            ],
            [
              73.74501107726822,
              18.593679572534125
            ],
            [
              73.74466372124839,
              18.5936714225457
            ],
            [
              73.74466209034132,
              18.593367905479727
            ]
          ]
        ]
      }
    },
    {
      "type": "Feature",
      "id": "P158",
      "properties": {
        "parcel_id": "P158",
        "survey_no": "357",
        "subdivision_no": "2",
        "full_survey": "357/2",
        "area": 1312.2,
        "land_use": "Agricultural"
      },
      "geometry": {
        "type": "Polygon",
        "coordinates": [
          [
            [
              73.74507799216708,
              18.593362466142914
            ],
            [
              73.74526566242804,
              18.59338298637587
            ],
            [
              73.74544825766505,
              18.593364823018618
            ],
            [
              73.74546046768245,
              18.593525341389466
            ],
            [
              73.74543470118986,
              18.59367474670719
            ],
            [
              73.745075085685,
              18.593669985364485
            ],
            [
              73.74507799216708,
              18.593362466142914
            ]
          ]
        ]
      }
    },
    {
      "type": "Feature",
      "id": "P159",
      "properties": {
        "parcel_id": "P159",
        "survey_no": "358",
        "subdivision_no": "3",
        "full_survey": "358/3",
        "area": 1292.8,
        "land_use": "Residential"
      },
      "geometry": {
        "type": "Polygon",
        "coordinates": [
          [
            [
              73.74550975100772,
              18.593364284639375
            ],
            [
              73.74569646741016,
              18.593361085080247
            ],
            [
              73.74586989066862,
              18.59336812897225
            ],
            [
              73.7458655501484,
              18.59351398209192
            ],
            [
              73.74586418160153,
              18.593666005446483
            ],
            [
              73.74551204371687,
              18.5936827196505
            ],
            [
              73.74550975100772,
              18.593364284639375
            ]
          ]
        ]
      }
    },
    {
      "type": "Feature",
      "id": "P160",
      "properties": {
        "parcel_id": "P160",
        "survey_no": "359",
        "subdivision_no": "4",
        "full_survey": "359/4",
        "area": 1332.2,
        "land_use": "Mixed Use"
      },
      "geometry": {
        "type": "Polygon",
        "coordinates": [
          [
            [
              73.74593506153515,
              18.593362613783967
            ],
            [
              73.7461103353946,
              18.593364392245558
            ],
            [
              73.74629083758913,
              18.593366728254647
            ],
            [
              73.74630792329526,
              18.59351410288911
            ],
            [
              73.74629140789864,
              18.593678936892076
            ],
            [
              73.74593696888775,
              18.59367632878165
            ],
            [
              73.74593506153515,
              18.593362613783967
            ]
          ]
        ]
      }
    },
    {
      "type": "Feature",
      "id": "P161",
      "properties": {
        "parcel_id": "P161",
        "survey_no": "360",
        "subdivision_no": "1",
        "full_survey": "360/1",
        "area": 1361.5,
        "land_use": "Mixed Use"
      },
      "geometry": {
        "type": "Polygon",
        "coordinates": [
          [
            [
              73.73782144008233,
              18.593730970853557
            ],
            [
              73.73800578029712,
              18.593700573421863
            ],
            [
              73.7381832585602,
              18.593722861988166
            ],
            [
              73.73817191263113,
              18.593877027390768
            ],
            [
              73.73817953953456,
              18.59403378982727
            ],
            [
              73.73781474757793,
              18.59404254264374
            ],
            [
              73.73782144008233,
              18.593730970853557
            ]
          ]
        ]
      }
    },
    {
      "type": "Feature",
      "id": "P162",
      "properties": {
        "parcel_id": "P162",
        "survey_no": "361",
        "subdivision_no": "2",
        "full_survey": "361/2",
        "area": 1338.4,
        "land_use": "Institutional"
      },
      "geometry": {
        "type": "Polygon",
        "coordinates": [
          [
            [
              73.73825138665266,
              18.59372024114308
            ],
            [
              73.73843008813479,
              18.593723623417723
            ],
            [
              73.73860830050015,
              18.593718833976332
            ],
            [
              73.73862983263848,
              18.59388216546859
            ],
            [
              73.73860635621182,
              18.594031190684976
            ],
            [
              73.73825359523185,
              18.594036558577567
            ],
            [
              73.73825138665266,
              18.59372024114308
            ]
          ]
        ]
      }
    },
    {
      "type": "Feature",
      "id": "P163",
      "properties": {
        "parcel_id": "P163",
        "survey_no": "362",
        "subdivision_no": "3",
        "full_survey": "362/3",
        "area": 1246.8,
        "land_use": "Institutional"
      },
      "geometry": {
        "type": "Polygon",
        "coordinates": [
          [
            [
              73.73866922232294,
              18.593731956548623
            ],
            [
              73.73885051664831,
              18.593745827571308
            ],
            [
              73.73903315707346,
              18.593721707069985
            ],
            [
              73.73902467439301,
              18.593883861341034
            ],
            [
              73.73903621161661,
              18.594026557907686
            ],
            [
              73.738665158048,
              18.59403394531823
            ],
            [
              73.73866922232294,
              18.593731956548623
            ]
          ]
        ]
      }
    },
    {
      "type": "Feature",
      "id": "P164",
      "properties": {
        "parcel_id": "P164",
        "survey_no": "363",
        "subdivision_no": "4",
        "full_survey": "363/4",
        "area": 1398.8,
        "land_use": "Agricultural"
      },
      "geometry": {
        "type": "Polygon",
        "coordinates": [
          [
            [
              73.73909591551448,
              18.593727261162527
            ],
            [
              73.73928267739717,
              18.593712016732493
            ],
            [
              73.73946308385061,
              18.59372621569272
            ],
            [
              73.73948950538272,
              18.593880621876412
            ],
            [
              73.73946696381115,
              18.594030845672485
            ],
            [
              73.73909473177581,
              18.59403427856894
            ],
            [
              73.73909591551448,
              18.593727261162527
            ]
          ]
        ]
      }
    },
    {
      "type": "Feature",
      "id": "P165",
      "properties": {
        "parcel_id": "P165",
        "survey_no": "364",
        "subdivision_no": "1",
        "full_survey": "364/1",
        "area": 1304.2,
        "land_use": "Institutional"
      },
      "geometry": {
        "type": "Polygon",
        "coordinates": [
          [
            [
              73.7395368531472,
              18.59371889654758
            ],
            [
              73.73970147622133,
              18.5937076737484
            ],
            [
              73.73989691259776,
              18.593725475582524
            ],
            [
              73.7398892206291,
              18.593875177968513
            ],
            [
              73.73988165575817,
              18.59402533302747
            ],
            [
              73.7395263867692,
              18.594027603548792
            ],
            [
              73.7395368531472,
              18.59371889654758
            ]
          ]
        ]
      }
    },
    {
      "type": "Feature",
      "id": "P166",
      "properties": {
        "parcel_id": "P166",
        "survey_no": "365",
        "subdivision_no": "2",
        "full_survey": "365/2",
        "area": 1356.8,
        "land_use": "Commercial"
      },
      "geometry": {
        "type": "Polygon",
        "coordinates": [
          [
            [
              73.73995018018543,
              18.593730807839233
            ],
            [
              73.74013625540815,
              18.593709228238467
            ],
            [
              73.74031852176545,
              18.593729126163282
            ],
            [
              73.74033027182209,
              18.59388180537368
            ],
            [
              73.74032502362724,
              18.59402608391824
            ],
            [
              73.73995164468796,
              18.594031519008553
            ],
            [
              73.73995018018543,
              18.593730807839233
            ]
          ]
        ]
      }
    },
    {
      "type": "Feature",
      "id": "P167",
      "properties": {
        "parcel_id": "P167",
        "survey_no": "366",
        "subdivision_no": "3",
        "full_survey": "366/3",
        "area": 1341.4,
        "land_use": "Institutional"
      },
      "geometry": {
        "type": "Polygon",
        "coordinates": [
          [
            [
              73.74037886801666,
              18.593728091153828
            ],
            [
              73.74055776805773,
              18.59370986659366
            ],
            [
              73.74074500817007,
              18.593722809776576
            ],
            [
              73.74073621341086,
              18.593873414144284
            ],
            [
              73.74073594375932,
              18.59402925665252
            ],
            [
              73.74039096255491,
              18.594053713164932
            ],
            [
              73.74037886801666,
              18.593728091153828
            ]
          ]
        ]
      }
    },
    {
      "type": "Feature",
      "id": "P168",
      "properties": {
        "parcel_id": "P168",
        "survey_no": "367",
        "subdivision_no": "4",
        "full_survey": "367/4",
        "area": 1353.2,
        "land_use": "Agricultural"
      },
      "geometry": {
        "type": "Polygon",
        "coordinates": [
          [
            [
              73.74081167853808,
              18.59371923400023
            ],
            [
              73.74098356949848,
              18.59369459821427
            ],
            [
              73.74117328101673,
              18.59373402385752
            ],
            [
              73.74117249846647,
              18.59387530279036
            ],
            [
              73.74116754621254,
              18.59403937093066
            ],
            [
              73.74081041007263,
              18.59402349043368
            ],
            [
              73.74081167853808,
              18.59371923400023
            ]
          ]
        ]
      }
    },
    {
      "type": "Feature",
      "id": "P169",
      "properties": {
        "parcel_id": "P169",
        "survey_no": "368",
        "subdivision_no": "1",
        "full_survey": "368/1",
        "area": 1256.4,
        "land_use": "Agricultural"
      },
      "geometry": {
        "type": "Polygon",
        "coordinates": [
          [
            [
              73.74124176553883,
              18.593733045725394
            ],
            [
              73.74141211551303,
              18.593738254137524
            ],
            [
              73.74159330053057,
              18.59372251835374
            ],
            [
              73.74159665067894,
              18.59387529173665
            ],
            [
              73.7416041246876,
              18.594037548890828
            ],
            [
              73.74123472843948,
              18.594025253385496
            ],
            [
              73.74124176553883,
              18.593733045725394
            ]
          ]
        ]
      }
    },
    {
      "type": "Feature",
      "id": "P170",
      "properties": {
        "parcel_id": "P170",
        "survey_no": "369",
        "subdivision_no": "2",
        "full_survey": "369/2",
        "area": 1318.9,
        "land_use": "Agricultural"
      },
      "geometry": {
        "type": "Polygon",
        "coordinates": [
          [
            [
              73.74167169946602,
              18.593732105167916
            ],
            [
              73.74184475141304,
              18.59372394581073
            ],
            [
              73.74203279998241,
              18.59372310285347
            ],
            [
              73.74201999237144,
              18.593880606794087
            ],
            [
              73.74201725387637,
              18.59403698191095
            ],
            [
              73.74166414737046,
              18.594050497182202
            ],
            [
              73.74167169946602,
              18.593732105167916
            ]
          ]
        ]
      }
    },
    {
      "type": "Feature",
      "id": "P171",
      "properties": {
        "parcel_id": "P171",
        "survey_no": "370",
        "subdivision_no": "3",
        "full_survey": "370/3",
        "area": 1253.5,
        "land_use": "Residential"
      },
      "geometry": {
        "type": "Polygon",
        "coordinates": [
          [
            [
              73.74208925505872,
              18.59373199920851
            ],
            [
              73.7422664871867,
              18.59371050420291
            ],
            [
              73.74244834974166,
              18.593733478195162
            ],
            [
              73.74244510026112,
              18.593874598876805
            ],
            [
              73.74245113721969,
              18.59403116634629
            ],
            [
              73.74209630053763,
              18.594015969826064
            ],
            [
              73.74208925505872,
              18.59373199920851
            ]
          ]
        ]
      }
    },
    {
      "type": "Feature",
      "id": "P172",
      "properties": {
        "parcel_id": "P172",
        "survey_no": "371",
        "subdivision_no": "4",
        "full_survey": "371/4",
        "area": 1286.4,
        "land_use": "Institutional"
      },
      "geometry": {
        "type": "Polygon",
        "coordinates": [
          [
            [
              73.74252724654598,
              18.593721103252435
            ],
            [
              73.74270485693422,
              18.593720067618214
            ],
            [
              73.74287971490423,
              18.593734044718598
            ],
            [
              73.74288150102018,
              18.593879694202823
            ],
            [
              73.74288370060012,
              18.594036768717043
            ],
            [
              73.74251535752916,
              18.594020607392405
            ],
            [
              73.74252724654598,
              18.593721103252435
            ]
          ]
        ]
      }
    },
    {
      "type": "Feature",
      "id": "P173",
      "properties": {
        "parcel_id": "P173",
        "survey_no": "372",
        "subdivision_no": "1",
        "full_survey": "372/1",
        "area": 1292.1,
        "land_use": "Agricultural"
      },
      "geometry": {
        "type": "Polygon",
        "coordinates": [
          [
            [
              73.74295176954908,
              18.59372407992832
            ],
            [
              73.74312496470687,
              18.593730495395135
            ],
            [
              73.7433101745367,
              18.593728079109347
            ],
            [
              73.74330301668056,
              18.59388172653854
            ],
            [
              73.74330762853279,
              18.594039736948638
            ],
            [
              73.74294229231613,
              18.594031797675132
            ],
            [
              73.74295176954908,
              18.59372407992832
            ]
          ]
        ]
      }
    },
    {
      "type": "Feature",
      "id": "P174",
      "properties": {
        "parcel_id": "P174",
        "survey_no": "373",
        "subdivision_no": "2",
        "full_survey": "373/2",
        "area": 1332.6,
        "land_use": "Industrial"
      },
      "geometry": {
        "type": "Polygon",
        "coordinates": [
          [
            [
              73.74337468273839,
              18.593731801246278
            ],
            [
              73.74354603733727,
              18.59370295005587
            ],
            [
              73.74372924584435,
              18.593723662901155
            ],
            [
              73.74372420963145,
              18.59387587707394
            ],
            [
              73.7437367572944,
              18.59402890476472
            ],
            [
              73.74337239663171,
              18.594042678743392
            ],
            [
              73.74337468273839,
              18.593731801246278
            ]
          ]
        ]
      }
    },
    {
      "type": "Feature",
      "id": "P175",
      "properties": {
        "parcel_id": "P175",
        "survey_no": "374",
        "subdivision_no": "3",
        "full_survey": "374/3",
        "area": 1280.4,
        "land_use": "Industrial"
      },
      "geometry": {
        "type": "Polygon",
        "coordinates": [
          [
            [
              73.7437934427059,
              18.593719791448706
            ],
            [
              73.74398781319599,
              18.593713676301427
            ],
            [
              73.74415281787245,
              18.593724888714693
            ],
            [
              73.74415019439257,
              18.593873059043627
            ],
            [
              73.74415707638856,
              18.594027130715197
            ],
            [
              73.74380339643139,
              18.594026311666337
            ],
            [
              73.7437934427059,
              18.593719791448706
            ]
          ]
        ]
      }
    },
    {
      "type": "Feature",
      "id": "P176",
      "properties": {
        "parcel_id": "P176",
        "survey_no": "375",
        "subdivision_no": "4",
        "full_survey": "375/4",
        "area": 1330.3,
        "land_use": "Agricultural"
      },
      "geometry": {
        "type": "Polygon",
        "coordinates": [
          [
            [
              73.74423566051728,
              18.59372720671022
            ],
            [
              73.74440161368696,
              18.593712437856787
            ],
            [
              73.74458928294098,
              18.593727853553563
            ],
            [
              73.74458654460064,
              18.59388324164636
            ],
            [
              73.74459537985636,
              18.59403140933028
            ],
            [
              73.74423033805984,
              18.594046270490573
            ],
            [
              73.74423566051728,
              18.59372720671022
            ]
          ]
        ]
      }
    },
    {
      "type": "Feature",
      "id": "P177",
      "properties": {
        "parcel_id": "P177",
        "survey_no": "376",
        "subdivision_no": "1",
        "full_survey": "376/1",
        "area": 1324.1,
        "land_use": "Institutional"
      },
      "geometry": {
        "type": "Polygon",
        "coordinates": [
          [
            [
              73.74465447403283,
              18.593718942843577
            ],
            [
              73.74484302205248,
              18.593714612802273
            ],
            [
              73.74501537364432,
              18.593718955318106
            ],
            [
              73.7450277455971,
              18.593876266385823
            ],
            [
              73.74501093900042,
              18.59402486589778
            ],
            [
              73.7446527504395,
              18.594025434766614
            ],
            [
              73.74465447403283,
              18.593718942843577
            ]
          ]
        ]
      }
    },
    {
      "type": "Feature",
      "id": "P178",
      "properties": {
        "parcel_id": "P178",
        "survey_no": "377",
        "subdivision_no": "2",
        "full_survey": "377/2",
        "area": 1315.4,
        "land_use": "Commercial"
      },
      "geometry": {
        "type": "Polygon",
        "coordinates": [
          [
            [
              73.74508574065457,
              18.59372297433568
            ],
            [
              73.74526529935143,
              18.593721706343107
            ],
            [
              73.74543883037391,
              18.59372169146112
            ],
            [
              73.74544660713153,
              18.59387387548748
            ],
            [
              73.74543597198854,
              18.59403172086336
            ],
            [
              73.74508139068682,
              18.59403954559198
            ],
            [
              73.74508574065457,
              18.59372297433568
            ]
          ]
        ]
      }
    },
    {
      "type": "Feature",
      "id": "P179",
      "properties": {
        "parcel_id": "P179",
        "survey_no": "378",
        "subdivision_no": "3",
        "full_survey": "378/3",
        "area": 1333.2,
        "land_use": "Mixed Use"
      },
      "geometry": {
        "type": "Polygon",
        "coordinates": [
          [
            [
              73.74550933988415,
              18.593724045855453
            ],
            [
              73.74568643577228,
              18.593716328061536
            ],
            [
              73.74587919557135,
              18.593725908595015
            ],
            [
              73.74586532366429,
              18.59387683736192
            ],
            [
              73.74587641021284,
              18.594039312776914
            ],
            [
              73.74550144756682,
              18.594024047725927
            ],
            [
              73.74550933988415,
              18.593724045855453
            ]
          ]
        ]
      }
    },
    {
      "type": "Feature",
      "id": "P180",
      "properties": {
        "parcel_id": "P180",
        "survey_no": "379",
        "subdivision_no": "4",
        "full_survey": "379/4",
        "area": 1305.6,
        "land_use": "Commercial"
      },
      "geometry": {
        "type": "Polygon",
        "coordinates": [
          [
            [
              73.74594558909695,
              18.59372186247004
            ],
            [
              73.7461212922844,
              18.593720936887042
            ],
            [
              73.74630042082505,
              18.59372200423119
            ],
            [
              73.74631346323538,
              18.59388648923316
            ],
            [
              73.74630529479397,
              18.594027181762403
            ],
            [
              73.74594078563868,
              18.594027047158814
            ],
            [
              73.74594558909695,
              18.59372186247004
            ]
          ]
        ]
      }
    },
    {
      "type": "Feature",
      "id": "P181",
      "properties": {
        "parcel_id": "P181",
        "survey_no": "380",
        "subdivision_no": "1",
        "full_survey": "380/1",
        "area": 1276.0,
        "land_use": "Commercial"
      },
      "geometry": {
        "type": "Polygon",
        "coordinates": [
          [
            [
              73.73781558248403,
              18.59408057515171
            ],
            [
              73.73800521554182,
              18.594068402628793
            ],
            [
              73.73817211736441,
              18.594090729688258
            ],
            [
              73.73817326875897,
              18.594240835061814
            ],
            [
              73.73817805913873,
              18.594386053513695
            ],
            [
              73.73781344676999,
              18.594374110235215
            ],
            [
              73.73781558248403,
              18.59408057515171
            ]
          ]
        ]
      }
    },
    {
      "type": "Feature",
      "id": "P182",
      "properties": {
        "parcel_id": "P182",
        "survey_no": "381",
        "subdivision_no": "2",
        "full_survey": "381/2",
        "area": 1282.5,
        "land_use": "Commercial"
      },
      "geometry": {
        "type": "Polygon",
        "coordinates": [
          [
            [
              73.73824944330212,
              18.594084057789846
            ],
            [
              73.73843428019916,
              18.594086008304508
            ],
            [
              73.73859895808228,
              18.594084523601616
            ],
            [
              73.73860468032791,
              18.594235549705196
            ],
            [
              73.7385992852121,
              18.594395493993133
            ],
            [
              73.73824789887709,
              18.59439508714292
            ],
            [
              73.73824944330212,
              18.594084057789846
            ]
          ]
        ]
      }
    },
    {
      "type": "Feature",
      "id": "P183",
      "properties": {
        "parcel_id": "P183",
        "survey_no": "382",
        "subdivision_no": "3",
        "full_survey": "382/3",
        "area": 1207.8,
        "land_use": "Commercial"
      },
      "geometry": {
        "type": "Polygon",
        "coordinates": [
          [
            [
              73.73866977854593,
              18.594084360593342
            ],
            [
              73.73884542010136,
              18.594103402378767
            ],
            [
              73.73903262309555,
              18.594081582989503
            ],
            [
              73.73901302338636,
              18.594244821718405
            ],
            [
              73.73903978364824,
              18.594388337456614
            ],
            [
              73.73867803366075,
              18.594387400250373
            ],
            [
              73.73866977854593,
              18.594084360593342
            ]
          ]
        ]
      }
    },
    {
      "type": "Feature",
      "id": "P184",
      "properties": {
        "parcel_id": "P184",
        "survey_no": "383",
        "subdivision_no": "4",
        "full_survey": "383/4",
        "area": 1238.8,
        "land_use": "Residential"
      },
      "geometry": {
        "type": "Polygon",
        "coordinates": [
          [
            [
              73.73910915723071,
              18.59408147750924
            ],
            [
              73.73927318425895,
              18.594094048275515
            ],
            [
              73.73945645533989,
              18.59407923157943
            ],
            [
              73.73947060862915,
              18.594237659200022
            ],
            [
              73.73946183591423,
              18.594394229612575
            ],
            [
              73.73910288909101,
              18.59436901481172
            ],
            [
              73.73910915723071,
              18.59408147750924
            ]
          ]
        ]
      }
    },
    {
      "type": "Feature",
      "id": "P185",
      "properties": {
        "parcel_id": "P185",
        "survey_no": "384",
        "subdivision_no": "1",
        "full_survey": "384/1",
        "area": 1324.9,
        "land_use": "Industrial"
      },
      "geometry": {
        "type": "Polygon",
        "coordinates": [
          [
            [
              73.7395269572568,
              18.594084390513405
            ],
            [
              73.73971261182211,
              18.59410660962479
            ],
            [
              73.73988500676215,
              18.594079366743696
            ],
            [
              73.7398836849394,
              18.594236363632326
            ],
            [
              73.73989725065825,
              18.594399378829298
            ],
            [
              73.73952120616713,
              18.594411551369028
            ],
            [
              73.7395269572568,
              18.594084390513405
            ]
          ]
        ]
      }
    },
    {
      "type": "Feature",
      "id": "P186",
      "properties": {
        "parcel_id": "P186",
        "survey_no": "385",
        "subdivision_no": "2",
        "full_survey": "385/2",
        "area": 1340.1,
        "land_use": "Residential"
      },
      "geometry": {
        "type": "Polygon",
        "coordinates": [
          [
            [
              73.73995933989339,
              18.594085277835994
            ],
            [
              73.74012892399242,
              18.594074387637654
            ],
            [
              73.74031734525316,
              18.594086465154817
            ],
            [
              73.74032219298964,
              18.594239881878515
            ],
            [
              73.74031824625021,
              18.594398964789004
            ],
            [
              73.73996294628958,
              18.59439937982873
            ],
            [
              73.73995933989339,
              18.594085277835994
            ]
          ]
        ]
      }
    },
    {
      "type": "Feature",
      "id": "P187",
      "properties": {
        "parcel_id": "P187",
        "survey_no": "386",
        "subdivision_no": "3",
        "full_survey": "386/3",
        "area": 1333.6,
        "land_use": "Mixed Use"
      },
      "geometry": {
        "type": "Polygon",
        "coordinates": [
          [
            [
              73.74039122656296,
              18.594085590274005
            ],
            [
              73.74056142190824,
              18.59407340164618
            ],
            [
              73.7407523685239,
              18.59408785825271
            ],
            [
              73.7407601573596,
              18.594246911023387
            ],
            [
              73.7407400826542,
              18.59438927894684
            ],
            [
              73.74037788276681,
              18.59438892363815
            ],
            [
              73.74039122656296,
              18.594085590274005
            ]
          ]
        ]
      }
    },
    {
      "type": "Feature",
      "id": "P188",
      "properties": {
        "parcel_id": "P188",
        "survey_no": "387",
        "subdivision_no": "4",
        "full_survey": "387/4",
        "area": 1255.0,
        "land_use": "Residential"
      },
      "geometry": {
        "type": "Polygon",
        "coordinates": [
          [
            [
              73.74081714038819,
              18.59408256693213
            ],
            [
              73.7409860943609,
              18.5940806224896
            ],
            [
              73.74117214147996,
              18.594087449855266
            ],
            [
              73.74115271404962,
              18.594232895758292
            ],
            [
              73.7411677078565,
              18.594392066046968
            ],
            [
              73.74080990090252,
              18.594389978342893
            ],
            [
              73.74081714038819,
              18.59408256693213
            ]
          ]
        ]
      }
    },
    {
      "type": "Feature",
      "id": "P189",
      "properties": {
        "parcel_id": "P189",
        "survey_no": "388",
        "subdivision_no": "1",
        "full_survey": "388/1",
        "area": 1268.5,
        "land_use": "Agricultural"
      },
      "geometry": {
        "type": "Polygon",
        "coordinates": [
          [
            [
              73.74124396029539,
              18.594092049991243
            ],
            [
              73.74141277480079,
              18.59409107311177
            ],
            [
              73.74159992837521,
              18.594078919784348
            ],
            [
              73.74161513040974,
              18.594237565706983
            ],
            [
              73.74159456177584,
              18.594385314704855
            ],
            [
              73.74123804564874,
              18.594383968236993
            ],
            [
              73.74124396029539,
              18.594092049991243
            ]
          ]
        ]
      }
    },
    {
      "type": "Feature",
      "id": "P190",
      "properties": {
        "parcel_id": "P190",
        "survey_no": "389",
        "subdivision_no": "2",
        "full_survey": "389/2",
        "area": 1296.8,
        "land_use": "Commercial"
      },
      "geometry": {
        "type": "Polygon",
        "coordinates": [
          [
            [
              73.74166158325107,
              18.594086024018193
            ],
            [
              73.7418493422291,
              18.594085693133657
            ],
            [
              73.74202101314815,
              18.594084841138148
            ],
            [
              73.74203498914851,
              18.59424239012712
            ],
            [
              73.74203002261896,
              18.594392041408543
            ],
            [
              73.74165909294719,
              18.594378062865864
            ],
            [
              73.74166158325107,
              18.594086024018193
            ]
          ]
        ]
      }
    },
    {
      "type": "Feature",
      "id": "P191",
      "properties": {
        "parcel_id": "P191",
        "survey_no": "390",
        "subdivision_no": "3",
        "full_survey": "390/3",
        "area": 1294.2,
        "land_use": "Residential"
      },
      "geometry": {
        "type": "Polygon",
        "coordinates": [
          [
            [
              73.74208851795932,
              18.59408782940751
            ],
            [
              73.74226354799274,
              18.59407118144775
            ],
            [
              73.7424613053376,
              18.594088171201168
            ],
            [
              73.7424584470566,
              18.594238479291505
            ],
            [
              73.74244612044407,
              18.594385371231816
            ],
            [
              73.74209749060785,
              18.594382279479586
            ],
            [
              73.74208851795932,
              18.59408782940751
            ]
          ]
        ]
      }
    },
    {
      "type": "Feature",
      "id": "P192",
      "properties": {
        "parcel_id": "P192",
        "survey_no": "391",
        "subdivision_no": "4",
        "full_survey": "391/4",
        "area": 1203.7,
        "land_use": "Agricultural"
      },
      "geometry": {
        "type": "Polygon",
        "coordinates": [
          [
            [
              73.74251806370572,
              18.594079092850464
            ],
            [
              73.74269409447196,
              18.59410435332469
            ],
            [
              73.74287437936191,
              18.59408674926742
            ],
            [
              73.74288272813492,
              18.59423910365703
            ],
            [
              73.7428838694934,
              18.594386846930778
            ],
            [
              73.742522549613,
              18.594370974786873
            ],
            [
              73.74251806370572,
              18.594079092850464
            ]
          ]
        ]
      }
    },
    {
      "type": "Feature",
      "id": "P193",
      "properties": {
        "parcel_id": "P193",
        "survey_no": "392",
        "subdivision_no": "1",
        "full_survey": "392/1",
        "area": 1306.4,
        "land_use": "Industrial"
      },
      "geometry": {
        "type": "Polygon",
        "coordinates": [
          [
            [
              73.74294911736249,
              18.594092709020384
            ],
            [
              73.74312403500257,
              18.594055867166535
            ],
            [
              73.74330319224745,
              18.59409225827206
            ],
            [
              73.74328843007876,
              18.59424670269121
            ],
            [
              73.74330708923756,
              18.594395540845063
            ],
            [
              73.74295346251589,
              18.594397870901116
            ],
            [
              73.74294911736249,
              18.594092709020384
            ]
          ]
        ]
      }
    },
    {
      "type": "Feature",
      "id": "P194",
      "properties": {
        "parcel_id": "P194",
        "survey_no": "393",
        "subdivision_no": "2",
        "full_survey": "393/2",
        "area": 1278.2,
        "land_use": "Agricultural"
      },
      "geometry": {
        "type": "Polygon",
        "coordinates": [
          [
            [
              73.74337062678192,
              18.594084128084784
            ],
            [
              73.74355602828449,
              18.59408534687443
            ],
            [
              73.74374277473186,
              18.59408641251298
            ],
            [
              73.74373572601684,
              18.594241287548098
            ],
            [
              73.74374097875403,
              18.594398305215027
            ],
            [
              73.74337906993159,
              18.594372790095374
            ],
            [
              73.74337062678192,
              18.594084128084784
            ]
          ]
        ]
      }
    },
    {
      "type": "Feature",
      "id": "P195",
      "properties": {
        "parcel_id": "P195",
        "survey_no": "394",
        "subdivision_no": "3",
        "full_survey": "394/3",
        "area": 1359.7,
        "land_use": "Institutional"
      },
      "geometry": {
        "type": "Polygon",
        "coordinates": [
          [
            [
              73.74380191851323,
              18.59408526850493
            ],
            [
              73.74397759819445,
              18.59406673781044
            ],
            [
              73.74416044436663,
              18.59408076059013
            ],
            [
              73.7441711946587,
              18.594240602829235
            ],
            [
              73.74416468109479,
              18.594387779478513
            ],
            [
              73.74379407584152,
              18.59439224179596
            ],
            [
              73.74380191851323,
              18.59408526850493
            ]
          ]
        ]
      }
    },
    {
      "type": "Feature",
      "id": "P196",
      "properties": {
        "parcel_id": "P196",
        "survey_no": "395",
        "subdivision_no": "4",
        "full_survey": "395/4",
        "area": 1302.3,
        "land_use": "Residential"
      },
      "geometry": {
        "type": "Polygon",
        "coordinates": [
          [
            [
              73.74422452645365,
              18.594092200691215
            ],
            [
              73.7444122914759,
              18.59408337480496
            ],
            [
              73.74459543105131,
              18.594085078442212
            ],
            [
              73.74460400886232,
              18.59423849144316
            ],
            [
              73.74459639854248,
              18.594398362242327
            ],
            [
              73.74423563152064,
              18.594375137640483
            ],
            [
              73.74422452645365,
              18.594092200691215
            ]
          ]
        ]
      }
    },
    {
      "type": "Feature",
      "id": "P197",
      "properties": {
        "parcel_id": "P197",
        "survey_no": "396",
        "subdivision_no": "1",
        "full_survey": "396/1",
        "area": 1217.9,
        "land_use": "Commercial"
      },
      "geometry": {
        "type": "Polygon",
        "coordinates": [
          [
            [
              73.74466007710981,
              18.594080795994948
            ],
            [
              73.74484165207235,
              18.59409352299259
            ],
            [
              73.74501848520597,
              18.594081559159658
            ],
            [
              73.74499576062722,
              18.594238963239665
            ],
            [
              73.74500972272367,
              18.594388146037716
            ],
            [
              73.74465338077844,
              18.594384368788546
            ],
            [
              73.74466007710981,
              18.594080795994948
            ]
          ]
        ]
      }
    },
    {
      "type": "Feature",
      "id": "P198",
      "properties": {
        "parcel_id": "P198",
        "survey_no": "397",
        "subdivision_no": "2",
        "full_survey": "397/2",
        "area": 1361.3,
        "land_use": "Mixed Use"
      },
      "geometry": {
        "type": "Polygon",
        "coordinates": [
          [
            [
              73.74508147686636,
              18.594082519923475
            ],
            [
              73.74526090549848,
              18.594058368014657
            ],
            [
              73.74544724522251,
              18.594084563453837
            ],
            [
              73.74543924348873,
              18.594241068992474
            ],
            [
              73.7454473739422,
              18.594393768183625
            ],
            [
              73.74508269777137,
              18.59439177906786
            ],
            [
              73.74508147686636,
              18.594082519923475
            ]
          ]
        ]
      }
    },
    {
      "type": "Feature",
      "id": "P199",
      "properties": {
        "parcel_id": "P199",
        "survey_no": "398",
        "subdivision_no": "3",
        "full_survey": "398/3",
        "area": 1243.4,
        "land_use": "Industrial"
      },
      "geometry": {
        "type": "Polygon",
        "coordinates": [
          [
            [
              73.74551779988164,
              18.59408164901209
            ],
            [
              73.74568874420991,
              18.594108503983456
            ],
            [
              73.7458751499188,
              18.594083118506262
            ],
            [
              73.7458599214796,
              18.594236218543045
            ],
            [
              73.74587777182991,
              18.594395238946053
            ],
            [
              73.7455167371497,
              18.594401319983948
            ],
            [
              73.74551779988164,
              18.59408164901209
            ]
          ]
        ]
      }
    },
    {
      "type": "Feature",
      "id": "P200",
      "properties": {
        "parcel_id": "P200",
        "survey_no": "399",
        "subdivision_no": "4",
        "full_survey": "399/4",
        "area": 1273.2,
        "land_use": "Agricultural"
      },
      "geometry": {
        "type": "Polygon",
        "coordinates": [
          [
            [
              73.74594050419924,
              18.594081833825236
            ],
            [
              73.74611623014052,
              18.59408028096641
            ],
            [
              73.74630088457081,
              18.594092621730884
            ],
            [
              73.74629057995544,
              18.594242703779784
            ],
            [
              73.74629063592864,
              18.59438643112053
            ],
            [
              73.74593575597943,
              18.594393487401017
            ],
            [
              73.74594050419924,
              18.594081833825236
            ]
          ]
        ]
      }
    },
    {
      "type": "Feature",
      "id": "P201",
      "properties": {
        "parcel_id": "P201",
        "survey_no": "400",
        "subdivision_no": "1",
        "full_survey": "400/1",
        "area": 1274.4,
        "land_use": "Agricultural"
      },
      "geometry": {
        "type": "Polygon",
        "coordinates": [
          [
            [
              73.73782627387114,
              18.594441410252315
            ],
            [
              73.73800382488787,
              18.594437646809364
            ],
            [
              73.73817694294804,
              18.59445043186308
            ],
            [
              73.73818546753051,
              18.594601226907454
            ],
            [
              73.73817348031788,
              18.59474662663732
            ],
            [
              73.73781426123904,
              18.594741543003185
            ],
            [
              73.73782627387114,
              18.594441410252315
            ]
          ]
        ]
      }
    },
    {
      "type": "Feature",
      "id": "P202",
      "properties": {
        "parcel_id": "P202",
        "survey_no": "401",
        "subdivision_no": "2",
        "full_survey": "401/2",
        "area": 1309.5,
        "land_use": "Mixed Use"
      },
      "geometry": {
        "type": "Polygon",
        "coordinates": [
          [
            [
              73.73823793381649,
              18.594452168644587
            ],
            [
              73.73842321065648,
              18.594445872603977
            ],
            [
              73.73861336617645,
              18.59444185035961
            ],
            [
              73.73859969979094,
              18.594592486375056
            ],
            [
              73.73860486850145,
              18.594746837787604
            ],
            [
              73.73823840025935,
              18.594757100156908
            ],
            [
              73.73823793381649,
              18.594452168644587
            ]
          ]
        ]
      }
    },
    {
      "type": "Feature",
      "id": "P203",
      "properties": {
        "parcel_id": "P203",
        "survey_no": "402",
        "subdivision_no": "3",
        "full_survey": "402/3",
        "area": 1309.0,
        "land_use": "Industrial"
      },
      "geometry": {
        "type": "Polygon",
        "coordinates": [
          [
            [
              73.73867324161318,
              18.59444753057214
            ],
            [
              73.7388622090416,
              18.59443132680054
            ],
            [
              73.7390311845908,
              18.594444312132662
            ],
            [
              73.73904353157492,
              18.59459267915908
            ],
            [
              73.73903349396944,
              18.594753034548628
            ],
            [
              73.73867031036487,
              18.594735061517856
            ],
            [
              73.73867324161318,
              18.59444753057214
            ]
          ]
        ]
      }
    },
    {
      "type": "Feature",
      "id": "P204",
      "properties": {
        "parcel_id": "P204",
        "survey_no": "403",
        "subdivision_no": "4",
        "full_survey": "403/4",
        "area": 1317.5,
        "land_use": "Industrial"
      },
      "geometry": {
        "type": "Polygon",
        "coordinates": [
          [
            [
              73.73910315022742,
              18.594450730986935
            ],
            [
              73.7392853694244,
              18.594439405307007
            ],
            [
              73.73946829146226,
              18.5944426461465
            ],
            [
              73.73944771530616,
              18.594601177823943
            ],
            [
              73.73946972199987,
              18.594754010785888
            ],
            [
              73.73910119526185,
              18.59476383341409
            ],
            [
              73.73910315022742,
              18.594450730986935
            ]
          ]
        ]
      }
    },
    {
      "type": "Feature",
      "id": "P205",
      "properties": {
        "parcel_id": "P205",
        "survey_no": "404",
        "subdivision_no": "1",
        "full_survey": "404/1",
        "area": 1305.4,
        "land_use": "Residential"
      },
      "geometry": {
        "type": "Polygon",
        "coordinates": [
          [
            [
              73.73952693342677,
              18.594439370022325
            ],
            [
              73.73970614012282,
              18.59443582107829
            ],
            [
              73.73988404213762,
              18.59444847366266
            ],
            [
              73.73988154449539,
              18.594595535885514
            ],
            [
              73.73988143562973,
              18.594749207438397
            ],
            [
              73.73952937506186,
              18.59476049756079
            ],
            [
              73.73952693342677,
              18.594439370022325
            ]
          ]
        ]
      }
    },
    {
      "type": "Feature",
      "id": "P206",
      "properties": {
        "parcel_id": "P206",
        "survey_no": "405",
        "subdivision_no": "2",
        "full_survey": "405/2",
        "area": 1282.8,
        "land_use": "Industrial"
      },
      "geometry": {
        "type": "Polygon",
        "coordinates": [
          [
            [
              73.7399491160838,
              18.59444105107163
            ],
            [
              73.74013535477818,
              18.594448350287013
            ],
            [
              73.74032358569588,
              18.59444574853028
            ],
            [
              73.74032114255053,
              18.59460583645949
            ],
            [
              73.74030843556362,
              18.594752584849783
            ],
            [
              73.73995685774038,
              18.594738271763376
            ],
            [
              73.7399491160838,
              18.59444105107163
            ]
          ]
        ]
      }
    },
    {
      "type": "Feature",
      "id": "P207",
      "properties": {
        "parcel_id": "P207",
        "survey_no": "406",
        "subdivision_no": "3",
        "full_survey": "406/3",
        "area": 1288.4,
        "land_use": "Residential"
      },
      "geometry": {
        "type": "Polygon",
        "coordinates": [
          [
            [
              73.74037687413859,
              18.594447939350584
            ],
            [
              73.7405576391539,
              18.594443199103374
            ],
            [
              73.74074874989839,
              18.594443389907433
            ],
            [
              73.74074537364936,
              18.594602502480367
            ],
            [
              73.74073953530838,
              18.594745941741262
            ],
            [
              73.74038970050314,
              18.594751531699515
            ],
            [
              73.74037687413859,
              18.594447939350584
            ]
          ]
        ]
      }
    },
    {
      "type": "Feature",
      "id": "P208",
      "properties": {
        "parcel_id": "P208",
        "survey_no": "407",
        "subdivision_no": "4",
        "full_survey": "407/4",
        "area": 1310.7,
        "land_use": "Institutional"
      },
      "geometry": {
        "type": "Polygon",
        "coordinates": [
          [
            [
              73.74080452444585,
              18.59445280299412
            ],
            [
              73.74099468395102,
              18.594463558680495
            ],
            [
              73.74117584007672,
              18.594440866112
            ],
            [
              73.74117691815107,
              18.594604220309822
            ],
            [
              73.7411787710639,
              18.594754965736005
            ],
            [
              73.74080348736635,
              18.594755699703
            ],
            [
              73.74080452444585,
              18.59445280299412
            ]
          ]
        ]
      }
    },
    {
      "type": "Feature",
      "id": "P209",
      "properties": {
        "parcel_id": "P209",
        "survey_no": "408",
        "subdivision_no": "1",
        "full_survey": "408/1",
        "area": 1324.9,
        "land_use": "Mixed Use"
      },
      "geometry": {
        "type": "Polygon",
        "coordinates": [
          [
            [
              73.74124175468845,
              18.59443901800901
            ],
            [
              73.741422366917,
              18.59442643758731
            ],
            [
              73.74159284930056,
              18.594441742024944
            ],
            [
              73.74157916122924,
              18.594599786281837
            ],
            [
              73.74160300357212,
              18.594754880176144
            ],
            [
              73.74123322456401,
              18.594756603815206
            ],
            [
              73.74124175468845,
              18.59443901800901
            ]
          ]
        ]
      }
    },
    {
      "type": "Feature",
      "id": "P210",
      "properties": {
        "parcel_id": "P210",
        "survey_no": "409",
        "subdivision_no": "2",
        "full_survey": "409/2",
        "area": 1279.5,
        "land_use": "Agricultural"
      },
      "geometry": {
        "type": "Polygon",
        "coordinates": [
          [
            [
              73.7416716136658,
              18.59444694333295
            ],
            [
              73.7418368133163,
              18.594431285436528
            ],
            [
              73.74203257064114,
              18.59443944595386
            ],
            [
              73.74201071331791,
              18.594592961433012
            ],
            [
              73.74202334650683,
              18.594755393444604
            ],
            [
              73.74167159621938,
              18.594747453931635
            ],
            [
              73.7416716136658,
              18.59444694333295
            ]
          ]
        ]
      }
    },
    {
      "type": "Feature",
      "id": "P211",
      "properties": {
        "parcel_id": "P211",
        "survey_no": "410",
        "subdivision_no": "3",
        "full_survey": "410/3",
        "area": 1311.0,
        "land_use": "Mixed Use"
      },
      "geometry": {
        "type": "Polygon",
        "coordinates": [
          [
            [
              73.74209533377282,
              18.59444016196002
            ],
            [
              73.7422687101618,
              18.594440982760972
            ],
            [
              73.74245731610776,
              18.59444587206573
            ],
            [
              73.74244512134761,
              18.594593842572007
            ],
            [
              73.74245964673517,
              18.59474856142757
            ],
            [
              73.74208928837504,
              18.594758301225824
            ],
            [
              73.74209533377282,
              18.59444016196002
            ]
          ]
        ]
      }
    },
    {
      "type": "Feature",
      "id": "P212",
      "properties": {
        "parcel_id": "P212",
        "survey_no": "411",
        "subdivision_no": "4",
        "full_survey": "411/4",
        "area": 1281.5,
        "land_use": "Commercial"
      },
      "geometry": {
        "type": "Polygon",
        "coordinates": [
          [
            [
              73.74251910788443,
              18.594444879904383
            ],
            [
              73.7427032083569,
              18.594445607997958
            ],
            [
              73.74288073498323,
              18.594439759052406
            ],
            [
              73.74287040403682,
              18.59459869559163
            ],
            [
              73.74288135523562,
              18.594748263480778
            ],
            [
              73.74251434121851,
              18.594749734417423
            ],
            [
              73.74251910788443,
              18.594444879904383
            ]
          ]
        ]
      }
    },
    {
      "type": "Feature",
      "id": "P213",
      "properties": {
        "parcel_id": "P213",
        "survey_no": "412",
        "subdivision_no": "1",
        "full_survey": "412/1",
        "area": 1262.3,
        "land_use": "Industrial"
      },
      "geometry": {
        "type": "Polygon",
        "coordinates": [
          [
            [
              73.74295394937998,
              18.59444745748308
            ],
            [
              73.74312631519241,
              18.594455104050905
            ],
            [
              73.74330626613471,
              18.59444716530149
            ],
            [
              73.74331891892011,
              18.594594338994906
            ],
            [
              73.74331515836052,
              18.59474567878365
            ],
            [
              73.74293912010003,
              18.594741873953986
            ],
            [
              73.74295394937998,
              18.59444745748308
            ]
          ]
        ]
      }
    },
    {
      "type": "Feature",
      "id": "P214",
      "properties": {
        "parcel_id": "P214",
        "survey_no": "413",
        "subdivision_no": "2",
        "full_survey": "413/2",
        "area": 1358.4,
        "land_use": "Industrial"
      },
      "geometry": {
        "type": "Polygon",
        "coordinates": [
          [
            [
              73.74337254230625,
              18.59444313325194
            ],
            [
              73.7435558540601,
              18.59442707518128
            ],
            [
              73.7437288389772,
              18.594452096098408
            ],
            [
              73.74374029826238,
              18.594603795177953
            ],
            [
              73.7437373870805,
              18.594758664309357
            ],
            [
              73.7433812672677,
              18.59476138463572
            ],
            [
              73.74337254230625,
              18.59444313325194
            ]
          ]
        ]
      }
    },
    {
      "type": "Feature",
      "id": "P215",
      "properties": {
        "parcel_id": "P215",
        "survey_no": "414",
        "subdivision_no": "3",
        "full_survey": "414/3",
        "area": 1317.7,
        "land_use": "Institutional"
      },
      "geometry": {
        "type": "Polygon",
        "coordinates": [
          [
            [
              73.74380923824444,
              18.594440352183028
            ],
            [
              73.74397705392805,
              18.59441360070509
            ],
            [
              73.74416012953911,
              18.59444770186148
            ],
            [
              73.74414466462663,
              18.594602532059195
            ],
            [
              73.74415966627491,
              18.594751271095408
            ],
            [
              73.74379539452684,
              18.59474942731397
            ],
            [
              73.74380923824444,
              18.594440352183028
            ]
          ]
        ]
      }
    },
    {
      "type": "Feature",
      "id": "P216",
      "properties": {
        "parcel_id": "P216",
        "survey_no": "415",
        "subdivision_no": "4",
        "full_survey": "415/4",
        "area": 1271.7,
        "land_use": "Residential"
      },
      "geometry": {
        "type": "Polygon",
        "coordinates": [
          [
            [
              73.74422757672734,
              18.594445354862774
            ],
            [
              73.74441703793043,
              18.594454737752148
            ],
            [
              73.74459114003723,
              18.594445035466915
            ],
            [
              73.74456939037633,
              18.594603712295246
            ],
            [
              73.74459045796377,
              18.594751125990005
            ],
            [
              73.74422204082948,
              18.59476037315921
            ],
            [
              73.74422757672734,
              18.594445354862774
            ]
          ]
        ]
      }
    },
    {
      "type": "Feature",
      "id": "P217",
      "properties": {
        "parcel_id": "P217",
        "survey_no": "416",
        "subdivision_no": "1",
        "full_survey": "416/1",
        "area": 1317.6,
        "land_use": "Institutional"
      },
      "geometry": {
        "type": "Polygon",
        "coordinates": [
          [
            [
              73.74464661427622,
              18.594439253349744
            ],
            [
              73.7448351066637,
              18.594450194846598
            ],
            [
              73.74501723518476,
              18.594453385824586
            ],
            [
              73.74502441110123,
              18.59460281370465
            ],
            [
              73.74501626365124,
              18.594757759477456
            ],
            [
              73.74465954960921,
              18.594751636432264
            ],
            [
              73.74464661427622,
              18.594439253349744
            ]
          ]
        ]
      }
    },
    {
      "type": "Feature",
      "id": "P218",
      "properties": {
        "parcel_id": "P218",
        "survey_no": "417",
        "subdivision_no": "2",
        "full_survey": "417/2",
        "area": 1302.6,
        "land_use": "Institutional"
      },
      "geometry": {
        "type": "Polygon",
        "coordinates": [
          [
            [
              73.74507942057004,
              18.594450583253
            ],
            [
              73.74526205995986,
              18.594428605432363
            ],
            [
              73.74544244535277,
              18.59444989928487
            ],
            [
              73.7454344554053,
              18.594606338068182
            ],
            [
              73.74544837965101,
              18.59474903801576
            ],
            [
              73.74507386093485,
              18.594742634086163
            ],
            [
              73.74507942057004,
              18.594450583253
            ]
          ]
        ]
      }
    },
    {
      "type": "Feature",
      "id": "P219",
      "properties": {
        "parcel_id": "P219",
        "survey_no": "418",
        "subdivision_no": "3",
        "full_survey": "418/3",
        "area": 1255.7,
        "land_use": "Industrial"
      },
      "geometry": {
        "type": "Polygon",
        "coordinates": [
          [
            [
              73.74550955663739,
              18.59445169868104
            ],
            [
              73.74568582739256,
              18.594430609291567
            ],
            [
              73.74586626256196,
              18.59445179678262
            ],
            [
              73.74585335504813,
              18.59459335043286
            ],
            [
              73.74586434408724,
              18.59475366629981
            ],
            [
              73.74550316292027,
              18.594736419766168
            ],
            [
              73.74550955663739,
              18.59445169868104
            ]
          ]
        ]
      }
    },
    {
      "type": "Feature",
      "id": "P220",
      "properties": {
        "parcel_id": "P220",
        "survey_no": "419",
        "subdivision_no": "4",
        "full_survey": "419/4",
        "area": 1318.3,
        "land_use": "Commercial"
      },
      "geometry": {
        "type": "Polygon",
        "coordinates": [
          [
            [
              73.74594122800369,
              18.594444990989533
            ],
            [
              73.74611494013936,
              18.594439982596803
            ],
            [
              73.74630150293947,
              18.594441233059534
            ],
            [
              73.74631104626948,
              18.594604521576723
            ],
            [
              73.74628938737466,
              18.59474865845227
            ],
            [
              73.74594243238799,
              18.5947575691666
            ],
            [
              73.74594122800369,
              18.594444990989533
            ]
          ]
        ]
      }
    },
    {
      "type": "Feature",
      "id": "P221",
      "properties": {
        "parcel_id": "P221",
        "survey_no": "420",
        "subdivision_no": "1",
        "full_survey": "420/1",
        "area": 1256.1,
        "land_use": "Agricultural"
      },
      "geometry": {
        "type": "Polygon",
        "coordinates": [
          [
            [
              73.73782732735548,
              18.59480546899061
            ],
            [
              73.73800321964325,
              18.59482478146647
            ],
            [
              73.73818367753624,
              18.59479923083069
            ],
            [
              73.73820197458632,
              18.594961323991285
            ],
            [
              73.73818860742227,
              18.59511114827775
            ],
            [
              73.73782716175852,
              18.595100104035797
            ],
            [
              73.73782732735548,
              18.59480546899061
            ]
          ]
        ]
      }
    },
    {
      "type": "Feature",
      "id": "P222",
      "properties": {
        "parcel_id": "P222",
        "survey_no": "421",
        "subdivision_no": "2",
        "full_survey": "421/2",
        "area": 1400.1,
        "land_use": "Commercial"
      },
      "geometry": {
        "type": "Polygon",
        "coordinates": [
          [
            [
              73.7382434659777,
              18.594798765195936
            ],
            [
              73.73841834697983,
              18.594794246051357
            ],
            [
              73.73860599097969,
              18.594806638348473
            ],
            [
              73.73861768664018,
              18.59495695046261
            ],
            [
              73.73861165490919,
              18.595108396505108
            ],
            [
              73.7382384292944,
              18.59513177041254
            ],
            [
              73.7382434659777,
              18.594798765195936
            ]
          ]
        ]
      }
    },
    {
      "type": "Feature",
      "id": "P223",
      "properties": {
        "parcel_id": "P223",
        "survey_no": "422",
        "subdivision_no": "3",
        "full_survey": "422/3",
        "area": 1317.5,
        "land_use": "Institutional"
      },
      "geometry": {
        "type": "Polygon",
        "coordinates": [
          [
            [
              73.73867523896563,
              18.594813398108887
            ],
            [
              73.73886156909016,
              18.594821396578705
            ],
            [
              73.73903035559236,
              18.59480574640088
            ],
            [
              73.73904861170122,
              18.594961344739463
            ],
            [
              73.73904242942376,
              18.595108771089546
            ],
            [
              73.7386727301593,
              18.595132755896415
            ],
            [
              73.73867523896563,
              18.594813398108887
            ]
          ]
        ]
      }
    },
    {
      "type": "Feature",
      "id": "P224",
      "properties": {
        "parcel_id": "P224",
        "survey_no": "423",
        "subdivision_no": "4",
        "full_survey": "423/4",
        "area": 1300.2,
        "land_use": "Agricultural"
      },
      "geometry": {
        "type": "Polygon",
        "coordinates": [
          [
            [
              73.73909586095806,
              18.594804609511016
            ],
            [
              73.73928426329694,
              18.594810253253996
            ],
            [
              73.73946275084111,
              18.594805200267608
            ],
            [
              73.73944772175996,
              18.594953198619404
            ],
            [
              73.73946096418068,
              18.595108505116045
            ],
            [
              73.73909287012872,
              18.595122876148583
            ],
            [
              73.73909586095806,
              18.594804609511016
            ]
          ]
        ]
      }
    },
    {
      "type": "Feature",
      "id": "P225",
      "properties": {
        "parcel_id": "P225",
        "survey_no": "424",
        "subdivision_no": "1",
        "full_survey": "424/1",
        "area": 1354.9,
        "land_use": "Commercial"
      },
      "geometry": {
        "type": "Polygon",
        "coordinates": [
          [
            [
              73.73952875075996,
              18.59481298119797
            ],
            [
              73.73970868399488,
              18.594791773925177
            ],
            [
              73.739895436871,
              18.594810549373186
            ],
            [
              73.73990974377986,
              18.594959835663673
            ],
            [
              73.7398802716685,
              18.59511913896003
            ],
            [
              73.73953420890906,
              18.595114603938686
            ],
            [
              73.73952875075996,
              18.59481298119797
            ]
          ]
        ]
      }
    },
    {
      "type": "Feature",
      "id": "P226",
      "properties": {
        "parcel_id": "P226",
        "survey_no": "425",
        "subdivision_no": "2",
        "full_survey": "425/2",
        "area": 1353.3,
        "land_use": "Institutional"
      },
      "geometry": {
        "type": "Polygon",
        "coordinates": [
          [
            [
              73.7399603843349,
              18.594803038880332
            ],
            [
              73.7401307100689,
              18.594786688807506
            ],
            [
              73.74032487692621,
              18.594808710629483
            ],
            [
              73.74030674249441,
              18.59495754074766
            ],
            [
              73.74030935090921,
              18.595115080472446
            ],
            [
              73.73995544286505,
              18.595130364490565
            ],
            [
              73.7399603843349,
              18.594803038880332
            ]
          ]
        ]
      }
    },
    {
      "type": "Feature",
      "id": "P227",
      "properties": {
        "parcel_id": "P227",
        "survey_no": "426",
        "subdivision_no": "3",
        "full_survey": "426/3",
        "area": 1327.5,
        "land_use": "Industrial"
      },
      "geometry": {
        "type": "Polygon",
        "coordinates": [
          [
            [
              73.74038198495262,
              18.594813836644917
            ],
            [
              73.7405549274065,
              18.594803612143583
            ],
            [
              73.74074884792697,
              18.59479925831814
            ],
            [
              73.74073805877093,
              18.59496391957831
            ],
            [
              73.7407466750454,
              18.59511155494046
            ],
            [
              73.74038611148906,
              18.59512994737688
            ],
            [
              73.74038198495262,
              18.594813836644917
            ]
          ]
        ]
      }
    },
    {
      "type": "Feature",
      "id": "P228",
      "properties": {
        "parcel_id": "P228",
        "survey_no": "427",
        "subdivision_no": "4",
        "full_survey": "427/4",
        "area": 1215.4,
        "land_use": "Residential"
      },
      "geometry": {
        "type": "Polygon",
        "coordinates": [
          [
            [
              73.74081250530335,
              18.594812441998492
            ],
            [
              73.74099627666287,
              18.59480716955728
            ],
            [
              73.74117287632043,
              18.594811381760916
            ],
            [
              73.74116865484768,
              18.59496407815748
            ],
            [
              73.74116391065887,
              18.59511364461748
            ],
            [
              73.74081219806538,
              18.59508802922994
            ],
            [
              73.74081250530335,
              18.594812441998492
            ]
          ]
        ]
      }
    },
    {
      "type": "Feature",
      "id": "P229",
      "properties": {
        "parcel_id": "P229",
        "survey_no": "428",
        "subdivision_no": "1",
        "full_survey": "428/1",
        "area": 1397.1,
        "land_use": "Agricultural"
      },
      "geometry": {
        "type": "Polygon",
        "coordinates": [
          [
            [
              73.74123900446187,
              18.594803735582804
            ],
            [
              73.74141086328693,
              18.594781128523117
            ],
            [
              73.74159655263384,
              18.59480925461653
            ],
            [
              73.74161017681953,
              18.594958283515922
            ],
            [
              73.74160576135586,
              18.59510516582274
            ],
            [
              73.74123010966764,
              18.595127015749487
            ],
            [
              73.74123900446187,
              18.594803735582804
            ]
          ]
        ]
      }
    },
    {
      "type": "Feature",
      "id": "P230",
      "properties": {
        "parcel_id": "P230",
        "survey_no": "429",
        "subdivision_no": "2",
        "full_survey": "429/2",
        "area": 1311.0,
        "land_use": "Agricultural"
      },
      "geometry": {
        "type": "Polygon",
        "coordinates": [
          [
            [
              73.74166800816754,
              18.594801757016004
            ],
            [
              73.74184743942479,
              18.594805875183354
            ],
            [
              73.74202370933098,
              18.59481295333506
            ],
            [
              73.74203896377797,
              18.594952148809696
            ],
            [
              73.7420195239854,
              18.595112190029866
            ],
            [
              73.74167266085439,
              18.59512394772789
            ],
            [
              73.74166800816754,
              18.594801757016004
            ]
          ]
        ]
      }
    },
    {
      "type": "Feature",
      "id": "P231",
      "properties": {
        "parcel_id": "P231",
        "survey_no": "430",
        "subdivision_no": "3",
        "full_survey": "430/3",
        "area": 1323.9,
        "land_use": "Institutional"
      },
      "geometry": {
        "type": "Polygon",
        "coordinates": [
          [
            [
              73.74208648635863,
              18.59479941518094
            ],
            [
              73.74226514384563,
              18.594796047579283
            ],
            [
              73.74245871022329,
              18.594812546354902
            ],
            [
              73.74245110542314,
              18.594954017159708
            ],
            [
              73.74246013325617,
              18.595105369712083
            ],
            [
              73.74208930179024,
              18.59511230116325
            ],
            [
              73.74208648635863,
              18.59479941518094
            ]
          ]
        ]
      }
    },
    {
      "type": "Feature",
      "id": "P232",
      "properties": {
        "parcel_id": "P232",
        "survey_no": "431",
        "subdivision_no": "4",
        "full_survey": "431/4",
        "area": 1303.6,
        "land_use": "Residential"
      },
      "geometry": {
        "type": "Polygon",
        "coordinates": [
          [
            [
              73.74252295813224,
              18.594807670014394
            ],
            [
              73.74269620423283,
              18.594797816672664
            ],
            [
              73.74288291220421,
              18.594803585385165
            ],
            [
              73.74287017454901,
              18.594956562160746
            ],
            [
              73.74287247208628,
              18.595115828576244
            ],
            [
              73.74252563645531,
              18.59512450782382
            ],
            [
              73.74252295813224,
              18.594807670014394
            ]
          ]
        ]
      }
    },
    {
      "type": "Feature",
      "id": "P233",
      "properties": {
        "parcel_id": "P233",
        "survey_no": "432",
        "subdivision_no": "1",
        "full_survey": "432/1",
        "area": 1265.7,
        "land_use": "Commercial"
      },
      "geometry": {
        "type": "Polygon",
        "coordinates": [
          [
            [
              73.74294202329551,
              18.594803741512067
            ],
            [
              73.74311811633022,
              18.594804704463893
            ],
            [
              73.74330297775136,
              18.594800303022282
            ],
            [
              73.7432946991884,
              18.594957970885414
            ],
            [
              73.74331163116311,
              18.595107906350542
            ],
            [
              73.74294248266597,
              18.59510185188599
            ],
            [
              73.74294202329551,
              18.594803741512067
            ]
          ]
        ]
      }
    },
    {
      "type": "Feature",
      "id": "P234",
      "properties": {
        "parcel_id": "P234",
        "survey_no": "433",
        "subdivision_no": "2",
        "full_survey": "433/2",
        "area": 1262.8,
        "land_use": "Commercial"
      },
      "geometry": {
        "type": "Polygon",
        "coordinates": [
          [
            [
              73.74337753958163,
              18.59480986470764
            ],
            [
              73.7435491995604,
              18.594794990583388
            ],
            [
              73.74373558163452,
              18.594812245589342
            ],
            [
              73.74374860057041,
              18.594953852106805
            ],
            [
              73.74373547762366,
              18.595104620923752
            ],
            [
              73.74338205205196,
              18.59509720774324
            ],
            [
              73.74337753958163,
              18.59480986470764
            ]
          ]
        ]
      }
    },
    {
      "type": "Feature",
      "id": "P235",
      "properties": {
        "parcel_id": "P235",
        "survey_no": "434",
        "subdivision_no": "3",
        "full_survey": "434/3",
        "area": 1345.2,
        "land_use": "Commercial"
      },
      "geometry": {
        "type": "Polygon",
        "coordinates": [
          [
            [
              73.74379891916546,
              18.594801938228265
            ],
            [
              73.74397842835047,
              18.59481651839939
            ],
            [
              73.74417036127883,
              18.594798847068127
            ],
            [
              73.74417402082618,
              18.59495404841514
            ],
            [
              73.74416062679549,
              18.595113268363306
            ],
            [
              73.74380211262896,
              18.595126431941917
            ],
            [
              73.74379891916546,
              18.594801938228265
            ]
          ]
        ]
      }
    },
    {
      "type": "Feature",
      "id": "P236",
      "properties": {
        "parcel_id": "P236",
        "survey_no": "435",
        "subdivision_no": "4",
        "full_survey": "435/4",
        "area": 1323.5,
        "land_use": "Industrial"
      },
      "geometry": {
        "type": "Polygon",
        "coordinates": [
          [
            [
              73.74421938775983,
              18.59480511840845
            ],
            [
              73.7444040429294,
              18.59482789145235
            ],
            [
              73.7445893397159,
              18.594810756520733
            ],
            [
              73.74460870410115,
              18.59495281174819
            ],
            [
              73.74459544395467,
              18.595115798179883
            ],
            [
              73.74421978635195,
              18.595112989642985
            ],
            [
              73.74421938775983,
              18.59480511840845
            ]
          ]
        ]
      }
    },
    {
      "type": "Feature",
      "id": "P237",
      "properties": {
        "parcel_id": "P237",
        "survey_no": "436",
        "subdivision_no": "1",
        "full_survey": "436/1",
        "area": 1284.8,
        "land_use": "Residential"
      },
      "geometry": {
        "type": "Polygon",
        "coordinates": [
          [
            [
              73.74465205211727,
              18.594806858159572
            ],
            [
              73.74483809680848,
              18.594802650384672
            ],
            [
              73.7450203378515,
              18.594811929075494
            ],
            [
              73.74502983506616,
              18.594963094608282
            ],
            [
              73.74502049313536,
              18.595109445384903
            ],
            [
              73.7446622075063,
              18.595099231464488
            ],
            [
              73.74465205211727,
              18.594806858159572
            ]
          ]
        ]
      }
    },
    {
      "type": "Feature",
      "id": "P238",
      "properties": {
        "parcel_id": "P238",
        "survey_no": "437",
        "subdivision_no": "2",
        "full_survey": "437/2",
        "area": 1292.9,
        "land_use": "Institutional"
      },
      "geometry": {
        "type": "Polygon",
        "coordinates": [
          [
            [
              73.74508536874806,
              18.594809207613483
            ],
            [
              73.74527124513213,
              18.594789641736
            ],
            [
              73.74543737889353,
              18.594812125605127
            ],
            [
              73.74543373266212,
              18.594957549585924
            ],
            [
              73.74543720678034,
              18.595119201695436
            ],
            [
              73.74507461169085,
              18.59510231786321
            ],
            [
              73.74508536874806,
              18.594809207613483
            ]
          ]
        ]
      }
    },
    {
      "type": "Feature",
      "id": "P239",
      "properties": {
        "parcel_id": "P239",
        "survey_no": "438",
        "subdivision_no": "3",
        "full_survey": "438/3",
        "area": 1340.0,
        "land_use": "Commercial"
      },
      "geometry": {
        "type": "Polygon",
        "coordinates": [
          [
            [
              73.7455008242489,
              18.59480149544415
            ],
            [
              73.7456812130823,
              18.59480754633874
            ],
            [
              73.74587625510904,
              18.59480655201559
            ],
            [
              73.74586421991619,
              18.594960425758785
            ],
            [
              73.74587302295451,
              18.59511657929909
            ],
            [
              73.74550920584173,
              18.59512328468797
            ],
            [
              73.7455008242489,
              18.59480149544415
            ]
          ]
        ]
      }
    },
    {
      "type": "Feature",
      "id": "P240",
      "properties": {
        "parcel_id": "P240",
        "survey_no": "439",
        "subdivision_no": "4",
        "full_survey": "439/4",
        "area": 1272.7,
        "land_use": "Residential"
      },
      "geometry": {
        "type": "Polygon",
        "coordinates": [
          [
            [
              73.74593880856314,
              18.594801062986274
            ],
            [
              73.74611768459779,
              18.594812714277726
            ],
            [
              73.74629157056388,
              18.594809435356186
            ],
            [
              73.74629653854407,
              18.594963726126018
            ],
            [
              73.74629131614618,
              18.59510633173572
            ],
            [
              73.74594557534539,
              18.595129752231113
            ],
            [
              73.74593880856314,
              18.594801062986274
            ]
          ]
        ]
      }
    },
    {
      "type": "Feature",
      "id": "P241",
      "properties": {
        "parcel_id": "P241",
        "survey_no": "440",
        "subdivision_no": "1",
        "full_survey": "440/1",
        "area": 1198.9,
        "land_use": "Commercial"
      },
      "geometry": {
        "type": "Polygon",
        "coordinates": [
          [
            [
              73.73782739673621,
              18.5951702886577
            ],
            [
              73.73800807716677,
              18.59516671261229
            ],
            [
              73.73817417476357,
              18.595173373021034
            ],
            [
              73.7381668374795,
              18.595319264406758
            ],
            [
              73.73818303480391,
              18.5954689936394
            ],
            [
              73.73782676376052,
              18.595462205225974
            ],
            [
              73.73782739673621,
              18.5951702886577
            ]
          ]
        ]
      }
    },
    {
      "type": "Feature",
      "id": "P242",
      "properties": {
        "parcel_id": "P242",
        "survey_no": "441",
        "subdivision_no": "2",
        "full_survey": "441/2",
        "area": 1403.0,
        "land_use": "Agricultural"
      },
      "geometry": {
        "type": "Polygon",
        "coordinates": [
          [
            [
              73.73824033015418,
              18.595166960671733
            ],
            [
              73.73842375123856,
              18.59515166731343
            ],
            [
              73.7386137405622,
              18.595165354681715
            ],
            [
              73.73860903751725,
              18.595312344423338
            ],
            [
              73.73861014084527,
              18.595473397254825
            ],
            [
              73.73824182225806,
              18.5954931888203
            ],
            [
              73.73824033015418,
              18.595166960671733
            ]
          ]
        ]
      }
    },
    {
      "type": "Feature",
      "id": "P243",
      "properties": {
        "parcel_id": "P243",
        "survey_no": "442",
        "subdivision_no": "3",
        "full_survey": "442/3",
        "area": 1300.6,
        "land_use": "Agricultural"
      },
      "geometry": {
        "type": "Polygon",
        "coordinates": [
          [
            [
              73.73867705533686,
              18.595164614082464
            ],
            [
              73.73885832158825,
              18.595155933316263
            ],
            [
              73.73903275060623,
              18.59515871912286
            ],
            [
              73.73903244640968,
              18.595316215353645
            ],
            [
              73.73903382320053,
              18.595473054626186
            ],
            [
              73.7386689189666,
              18.595462074108184
            ],
            [
              73.73867705533686,
              18.595164614082464
            ]
          ]
        ]
      }
    },
    {
      "type": "Feature",
      "id": "P244",
      "properties": {
        "parcel_id": "P244",
        "survey_no": "443",
        "subdivision_no": "4",
        "full_survey": "443/4",
        "area": 1219.1,
        "land_use": "Institutional"
      },
      "geometry": {
        "type": "Polygon",
        "coordinates": [
          [
            [
              73.73911006963901,
              18.59516656816704
            ],
            [
              73.73927867035472,
              18.595163901719136
            ],
            [
              73.73946365357827,
              18.595164280828474
            ],
            [
              73.73943958575461,
              18.595321274385316
            ],
            [
              73.73945792925537,
              18.59546714784516
            ],
            [
              73.73910057697803,
              18.595466077633194
            ],
            [
              73.73911006963901,
              18.59516656816704
            ]
          ]
        ]
      }
    },
    {
      "type": "Feature",
      "id": "P245",
      "properties": {
        "parcel_id": "P245",
        "survey_no": "444",
        "subdivision_no": "1",
        "full_survey": "444/1",
        "area": 1288.8,
        "land_use": "Mixed Use"
      },
      "geometry": {
        "type": "Polygon",
        "coordinates": [
          [
            [
              73.73951949847424,
              18.5951625508091
            ],
            [
              73.7397170778724,
              18.595164127812122
            ],
            [
              73.73988873565327,
              18.595168534013116
            ],
            [
              73.73989492628823,
              18.595317883818552
            ],
            [
              73.73988908460214,
              18.59547499444059
            ],
            [
              73.7395238691181,
              18.595449267863284
            ],
            [
              73.73951949847424,
              18.5951625508091
            ]
          ]
        ]
      }
    },
    {
      "type": "Feature",
      "id": "P246",
      "properties": {
        "parcel_id": "P246",
        "survey_no": "445",
        "subdivision_no": "2",
        "full_survey": "445/2",
        "area": 1337.2,
        "land_use": "Industrial"
      },
      "geometry": {
        "type": "Polygon",
        "coordinates": [
          [
            [
              73.73994698384698,
              18.595162502778994
            ],
            [
              73.74013753802154,
              18.595141949162084
            ],
            [
              73.74031574129754,
              18.595169137786556
            ],
            [
              73.74030905643617,
              18.59531231160658
            ],
            [
              73.74031393966435,
              18.59547420517614
            ],
            [
              73.73996389636994,
              18.59547360251315
            ],
            [
              73.73994698384698,
              18.595162502778994
            ]
          ]
        ]
      }
    },
    {
      "type": "Feature",
      "id": "P247",
      "properties": {
        "parcel_id": "P247",
        "survey_no": "446",
        "subdivision_no": "3",
        "full_survey": "446/3",
        "area": 1301.9,
        "land_use": "Agricultural"
      },
      "geometry": {
        "type": "Polygon",
        "coordinates": [
          [
            [
              73.74038624435424,
              18.595169062274433
            ],
            [
              73.74055598786684,
              18.595148202394586
            ],
            [
              73.74074948892634,
              18.59515872993589
            ],
            [
              73.74075100880667,
              18.595317208569842
            ],
            [
              73.74074338462172,
              18.595469678275034
            ],
            [
              73.74039030908772,
              18.595458879203644
            ],
            [
              73.74038624435424,
              18.595169062274433
            ]
          ]
        ]
      }
    },
    {
      "type": "Feature",
      "id": "P248",
      "properties": {
        "parcel_id": "P248",
        "survey_no": "447",
        "subdivision_no": "4",
        "full_survey": "447/4",
        "area": 1307.0,
        "land_use": "Institutional"
      },
      "geometry": {
        "type": "Polygon",
        "coordinates": [
          [
            [
              73.74081761669306,
              18.595160315744398
            ],
            [
              73.74098383941477,
              18.595145199245927
            ],
            [
              73.74116813206889,
              18.595169103638444
            ],
            [
              73.74117584894945,
              18.595318262895418
            ],
            [
              73.7411796649833,
              18.595472474688073
            ],
            [
              73.74081859218713,
              18.595464131809702
            ],
            [
              73.74081761669306,
              18.595160315744398
            ]
          ]
        ]
      }
    },
    {
      "type": "Feature",
      "id": "P249",
      "properties": {
        "parcel_id": "P249",
        "survey_no": "448",
        "subdivision_no": "1",
        "full_survey": "448/1",
        "area": 1280.9,
        "land_use": "Residential"
      },
      "geometry": {
        "type": "Polygon",
        "coordinates": [
          [
            [
              73.74122864568706,
              18.59516594028433
            ],
            [
              73.74141646408552,
              18.595160420211325
            ],
            [
              73.7415896556397,
              18.595168625425977
            ],
            [
              73.74160975196197,
              18.59531867812364
            ],
            [
              73.74160545207413,
              18.59546513458469
            ],
            [
              73.74123374751109,
              18.595450654390543
            ],
            [
              73.74122864568706,
              18.59516594028433
            ]
          ]
        ]
      }
    },
    {
      "type": "Feature",
      "id": "P250",
      "properties": {
        "parcel_id": "P250",
        "survey_no": "449",
        "subdivision_no": "2",
        "full_survey": "449/2",
        "area": 1398.2,
        "land_use": "Industrial"
      },
      "geometry": {
        "type": "Polygon",
        "coordinates": [
          [
            [
              73.74165841560317,
              18.595166190841745
            ],
            [
              73.74184903989708,
              18.595137853565394
            ],
            [
              73.74202656299688,
              18.595160048659412
            ],
            [
              73.74204374809888,
              18.59531171649209
            ],
            [
              73.74202019134397,
              18.595467402609078
            ],
            [
              73.74166060358861,
              18.595472788391408
            ],
            [
              73.74165841560317,
              18.595166190841745
            ]
          ]
        ]
      }
    },
    {
      "type": "Feature",
      "id": "P251",
      "properties": {
        "parcel_id": "P251",
        "survey_no": "450",
        "subdivision_no": "3",
        "full_survey": "450/3",
        "area": 1319.8,
        "land_use": "Mixed Use"
      },
      "geometry": {
        "type": "Polygon",
        "coordinates": [
          [
            [
              73.74210043311342,
              18.59516501997059
            ],
            [
              73.74227238735241,
              18.59515246112029
            ],
            [
              73.74245722440227,
              18.595163340183657
            ],
            [
              73.74243698241565,
              18.595319452843537
            ],
            [
              73.74245243365901,
              18.595469998553792
            ],
            [
              73.7420879323215,
              18.595487567375727
            ],
            [
              73.74210043311342,
              18.59516501997059
            ]
          ]
        ]
      }
    },
    {
      "type": "Feature",
      "id": "P252",
      "properties": {
        "parcel_id": "P252",
        "survey_no": "451",
        "subdivision_no": "4",
        "full_survey": "451/4",
        "area": 1276.1,
        "land_use": "Mixed Use"
      },
      "geometry": {
        "type": "Polygon",
        "coordinates": [
          [
            [
              73.74251120114941,
              18.595171398303275
            ],
            [
              73.74269890458484,
              18.595173843817328
            ],
            [
              73.74287393736037,
              18.59517381010451
            ],
            [
              73.74289306634343,
              18.595313111387792
            ],
            [
              73.74287860486234,
              18.59547454631635
            ],
            [
              73.74251147887425,
              18.59545546406172
            ],
            [
              73.74251120114941,
              18.595171398303275
            ]
          ]
        ]
      }
    },
    {
      "type": "Feature",
      "id": "P253",
      "properties": {
        "parcel_id": "P253",
        "survey_no": "452",
        "subdivision_no": "1",
        "full_survey": "452/1",
        "area": 1313.0,
        "land_use": "Institutional"
      },
      "geometry": {
        "type": "Polygon",
        "coordinates": [
          [
            [
              73.74294481934199,
              18.59516616752449
            ],
            [
              73.7431313330918,
              18.595150272310544
            ],
            [
              73.7433086244353,
              18.595170101801532
            ],
            [
              73.74330872973113,
              18.59532593108165
            ],
            [
              73.74330433948803,
              18.595474670661737
            ],
            [
              73.74295429707027,
              18.595469963840593
            ],
            [
              73.74294481934199,
              18.59516616752449
            ]
          ]
        ]
      }
    },
    {
      "type": "Feature",
      "id": "P254",
      "properties": {
        "parcel_id": "P254",
        "survey_no": "453",
        "subdivision_no": "2",
        "full_survey": "453/2",
        "area": 1263.3,
        "land_use": "Industrial"
      },
      "geometry": {
        "type": "Polygon",
        "coordinates": [
          [
            [
              73.74338190573783,
              18.595164385774613
            ],
            [
              73.74355700185023,
              18.59517648762319
            ],
            [
              73.74373634823972,
              18.595160006255288
            ],
            [
              73.74371011318858,
              18.595322999943484
            ],
            [
              73.743738974652,
              18.595476598915138
            ],
            [
              73.74336801402791,
              18.59548101115159
            ],
            [
              73.74338190573783,
              18.595164385774613
            ]
          ]
        ]
      }
    },
    {
      "type": "Feature",
      "id": "P255",
      "properties": {
        "parcel_id": "P255",
        "survey_no": "454",
        "subdivision_no": "3",
        "full_survey": "454/3",
        "area": 1281.0,
        "land_use": "Residential"
      },
      "geometry": {
        "type": "Polygon",
        "coordinates": [
          [
            [
              73.74379987586157,
              18.595159035296493
            ],
            [
              73.74398200455691,
              18.595172430083167
            ],
            [
              73.74415780858787,
              18.595169333223375
            ],
            [
              73.74415416553694,
              18.59531355983992
            ],
            [
              73.7441652524367,
              18.595471929102715
            ],
            [
              73.74379355765554,
              18.59547034734557
            ],
            [
              73.74379987586157,
              18.595159035296493
            ]
          ]
        ]
      }
    },
    {
      "type": "Feature",
      "id": "P256",
      "properties": {
        "parcel_id": "P256",
        "survey_no": "455",
        "subdivision_no": "4",
        "full_survey": "455/4",
        "area": 1305.0,
        "land_use": "Mixed Use"
      },
      "geometry": {
        "type": "Polygon",
        "coordinates": [
          [
            [
              73.74422457849644,
              18.59515896320468
            ],
            [
              73.74439999034138,
              18.595161574849552
            ],
            [
              73.7445858483335,
              18.595169883883475
            ],
            [
              73.74457444932993,
              18.59532513744046
            ],
            [
              73.74458571088007,
              18.59546596167099
            ],
            [
              73.74422502331505,
              18.595487135940466
            ],
            [
              73.74422457849644,
              18.59515896320468
            ]
          ]
        ]
      }
    },
    {
      "type": "Feature",
      "id": "P257",
      "properties": {
        "parcel_id": "P257",
        "survey_no": "456",
        "subdivision_no": "1",
        "full_survey": "456/1",
        "area": 1222.6,
        "land_use": "Agricultural"
      },
      "geometry": {
        "type": "Polygon",
        "coordinates": [
          [
            [
              73.74465787543348,
              18.595164995207703
            ],
            [
              73.74483567470715,
              18.595175333213614
            ],
            [
              73.74500713637792,
              18.59516571763669
            ],
            [
              73.74500862832156,
              18.595316344291795
            ],
            [
              73.7450170563348,
              18.595469404585472
            ],
            [
              73.74464777345909,
              18.59545529179363
            ],
            [
              73.74465787543348,
              18.595164995207703
            ]
          ]
        ]
      }
    },
    {
      "type": "Feature",
      "id": "P258",
      "properties": {
        "parcel_id": "P258",
        "survey_no": "457",
        "subdivision_no": "2",
        "full_survey": "457/2",
        "area": 1363.3,
        "land_use": "Commercial"
      },
      "geometry": {
        "type": "Polygon",
        "coordinates": [
          [
            [
              73.74508838240956,
              18.595166729289918
            ],
            [
              73.74525878584498,
              18.595154897757656
            ],
            [
              73.7454519512326,
              18.595164682450154
            ],
            [
              73.74545124573409,
              18.595322866527376
            ],
            [
              73.74543564011827,
              18.595477386029103
            ],
            [
              73.74507493251815,
              18.59547996047202
            ],
            [
              73.74508838240956,
              18.595166729289918
            ]
          ]
        ]
      }
    },
    {
      "type": "Feature",
      "id": "P259",
      "properties": {
        "parcel_id": "P259",
        "survey_no": "458",
        "subdivision_no": "3",
        "full_survey": "458/3",
        "area": 1318.1,
        "land_use": "Mixed Use"
      },
      "geometry": {
        "type": "Polygon",
        "coordinates": [
          [
            [
              73.74550496903875,
              18.595166416240144
            ],
            [
              73.74569292911384,
              18.595155055478546
            ],
            [
              73.74587708393265,
              18.59516813676495
            ],
            [
              73.74586341818724,
              18.595314356059085
            ],
            [
              73.74587019899994,
              18.595474580856237
            ],
            [
              73.74551529831017,
              18.59547573858241
            ],
            [
              73.74550496903875,
              18.595166416240144
            ]
          ]
        ]
      }
    },
    {
      "type": "Feature",
      "id": "P260",
      "properties": {
        "parcel_id": "P260",
        "survey_no": "459",
        "subdivision_no": "4",
        "full_survey": "459/4",
        "area": 1264.1,
        "land_use": "Commercial"
      },
      "geometry": {
        "type": "Polygon",
        "coordinates": [
          [
            [
              73.7459400112644,
              18.59516312595542
            ],
            [
              73.74611588210995,
              18.595165014399964
            ],
            [
              73.7463033827627,
              18.595159518187902
            ],
            [
              73.74627870245439,
              18.595317811641333
            ],
            [
              73.74630326545015,
              18.595474355018123
            ],
            [
              73.74593227553765,
              18.59546108904222
            ],
            [
              73.7459400112644,
              18.59516312595542
            ]
          ]
        ]
      }
    },
    {
      "type": "Feature",
      "id": "P261",
      "properties": {
        "parcel_id": "P261",
        "survey_no": "460",
        "subdivision_no": "1",
        "full_survey": "460/1",
        "area": 1334.8,
        "land_use": "Industrial"
      },
      "geometry": {
        "type": "Polygon",
        "coordinates": [
          [
            [
              73.73781112788122,
              18.595530541470627
            ],
            [
              73.73799599147709,
              18.59550413601256
            ],
            [
              73.73818298158979,
              18.595519107924623
            ],
            [
              73.7381730750358,
              18.59568339765449
            ],
            [
              73.73817235787982,
              18.595838115602156
            ],
            [
              73.73781626440135,
              18.595820779187914
            ],
            [
              73.73781112788122,
              18.595530541470627
            ]
          ]
        ]
      }
    },
    {
      "type": "Feature",
      "id": "P262",
      "properties": {
        "parcel_id": "P262",
        "survey_no": "461",
        "subdivision_no": "2",
        "full_survey": "461/2",
        "area": 1269.2,
        "land_use": "Commercial"
      },
      "geometry": {
        "type": "Polygon",
        "coordinates": [
          [
            [
              73.73824723026269,
              18.595531142822093
            ],
            [
              73.73843532420568,
              18.595545672392785
            ],
            [
              73.73860311500678,
              18.595531993079156
            ],
            [
              73.73861177159917,
              18.595673302297985
            ],
            [
              73.7386131238529,
              18.595829438848234
            ],
            [
              73.73824835526133,
              18.595845949449977
            ],
            [
              73.73824723026269,
              18.595531142822093
            ]
          ]
        ]
      }
    },
    {
      "type": "Feature",
      "id": "P263",
      "properties": {
        "parcel_id": "P263",
        "survey_no": "462",
        "subdivision_no": "3",
        "full_survey": "462/3",
        "area": 1277.6,
        "land_use": "Institutional"
      },
      "geometry": {
        "type": "Polygon",
        "coordinates": [
          [
            [
              73.73866706586612,
              18.595526810154475
            ],
            [
              73.73885397248053,
              18.595537710574213
            ],
            [
              73.7390307956811,
              18.595530458919047
            ],
            [
              73.73902967085422,
              18.595678701294506
            ],
            [
              73.73903241919025,
              18.595829115859686
            ],
            [
              73.738676669889,
              18.595845433878488
            ],
            [
              73.73866706586612,
              18.595526810154475
            ]
          ]
        ]
      }
    },
    {
      "type": "Feature",
      "id": "P264",
      "properties": {
        "parcel_id": "P264",
        "survey_no": "463",
        "subdivision_no": "4",
        "full_survey": "463/4",
        "area": 1397.9,
        "land_use": "Industrial"
      },
      "geometry": {
        "type": "Polygon",
        "coordinates": [
          [
            [
              73.73909444290362,
              18.59553172366962
            ],
            [
              73.73928809028577,
              18.595499277511003
            ],
            [
              73.73946940965104,
              18.595524473240978
            ],
            [
              73.7394654318945,
              18.595675340727237
            ],
            [
              73.73945462690617,
              18.595836986718464
            ],
            [
              73.7390964885202,
              18.59583885884637
            ],
            [
              73.73909444290362,
              18.59553172366962
            ]
          ]
        ]
      }
    },
    {
      "type": "Feature",
      "id": "P265",
      "properties": {
        "parcel_id": "P265",
        "survey_no": "464",
        "subdivision_no": "1",
        "full_survey": "464/1",
        "area": 1292.2,
        "land_use": "Mixed Use"
      },
      "geometry": {
        "type": "Polygon",
        "coordinates": [
          [
            [
              73.73953239446679,
              18.595531873707
            ],
            [
              73.73971462859323,
              18.595527874271806
            ],
            [
              73.73989281115102,
              18.59552620729202
            ],
            [
              73.73988325350483,
              18.595680642393653
            ],
            [
              73.73989488453107,
              18.595835687664056
            ],
            [
              73.73952763022409,
              18.595837099621527
            ],
            [
              73.73953239446679,
              18.595531873707
            ]
          ]
        ]
      }
    },
    {
      "type": "Feature",
      "id": "P266",
      "properties": {
        "parcel_id": "P266",
        "survey_no": "465",
        "subdivision_no": "2",
        "full_survey": "465/2",
        "area": 1215.5,
        "land_use": "Residential"
      },
      "geometry": {
        "type": "Polygon",
        "coordinates": [
          [
            [
              73.73996051338295,
              18.59552839240715
            ],
            [
              73.74012939280708,
              18.59554055873091
            ],
            [
              73.74031482627606,
              18.595532832170626
            ],
            [
              73.74030606028509,
              18.59568479384318
            ],
            [
              73.74030983327441,
              18.595827055471343
            ],
            [
              73.739957364204,
              18.595837099550632
            ],
            [
              73.73996051338295,
              18.59552839240715
            ]
          ]
        ]
      }
    },
    {
      "type": "Feature",
      "id": "P267",
      "properties": {
        "parcel_id": "P267",
        "survey_no": "466",
        "subdivision_no": "3",
        "full_survey": "466/3",
        "area": 1289.5,
        "land_use": "Residential"
      },
      "geometry": {
        "type": "Polygon",
        "coordinates": [
          [
            [
              73.74039023796078,
              18.595533363119326
            ],
            [
              73.74055783553762,
              18.5955056536536
            ],
            [
              73.74073768206989,
              18.595524596524694
            ],
            [
              73.74074796088031,
              18.59567541146191
            ],
            [
              73.74073624454638,
              18.595830029835994
            ],
            [
              73.74039096666833,
              18.595830754563
            ],
            [
              73.74039023796078,
              18.595533363119326
            ]
          ]
        ]
      }
    },
    {
      "type": "Feature",
      "id": "P268",
      "properties": {
        "parcel_id": "P268",
        "survey_no": "467",
        "subdivision_no": "4",
        "full_survey": "467/4",
        "area": 1246.4,
        "land_use": "Agricultural"
      },
      "geometry": {
        "type": "Polygon",
        "coordinates": [
          [
            [
              73.74081653994989,
              18.595527641358725
            ],
            [
              73.74099942370042,
              18.595527831164855
            ],
            [
              73.74117406614904,
              18.595524861102714
            ],
            [
              73.74116899854796,
              18.595673664316916
            ],
            [
              73.74116708556589,
              18.5958284065085
            ],
            [
              73.74081223507395,
              18.59582497094988
            ],
            [
              73.74081653994989,
              18.595527641358725
            ]
          ]
        ]
      }
    },
    {
      "type": "Feature",
      "id": "P269",
      "properties": {
        "parcel_id": "P269",
        "survey_no": "468",
        "subdivision_no": "1",
        "full_survey": "468/1",
        "area": 1281.9,
        "land_use": "Industrial"
      },
      "geometry": {
        "type": "Polygon",
        "coordinates": [
          [
            [
              73.74122962422793,
              18.595526982321235
            ],
            [
              73.74140962529508,
              18.59553344694401
            ],
            [
              73.74159755875269,
              18.595523881646823
            ],
            [
              73.74159708885331,
              18.595681692923876
            ],
            [
              73.74160353499356,
              18.59583525598971
            ],
            [
              73.74124291449235,
              18.59582798213703
            ],
            [
              73.74122962422793,
              18.595526982321235
            ]
          ]
        ]
      }
    },
    {
      "type": "Feature",
      "id": "P270",
      "properties": {
        "parcel_id": "P270",
        "survey_no": "469",
        "subdivision_no": "2",
        "full_survey": "469/2",
        "area": 1368.6,
        "land_use": "Commercial"
      },
      "geometry": {
        "type": "Polygon",
        "coordinates": [
          [
            [
              73.74165789903783,
              18.59552331589828
            ],
            [
              73.74184546604602,
              18.595515963259672
            ],
            [
              73.74201838474136,
              18.595519137444608
            ],
            [
              73.74203492513585,
              18.595684765906515
            ],
            [
              73.74203133525592,
              18.59583584121294
            ],
            [
              73.74167222684449,
              18.595842331283134
            ],
            [
              73.74165789903783,
              18.59552331589828
            ]
          ]
        ]
      }
    },
    {
      "type": "Feature",
      "id": "P271",
      "properties": {
        "parcel_id": "P271",
        "survey_no": "470",
        "subdivision_no": "3",
        "full_survey": "470/3",
        "area": 1392.3,
        "land_use": "Commercial"
      },
      "geometry": {
        "type": "Polygon",
        "coordinates": [
          [
            [
              73.74209066899918,
              18.59552135180362
            ],
            [
              73.74226409562897,
              18.595514259422654
            ],
            [
              73.74245197245759,
              18.595520963795405
            ],
            [
              73.74246797389536,
              18.595673206649156
            ],
            [
              73.74245963725367,
              18.59583197241071
            ],
            [
              73.74209069659878,
              18.595844446227353
            ],
            [
              73.74209066899918,
              18.59552135180362
            ]
          ]
        ]
      }
    },
    {
      "type": "Feature",
      "id": "P272",
      "properties": {
        "parcel_id": "P272",
        "survey_no": "471",
        "subdivision_no": "4",
        "full_survey": "471/4",
        "area": 1375.8,
        "land_use": "Commercial"
      },
      "geometry": {
        "type": "Polygon",
        "coordinates": [
          [
            [
              73.74252190714772,
              18.595521710918916
            ],
            [
              73.74270832627208,
              18.59550278095269
            ],
            [
              73.74288453552504,
              18.595521224056775
            ],
            [
              73.74289955502127,
              18.59567519729874
            ],
            [
              73.74287968808099,
              18.59582584435022
            ],
            [
              73.74251587383822,
              18.59583102687083
            ],
            [
              73.74252190714772,
              18.595521710918916
            ]
          ]
        ]
      }
    },
    {
      "type": "Feature",
      "id": "P273",
      "properties": {
        "parcel_id": "P273",
        "survey_no": "472",
        "subdivision_no": "1",
        "full_survey": "472/1",
        "area": 1371.2,
        "land_use": "Industrial"
      },
      "geometry": {
        "type": "Polygon",
        "coordinates": [
          [
            [
              73.74294787676418,
              18.59551855070088
            ],
            [
              73.74313503001918,
              18.595516822392202
            ],
            [
              73.74331506839698,
              18.595523432126082
            ],
            [
              73.74330936705525,
              18.595682664711514
            ],
            [
              73.74331518576606,
              18.595833108176656
            ],
            [
              73.7429409711878,
              18.595841530490702
            ],
            [
              73.74294787676418,
              18.59551855070088
            ]
          ]
        ]
      }
    },
    {
      "type": "Feature",
      "id": "P274",
      "properties": {
        "parcel_id": "P274",
        "survey_no": "473",
        "subdivision_no": "2",
        "full_survey": "473/2",
        "area": 1264.3,
        "land_use": "Mixed Use"
      },
      "geometry": {
        "type": "Polygon",
        "coordinates": [
          [
            [
              73.74337843200213,
              18.59552282055872
            ],
            [
              73.74355832500483,
              18.595542450891205
            ],
            [
              73.74372730468029,
              18.595525970350522
            ],
            [
              73.7437463082604,
              18.59568376660957
            ],
            [
              73.743730722847,
              18.59583487962212
            ],
            [
              73.74336673974007,
              18.59582245047251
            ],
            [
              73.74337843200213,
              18.59552282055872
            ]
          ]
        ]
      }
    },
    {
      "type": "Feature",
      "id": "P275",
      "properties": {
        "parcel_id": "P275",
        "survey_no": "474",
        "subdivision_no": "3",
        "full_survey": "474/3",
        "area": 1346.9,
        "land_use": "Agricultural"
      },
      "geometry": {
        "type": "Polygon",
        "coordinates": [
          [
            [
              73.74379231405345,
              18.59552368956498
            ],
            [
              73.74398032447824,
              18.595512269785367
            ],
            [
              73.74416472055987,
              18.595520833996503
            ],
            [
              73.74415877457622,
              18.59568106219882
            ],
            [
              73.74416180638192,
              18.595828848646075
            ],
            [
              73.74379947360377,
              18.595835616453122
            ],
            [
              73.74379231405345,
              18.59552368956498
            ]
          ]
        ]
      }
    },
    {
      "type": "Feature",
      "id": "P276",
      "properties": {
        "parcel_id": "P276",
        "survey_no": "475",
        "subdivision_no": "4",
        "full_survey": "475/4",
        "area": 1346.0,
        "land_use": "Residential"
      },
      "geometry": {
        "type": "Polygon",
        "coordinates": [
          [
            [
              73.74422624766123,
              18.595525569743597
            ],
            [
              73.74441216936783,
              18.595507621655184
            ],
            [
              73.74458596703806,
              18.59552741932437
            ],
            [
              73.74459392950507,
              18.595671680692174
            ],
            [
              73.74459291267901,
              18.59583148241997
            ],
            [
              73.74423297863612,
              18.595837679131495
            ],
            [
              73.74422624766123,
              18.595525569743597
            ]
          ]
        ]
      }
    },
    {
      "type": "Feature",
      "id": "P277",
      "properties": {
        "parcel_id": "P277",
        "survey_no": "476",
        "subdivision_no": "1",
        "full_survey": "476/1",
        "area": 1318.2,
        "land_use": "Agricultural"
      },
      "geometry": {
        "type": "Polygon",
        "coordinates": [
          [
            [
              73.74464934927958,
              18.595529889198865
            ],
            [
              73.74483728536478,
              18.595506297625658
            ],
            [
              73.74500868634414,
              18.595526636242493
            ],
            [
              73.74502097546352,
              18.59567321665665
            ],
            [
              73.74500986610636,
              18.595831700263385
            ],
            [
              73.74465848941495,
              18.59582643260906
            ],
            [
              73.74464934927958,
              18.595529889198865
            ]
          ]
        ]
      }
    },
    {
      "type": "Feature",
      "id": "P278",
      "properties": {
        "parcel_id": "P278",
        "survey_no": "477",
        "subdivision_no": "2",
        "full_survey": "477/2",
        "area": 1271.1,
        "land_use": "Mixed Use"
      },
      "geometry": {
        "type": "Polygon",
        "coordinates": [
          [
            [
              73.74507666538999,
              18.595530943756817
            ],
            [
              73.74526615751097,
              18.595503135858458
            ],
            [
              73.74543446508476,
              18.595525821542843
            ],
            [
              73.7454209403217,
              18.595675130340457
            ],
            [
              73.74544917090961,
              18.595837529480754
            ],
            [
              73.74508293861325,
              18.595812585419708
            ],
            [
              73.74507666538999,
              18.595530943756817
            ]
          ]
        ]
      }
    },
    {
      "type": "Feature",
      "id": "P279",
      "properties": {
        "parcel_id": "P279",
        "survey_no": "478",
        "subdivision_no": "3",
        "full_survey": "478/3",
        "area": 1339.5,
        "land_use": "Residential"
      },
      "geometry": {
        "type": "Polygon",
        "coordinates": [
          [
            [
              73.74551070807401,
              18.59553121711883
            ],
            [
              73.7456817341167,
              18.59549789557508
            ],
            [
              73.74587256568296,
              18.595529370072377
            ],
            [
              73.7458820987185,
              18.5956844131074
            ],
            [
              73.74587448975572,
              18.595833516317494
            ],
            [
              73.74551043523412,
              18.5958181000359
            ],
            [
              73.74551070807401,
              18.59553121711883
            ]
          ]
        ]
      }
    },
    {
      "type": "Feature",
      "id": "P280",
      "properties": {
        "parcel_id": "P280",
        "survey_no": "479",
        "subdivision_no": "4",
        "full_survey": "479/4",
        "area": 1280.8,
        "land_use": "Institutional"
      },
      "geometry": {
        "type": "Polygon",
        "coordinates": [
          [
            [
              73.74593248120986,
              18.59552837894149
            ],
            [
              73.74612406683222,
              18.595537391484378
            ],
            [
              73.74629963958277,
              18.59552834650463
            ],
            [
              73.7462993956721,
              18.595678104837557
            ],
            [
              73.74629131756618,
              18.595835510580166
            ],
            [
              73.74593611388747,
              18.595833020368048
            ],
            [
              73.74593248120986,
              18.59552837894149
            ]
          ]
        ]
      }
    },
    {
      "type": "Feature",
      "id": "P281",
      "properties": {
        "parcel_id": "P281",
        "survey_no": "480",
        "subdivision_no": "1",
        "full_survey": "480/1",
        "area": 1358.8,
        "land_use": "Industrial"
      },
      "geometry": {
        "type": "Polygon",
        "coordinates": [
          [
            [
              73.73782274365453,
              18.59588962808847
            ],
            [
              73.73800533872041,
              18.595876615420273
            ],
            [
              73.73818659344981,
              18.595887903470963
            ],
            [
              73.73819391562236,
              18.59604282242407
            ],
            [
              73.73818339217948,
              18.59618630580887
            ],
            [
              73.73781420049677,
              18.59620558570879
            ],
            [
              73.73782274365453,
              18.59588962808847
            ]
          ]
        ]
      }
    },
    {
      "type": "Feature",
      "id": "P282",
      "properties": {
        "parcel_id": "P282",
        "survey_no": "481",
        "subdivision_no": "2",
        "full_survey": "481/2",
        "area": 1330.7,
        "land_use": "Agricultural"
      },
      "geometry": {
        "type": "Polygon",
        "coordinates": [
          [
            [
              73.73824689694678,
              18.595890733004232
            ],
            [
              73.73842428610786,
              18.595867675235
            ],
            [
              73.73860266193479,
              18.59588698777872
            ],
            [
              73.73859499338268,
              18.596046561139584
            ],
            [
              73.73861273060103,
              18.596196100127216
            ],
            [
              73.738251706135,
              18.596205789864143
            ],
            [
              73.73824689694678,
              18.595890733004232
            ]
          ]
        ]
      }
    },
    {
      "type": "Feature",
      "id": "P283",
      "properties": {
        "parcel_id": "P283",
        "survey_no": "482",
        "subdivision_no": "3",
        "full_survey": "482/3",
        "area": 1360.1,
        "land_use": "Residential"
      },
      "geometry": {
        "type": "Polygon",
        "coordinates": [
          [
            [
              73.73868051177459,
              18.595879949426948
            ],
            [
              73.73885555293717,
              18.595860296797245
            ],
            [
              73.73902879911348,
              18.59588019710533
            ],
            [
              73.73904018629118,
              18.59603689306673
            ],
            [
              73.73903892383122,
              18.59619516378999
            ],
            [
              73.73867877251278,
              18.596195901738348
            ],
            [
              73.73868051177459,
              18.595879949426948
            ]
          ]
        ]
      }
    },
    {
      "type": "Feature",
      "id": "P284",
      "properties": {
        "parcel_id": "P284",
        "survey_no": "483",
        "subdivision_no": "4",
        "full_survey": "483/4",
        "area": 1245.6,
        "land_use": "Residential"
      },
      "geometry": {
        "type": "Polygon",
        "coordinates": [
          [
            [
              73.73910135085308,
              18.595879694974037
            ],
            [
              73.73927933811022,
              18.595896897423657
            ],
            [
              73.73945950422501,
              18.59588856358023
            ],
            [
              73.73946747335906,
              18.596042887480184
            ],
            [
              73.73946060595733,
              18.596187821518342
            ],
            [
              73.73910670352195,
              18.596184943585957
            ],
            [
              73.73910135085308,
              18.595879694974037
            ]
          ]
        ]
      }
    },
    {
      "type": "Feature",
      "id": "P285",
      "properties": {
        "parcel_id": "P285",
        "survey_no": "484",
        "subdivision_no": "1",
        "full_survey": "484/1",
        "area": 1299.6,
        "land_use": "Institutional"
      },
      "geometry": {
        "type": "Polygon",
        "coordinates": [
          [
            [
              73.73953716654952,
              18.595880904825787
            ],
            [
              73.73970094193461,
              18.59586554539273
            ],
            [
              73.73989212019158,
              18.59588820364962
            ],
            [
              73.73988072356516,
              18.596032245402558
            ],
            [
              73.73989160487432,
              18.596195243428514
            ],
            [
              73.73953136586756,
              18.596185616340655
            ],
            [
              73.73953716654952,
              18.595880904825787
            ]
          ]
        ]
      }
    },
    {
      "type": "Feature",
      "id": "P286",
      "properties": {
        "parcel_id": "P286",
        "survey_no": "485",
        "subdivision_no": "2",
        "full_survey": "485/2",
        "area": 1300.2,
        "land_use": "Agricultural"
      },
      "geometry": {
        "type": "Polygon",
        "coordinates": [
          [
            [
              73.73995395355875,
              18.595888240570343
            ],
            [
              73.74014305626575,
              18.595865437017984
            ],
            [
              73.74031857583357,
              18.595885154623275
            ],
            [
              73.74031784505475,
              18.596043779660597
            ],
            [
              73.74031912724344,
              18.59619619231352
            ],
            [
              73.73996255828952,
              18.59617290978793
            ],
            [
              73.73995395355875,
              18.595888240570343
            ]
          ]
        ]
      }
    },
    {
      "type": "Feature",
      "id": "P287",
      "properties": {
        "parcel_id": "P287",
        "survey_no": "486",
        "subdivision_no": "3",
        "full_survey": "486/3",
        "area": 1310.2,
        "land_use": "Agricultural"
      },
      "geometry": {
        "type": "Polygon",
        "coordinates": [
          [
            [
              73.74037438349897,
              18.595890576717245
            ],
            [
              73.74056494674588,
              18.595876623884266
            ],
            [
              73.74074860223756,
              18.59588950455935
            ],
            [
              73.74076220184695,
              18.59603305051509
            ],
            [
              73.74073571936387,
              18.59619003647501
            ],
            [
              73.74038518996443,
              18.596177516785517
            ],
            [
              73.74037438349897,
              18.595890576717245
            ]
          ]
        ]
      }
    },
    {
      "type": "Feature",
      "id": "P288",
      "properties": {
        "parcel_id": "P288",
        "survey_no": "487",
        "subdivision_no": "4",
        "full_survey": "487/4",
        "area": 1355.2,
        "land_use": "Institutional"
      },
      "geometry": {
        "type": "Polygon",
        "coordinates": [
          [
            [
              73.74081071282839,
              18.595887501260023
            ],
            [
              73.74098779160482,
              18.595875293278983
            ],
            [
              73.74117600703633,
              18.595889326276286
            ],
            [
              73.74118895520076,
              18.596042288508173
            ],
            [
              73.74117122478549,
              18.596188119065168
            ],
            [
              73.74080700709507,
              18.596197837408127
            ],
            [
              73.74081071282839,
              18.595887501260023
            ]
          ]
        ]
      }
    },
    {
      "type": "Feature",
      "id": "P289",
      "properties": {
        "parcel_id": "P289",
        "survey_no": "488",
        "subdivision_no": "1",
        "full_survey": "488/1",
        "area": 1270.7,
        "land_use": "Mixed Use"
      },
      "geometry": {
        "type": "Polygon",
        "coordinates": [
          [
            [
              73.74123557128365,
              18.595886941688914
            ],
            [
              73.74142273364339,
              18.595900063420775
            ],
            [
              73.74159960373197,
              18.595888127094206
            ],
            [
              73.74159101661682,
              18.596041900987643
            ],
            [
              73.74160616079583,
              18.596195524089236
            ],
            [
              73.741235826856,
              18.596193186381598
            ],
            [
              73.74123557128365,
              18.595886941688914
            ]
          ]
        ]
      }
    },
    {
      "type": "Feature",
      "id": "P290",
      "properties": {
        "parcel_id": "P290",
        "survey_no": "489",
        "subdivision_no": "2",
        "full_survey": "489/2",
        "area": 1349.6,
        "land_use": "Residential"
      },
      "geometry": {
        "type": "Polygon",
        "coordinates": [
          [
            [
              73.74167268833851,
              18.595887593826706
            ],
            [
              73.74184326896071,
              18.595864650775468
            ],
            [
              73.74202659058398,
              18.59587900734787
            ],
            [
              73.74203590576263,
              18.596037043419635
            ],
            [
              73.74203415306306,
              18.596188969987214
            ],
            [
              73.74166428455692,
              18.59619173093606
            ],
            [
              73.74167268833851,
              18.595887593826706
            ]
          ]
        ]
      }
    },
    {
      "type": "Feature",
      "id": "P291",
      "properties": {
        "parcel_id": "P291",
        "survey_no": "490",
        "subdivision_no": "3",
        "full_survey": "490/3",
        "area": 1250.1,
        "land_use": "Residential"
      },
      "geometry": {
        "type": "Polygon",
        "coordinates": [
          [
            [
              73.74209141192252,
              18.595883128659814
            ],
            [
              73.74227127122997,
              18.595876920958396
            ],
            [
              73.74245029598241,
              18.59589115588113
            ],
            [
              73.74244210655586,
              18.596033392673665
            ],
            [
              73.74244598883627,
              18.596194066948165
            ],
            [
              73.7420964715912,
              18.596178149281293
            ],
            [
              73.74209141192252,
              18.595883128659814
            ]
          ]
        ]
      }
    },
    {
      "type": "Feature",
      "id": "P292",
      "properties": {
        "parcel_id": "P292",
        "survey_no": "491",
        "subdivision_no": "4",
        "full_survey": "491/4",
        "area": 1369.1,
        "land_use": "Residential"
      },
      "geometry": {
        "type": "Polygon",
        "coordinates": [
          [
            [
              73.74252159651464,
              18.595891637638296
            ],
            [
              73.74270308092899,
              18.595862032310748
            ],
            [
              73.74288506423618,
              18.59588921222773
            ],
            [
              73.74289563496042,
              18.59603325457247
            ],
            [
              73.7428807927579,
              18.596187274570205
            ],
            [
              73.7425211056592,
              18.59620164636743
            ],
            [
              73.74252159651464,
              18.595891637638296
            ]
          ]
        ]
      }
    },
    {
      "type": "Feature",
      "id": "P293",
      "properties": {
        "parcel_id": "P293",
        "survey_no": "492",
        "subdivision_no": "1",
        "full_survey": "492/1",
        "area": 1270.4,
        "land_use": "Residential"
      },
      "geometry": {
        "type": "Polygon",
        "coordinates": [
          [
            [
              73.74295229087203,
              18.595887256566808
            ],
            [
              73.74311906428142,
              18.595892178349754
            ],
            [
              73.74330369614626,
              18.595887399444944
            ],
            [
              73.74329560947413,
              18.596045646164637
            ],
            [
              73.74330404834303,
              18.596187092249508
            ],
            [
              73.74293759251329,
              18.596204272856877
            ],
            [
              73.74295229087203,
              18.595887256566808
            ]
          ]
        ]
      }
    },
    {
      "type": "Feature",
      "id": "P294",
      "properties": {
        "parcel_id": "P294",
        "survey_no": "493",
        "subdivision_no": "2",
        "full_survey": "493/2",
        "area": 1328.9,
        "land_use": "Mixed Use"
      },
      "geometry": {
        "type": "Polygon",
        "coordinates": [
          [
            [
              73.74336764472181,
              18.595889302507132
            ],
            [
              73.74355012616937,
              18.595867366720025
            ],
            [
              73.74372769896257,
              18.595892051535895
            ],
            [
              73.74371303183779,
              18.596045764390993
            ],
            [
              73.74374135437905,
              18.596185124598975
            ],
            [
              73.74336869389754,
              18.59621006057332
            ],
            [
              73.74336764472181,
              18.595889302507132
            ]
          ]
        ]
      }
    },
    {
      "type": "Feature",
      "id": "P295",
      "properties": {
        "parcel_id": "P295",
        "survey_no": "494",
        "subdivision_no": "3",
        "full_survey": "494/3",
        "area": 1324.1,
        "land_use": "Residential"
      },
      "geometry": {
        "type": "Polygon",
        "coordinates": [
          [
            [
              73.74379643970789,
              18.595893129418137
            ],
            [
              73.7439841407993,
              18.595881821893638
            ],
            [
              73.74416234805355,
              18.595890402568433
            ],
            [
              73.74414772580535,
              18.596037583075645
            ],
            [
              73.74415385583434,
              18.596194056832747
            ],
            [
              73.74379525456787,
              18.59621303603617
            ],
            [
              73.74379643970789,
              18.595893129418137
            ]
          ]
        ]
      }
    },
    {
      "type": "Feature",
      "id": "P296",
      "properties": {
        "parcel_id": "P296",
        "survey_no": "495",
        "subdivision_no": "4",
        "full_survey": "495/4",
        "area": 1403.2,
        "land_use": "Mixed Use"
      },
      "geometry": {
        "type": "Polygon",
        "coordinates": [
          [
            [
              73.74422181687648,
              18.59587931164927
            ],
            [
              73.74441580401421,
              18.595857326677503
            ],
            [
              73.74458408084044,
              18.595888793074018
            ],
            [
              73.74460216420029,
              18.596044247864775
            ],
            [
              73.74458339296895,
              18.59619719096029
            ],
            [
              73.74422387192558,
              18.596192309239655
            ],
            [
              73.74422181687648,
              18.59587931164927
            ]
          ]
        ]
      }
    },
    {
      "type": "Feature",
      "id": "P297",
      "properties": {
        "parcel_id": "P297",
        "survey_no": "496",
        "subdivision_no": "1",
        "full_survey": "496/1",
        "area": 1362.1,
        "land_use": "Commercial"
      },
      "geometry": {
        "type": "Polygon",
        "coordinates": [
          [
            [
              73.74465831435307,
              18.595883632441467
            ],
            [
              73.74483110392029,
              18.595880436929413
            ],
            [
              73.74501493444009,
              18.595882153115568
            ],
            [
              73.74504187018401,
              18.59603658699484
            ],
            [
              73.74501506217105,
              18.596193501776337
            ],
            [
              73.74464629703927,
              18.59618837439634
            ],
            [
              73.74465831435307,
              18.595883632441467
            ]
          ]
        ]
      }
    },
    {
      "type": "Feature",
      "id": "P298",
      "properties": {
        "parcel_id": "P298",
        "survey_no": "497",
        "subdivision_no": "2",
        "full_survey": "497/2",
        "area": 1352.4,
        "land_use": "Mixed Use"
      },
      "geometry": {
        "type": "Polygon",
        "coordinates": [
          [
            [
              73.74507462207718,
              18.595878864556237
            ],
            [
              73.74526861159069,
              18.59588245011911
            ],
            [
              73.745446107287,
              18.595883790910303
            ],
            [
              73.74545955251718,
              18.596044018840676
            ],
            [
              73.74544043833787,
              18.59618704144255
            ],
            [
              73.74508707620265,
              18.596200359932254
            ],
            [
              73.74507462207718,
              18.595878864556237
            ]
          ]
        ]
      }
    },
    {
      "type": "Feature",
      "id": "P299",
      "properties": {
        "parcel_id": "P299",
        "survey_no": "498",
        "subdivision_no": "3",
        "full_survey": "498/3",
        "area": 1274.7,
        "land_use": "Agricultural"
      },
      "geometry": {
        "type": "Polygon",
        "coordinates": [
          [
            [
              73.74551501884014,
              18.595881774046823
            ],
            [
              73.74569849486282,
              18.595902568011365
            ],
            [
              73.74586185814574,
              18.595885930089935
            ],
            [
              73.74588590455684,
              18.596040631476434
            ],
            [
              73.74586132313053,
              18.59619938729256
            ],
            [
              73.74551195278974,
              18.596190535798158
            ],
            [
              73.74551501884014,
              18.595881774046823
            ]
          ]
        ]
      }
    },
    {
      "type": "Feature",
      "id": "P300",
      "properties": {
        "parcel_id": "P300",
        "survey_no": "499",
        "subdivision_no": "4",
        "full_survey": "499/4",
        "area": 1209.4,
        "land_use": "Institutional"
      },
      "geometry": {
        "type": "Polygon",
        "coordinates": [
          [
            [
              73.74593792963229,
              18.595881878333994
            ],
            [
              73.74611746387315,
              18.595902583775832
            ],
            [
              73.74629186804832,
              18.595888762188164
            ],
            [
              73.74628978312452,
              18.59604196168541
            ],
            [
              73.74629802058944,
              18.596188199951705
            ],
            [
              73.74593775308986,
              18.59618262290647
            ],
            [
              73.74593792963229,
              18.595881878333994
            ]
          ]
        ]
      }
    }
  ]
}